Workload_ID,    App_ID,SubmitTime,ResponseTime,
Workload_ID,    App_ID,SubmitTime,Tr:StartTime,Tr:EndTime,Tr:NetworkTime,   Tr:Size,Tr:Channel,Pr:StartTime,Pr:EndTime,Pr:CPUTime,   Pr:Size,ResponseTime,
 0, 0, 0, 0, 1.367, 1.367, 16384, 0, 1.367, 1.367, 0, 2487,TimeOut
 1, 0, 1, 1, 2.477, 1.477, 13312, 0, 2.477, 2.477, 0, 2087,TimeOut
 2, 0, 2, 2, 3.757, 1.757, 15360, 0, 3.757, 3.757, 0, 2297,TimeOut
 3, 0, 3, 3, 5.122, 2.122, 16384, 0, 5.122, 5.122, 0, 2434,TimeOut
 4, 0, 37, 37, 38.197, 1.197, 14336, 0, 38.197, 38.197, 0, 2111,TimeOut
 5, 0, 38, 38, 39.306, 1.306, 13312, 0, 39.306, 39.306, 0, 1956,TimeOut
 6, 0, 46, 46, 47.026, 1.026, 12288, 0, 47.026, 47.026, 0, 1870,TimeOut
 7, 0, 63, 63, 64.197, 1.197, 14336, 0, 64.197, 64.197, 0, 2226,TimeOut
 8, 0, 64, 64, 65.391, 1.391, 14336, 0, 65.391, 65.391, 0, 2153,TimeOut
 9, 0, 65, 65, 66.586, 1.586, 14336, 0, 66.586, 66.586, 0, 2167,TimeOut
 10, 0, 105, 105, 105.941, 0.941, 11264, 0, 105.941, 105.941, 0, 1710,TimeOut
 11, 0, 106, 106, 107.026, 1.026, 12288, 0, 107.026, 107.026, 0, 1905,TimeOut
 12, 0, 107, 107, 108.05, 1.05, 12288, 0, 108.05, 108.05, 0, 1931,TimeOut
 13, 0, 108, 108, 109.159, 1.159, 13312, 0, 109.159, 109.159, 0, 1996,TimeOut
 14, 0, 199, 199, 200.282, 1.282, 15360, 0, 200.282, 200.282, 0, 2313,TimeOut
 15, 0, 200, 200, 201.477, 1.477, 14336, 0, 201.477, 201.477, 0, 2145,TimeOut
 16, 0, 218, 218, 219.111, 1.111, 13312, 0, 219.111, 219.111, 0, 2015,TimeOut
 17, 0, 219, 219, 220.477, 1.477, 16384, 0, 220.477, 220.477, 0, 2400,TimeOut
 18, 0, 220, 220, 221.586, 1.586, 13312, 0, 221.586, 221.586, 0, 1962,TimeOut
 19, 0, 224, 224, 225.026, 1.026, 12288, 0, 225.026, 225.026, 0, 1885,TimeOut
 20, 0, 495, 495, 495.941, 0.941, 11264, 0, 495.941, 495.941, 0, 1790,TimeOut
 21, 0, 496, 496, 497.026, 1.026, 12288, 0, 497.026, 497.026, 0, 1835,TimeOut
 22, 0, 502, 502, 503.367, 1.367, 16384, 0, 503.367, 503.367, 0, 2475,TimeOut
 23, 0, 848, 848, 849.197, 1.197, 14336, 0, 849.197, 849.197, 0, 2203,TimeOut
 24, 0, 849, 849, 850.477, 1.477, 15360, 0, 850.477, 850.477, 0, 2306,TimeOut
 25, 0, 853, 853, 853.941, 0.941, 11264, 0, 853.941, 853.941, 0, 1712,TimeOut
 26, 0, 861, 861, 862.197, 1.197, 14336, 0, 862.197, 862.197, 0, 2214,TimeOut
