e9,5.0,0.09799805555555556
e8,5.0,0.0
e7,5.0,0.0
e6,5.0,0.0
e5,5.0,0.0
e4,5.0,0.0
e3,5.0,0.0
e2,5.0,0.0
e1,5.0,0.0
e0,5.0,0.0
c,5.0,0.0
e9,2390.0,46.83875
e8,2390.0,0.0
e7,2390.0,0.0
e6,2390.0,0.0
e5,2390.0,0.0
e4,2390.0,0.0
e3,2390.0,0.0
e2,2390.0,0.0
e1,2390.0,0.0
e0,2390.0,0.0
c,2390.0,0.0
e9,2395.0,0.09661194444444021
e8,2395.0,0.0
e7,2395.0,0.0
e6,2395.0,0.0
e5,2395.0,0.0
e4,2395.0,0.0
e3,2395.0,0.0
e2,2395.0,0.0
e1,2395.0,0.0
e0,2395.0,0.0
c,2395.0,0.0
e9,2423.0,0.5421111111111117
e8,2423.0,0.0
e7,2423.0,0.0
e6,2423.0,0.0
e5,2423.0,0.0
e4,2423.0,0.0
e3,2423.0,0.0
e2,2423.0,0.0
e1,2423.0,0.0
e0,2423.0,0.0
c,2423.0,0.0
e9,2428.0,0.09661194444444021
e8,2428.0,0.0
e7,2428.0,0.0
e6,2428.0,0.0
e5,2428.0,0.0
e4,2428.0,0.0
e3,2428.0,0.0
e2,2428.0,0.0
e1,2428.0,0.0
e0,2428.0,0.0
c,2428.0,0.0
e9,3585.0,22.40080555555555
e8,3585.0,0.0
e7,3585.0,0.0
e6,3585.0,0.0
e5,3585.0,0.0
e4,3585.0,0.0
e3,3585.0,0.0
e2,3585.0,0.0
e1,3585.0,0.0
e0,3585.0,0.0
c,3585.0,0.0
e9,3590.0,0.0
e8,3590.0,0.09661194444444023
e7,3590.0,0.0
e6,3590.0,0.0
e5,3590.0,0.0
e4,3590.0,0.0
e3,3590.0,0.0
e2,3590.0,0.0
e1,3590.0,0.0
e0,3590.0,0.0
c,3590.0,0.0
e9,5260.0,0.0
e8,5260.0,32.33305555555555
e7,5260.0,0.0
e6,5260.0,0.0
e5,5260.0,0.0
e4,5260.0,0.0
e3,5260.0,0.0
e2,5260.0,0.0
e1,5260.0,0.0
e0,5260.0,0.0
c,5260.0,0.0
e9,5265.0,0.0
e8,5265.0,0.09522583333333046
e7,5265.0,0.0
e6,5265.0,0.0
e5,5265.0,0.0
e4,5265.0,0.0
e3,5265.0,0.0
e2,5265.0,0.0
e1,5265.0,0.0
e0,5265.0,0.0
c,5265.0,0.0
e9,5965.0,0.0
e8,5965.0,13.358333333333334
e7,5965.0,0.0
e6,5965.0,0.0
e5,5965.0,0.0
e4,5965.0,0.0
e3,5965.0,0.0
e2,5965.0,0.0
e1,5965.0,0.0
e0,5965.0,0.0
c,5965.0,0.0
e9,5970.0,0.0
e8,5970.0,0.09799805555554997
e7,5970.0,0.0
e6,5970.0,0.0
e5,5970.0,0.0
e4,5970.0,0.0
e3,5970.0,0.0
e2,5970.0,0.0
e1,5970.0,0.0
e0,5970.0,0.0
c,5970.0,0.0
e9,6719.0,0.0
e8,6719.0,14.70952777777778
e7,6719.0,0.0
e6,6719.0,0.0
e5,6719.0,0.0
e4,6719.0,0.0
e3,6719.0,0.0
e2,6719.0,0.0
e1,6719.0,0.0
e0,6719.0,0.0
c,6719.0,0.0
e9,6724.0,0.0
e8,6724.0,0.09522583333333046
e7,6724.0,0.09522583333332918
e6,6724.0,0.0
e5,6724.0,0.0
e4,6724.0,0.0
e3,6724.0,0.0
e2,6724.0,0.0
e1,6724.0,0.0
e0,6724.0,0.0
c,6724.0,0.09522583333332918
e9,6919.0,0.0
e8,6919.0,3.7212499999999977
e7,6919.0,3.72125
e6,6919.0,0.0
e5,6919.0,0.0
e4,6919.0,0.0
e3,6919.0,0.0
e2,6919.0,0.0
e1,6919.0,0.0
e0,6919.0,0.0
c,6919.0,3.72125
e9,6924.0,0.0
e8,6924.0,0.0
e7,6924.0,0.09661194444444021
e6,6924.0,0.0
e5,6924.0,0.0
e4,6924.0,0.0
e3,6924.0,0.0
e2,6924.0,0.0
e1,6924.0,0.0
e0,6924.0,0.0
c,6924.0,0.0
e9,8677.0,0.0
e8,8677.0,0.0
e7,8677.0,33.94002777777778
e6,8677.0,0.0
e5,8677.0,0.0
e4,8677.0,0.0
e3,8677.0,0.0
e2,8677.0,0.0
e1,8677.0,0.0
e0,8677.0,0.0
c,8677.0,0.0
e9,8682.0,0.0
e8,8682.0,0.0
e7,8682.0,0.09799805555554997
e6,8682.0,0.0
e5,8682.0,0.0
e4,8682.0,0.0
e3,8682.0,0.0
e2,8682.0,0.0
e1,8682.0,0.0
e0,8682.0,0.0
c,8682.0,0.0
e9,9417.0,0.0
e8,9417.0,0.0
e7,9417.0,14.434583333333336
e6,9417.0,0.0
e5,9417.0,0.0
e4,9417.0,0.0
e3,9417.0,0.0
e2,9417.0,0.0
e1,9417.0,0.0
e0,9417.0,0.0
c,9417.0,0.0
e9,9422.0,0.0
e8,9422.0,0.0
e7,9422.0,0.09522583333333046
e6,9422.0,0.09661194444444023
e5,9422.0,0.0
e4,9422.0,0.0
e3,9422.0,0.0
e2,9422.0,0.0
e1,9422.0,0.0
e0,9422.0,0.0
c,9422.0,0.09522583333332912
e9,16997.0,0.0
e8,16997.0,0.0
e7,16997.0,144.55624999999998
e6,16997.0,146.66041666666666
e5,16997.0,0.0
e4,16997.0,0.0
e3,16997.0,0.0
e2,16997.0,0.0
e1,16997.0,0.0
e0,16997.0,0.0
c,16997.0,144.55625
e9,17002.0,0.0
e8,17002.0,0.0
e7,17002.0,0.0
e6,17002.0,0.09661194444447574
e5,17002.0,0.0
e4,17002.0,0.0
e3,17002.0,0.0
e2,17002.0,0.0
e1,17002.0,0.0
e0,17002.0,0.0
c,17002.0,0.0
e9,17355.0,0.0
e8,17355.0,0.0
e7,17355.0,0.0
e6,17355.0,6.834472222222217
e5,17355.0,0.0
e4,17355.0,0.0
e3,17355.0,0.0
e2,17355.0,0.0
e1,17355.0,0.0
e0,17355.0,0.0
c,17355.0,0.0
e9,17360.0,0.0
e8,17360.0,0.0
e7,17360.0,0.0
e6,17360.0,0.0
e5,17360.0,0.0
e4,17360.0,0.0
e3,17360.0,0.0
e2,17360.0,0.0
e1,17360.0,0.0
e0,17360.0,0.0
c,17360.0,0.0
e9,18856.0,0.0
e8,18856.0,0.0
e7,18856.0,0.0
e6,18856.0,0.0
e5,18856.0,0.0
e4,18856.0,0.0
e3,18856.0,0.0
e2,18856.0,0.0
e1,18856.0,0.0
e0,18856.0,0.0
c,18856.0,0.0
e9,21246.0,46.9367480555556
e8,21246.0,0.0
e7,21246.0,0.0
e6,21246.0,45.608975833333375
e5,21246.0,0.0
e4,21246.0,0.0
e3,21246.0,0.0
e2,21246.0,0.0
e1,21246.0,0.0
e0,21246.0,0.0
c,21246.0,45.608975833333375
e9,21251.0,0.0
e8,21251.0,0.0
e7,21251.0,0.0
e6,21251.0,0.0979980555555926
e5,21251.0,0.09522583333336389
e4,21251.0,0.0
e3,21251.0,0.0
e2,21251.0,0.0
e1,21251.0,0.0
e0,21251.0,0.0
c,21251.0,0.09522583333335888
e9,22198.0,0.0
e8,22198.0,0.0
e7,22198.0,0.0
e6,22198.0,18.598027777777787
e5,22198.0,18.071916666666667
e4,22198.0,0.0
e3,22198.0,0.0
e2,22198.0,0.0
e1,22198.0,0.0
e0,22198.0,0.0
c,22198.0,18.07191666666668
e9,22203.0,0.0
e8,22203.0,0.0
e7,22203.0,0.0
e6,22203.0,0.0
e5,22203.0,0.0
e4,22203.0,0.0
e3,22203.0,0.0
e2,22203.0,0.0
e1,22203.0,0.0
e0,22203.0,0.0
c,22203.0,0.0
e9,22352.0,0.0
e8,22352.0,0.0
e7,22352.0,0.0
e6,22352.0,0.0
e5,22352.0,0.0
e4,22352.0,0.0
e3,22352.0,0.0
e2,22352.0,0.0
e1,22352.0,0.0
e0,22352.0,0.0
c,22352.0,0.0
e9,22660.0,0.0
e8,22660.0,5.877475833333364
e7,22660.0,0.0
e6,22660.0,0.0
e5,22660.0,6.04858138888892
e4,22660.0,0.0
e3,22660.0,0.0
e2,22660.0,0.0
e1,22660.0,0.0
e0,22660.0,0.0
c,22660.0,5.877475833333364
e9,22665.0,0.0
e8,22665.0,0.0
e7,22665.0,0.0
e6,22665.0,0.0
e5,22665.0,0.0979980555555855
e4,22665.0,0.0
e3,22665.0,0.0
e2,22665.0,0.0
e1,22665.0,0.0
e0,22665.0,0.0
c,22665.0,0.0
e9,22970.0,0.0
e8,22970.0,0.0
e7,22970.0,0.0
e6,22970.0,0.0
e5,22970.0,5.989861111111111
e4,22970.0,0.0
e3,22970.0,0.0
e2,22970.0,0.0
e1,22970.0,0.0
e0,22970.0,0.0
c,22970.0,0.0
e9,22975.0,0.0
e8,22975.0,0.0
e7,22975.0,0.0
e6,22975.0,0.0
e5,22975.0,0.09661194444447574
e4,22975.0,0.09522583333336389
e3,22975.0,0.0
e2,22975.0,0.0
e1,22975.0,0.0
e0,22975.0,0.0
c,22975.0,0.09522583333335888
e9,23534.0,0.0
e8,23534.0,0.0
e7,23534.0,0.0
e6,23534.0,0.0
e5,23534.0,10.822861111111113
e4,23534.0,10.667583333333335
e3,23534.0,0.0
e2,23534.0,0.0
e1,23534.0,0.0
e0,23534.0,0.0
c,23534.0,10.66758333333334
e9,23539.0,0.0
e8,23539.0,0.0
e7,23539.0,0.0
e6,23539.0,0.0
e5,23539.0,0.0
e4,23539.0,0.09661194444447574
e3,23539.0,0.0
e2,23539.0,0.0
e1,23539.0,0.0
e0,23539.0,0.0
c,23539.0,0.0
e9,25458.0,0.0
e8,25458.0,0.0
e7,25458.0,0.0
e6,25458.0,0.0
e5,25458.0,0.0
e4,25458.0,37.15397222222223
e3,25458.0,0.0
e2,25458.0,0.0
e1,25458.0,0.0
e0,25458.0,0.0
c,25458.0,0.0
e9,25463.0,0.0
e8,25463.0,0.0
e7,25463.0,0.0
e6,25463.0,0.0
e5,25463.0,0.0
e4,25463.0,0.09661194444447574
e3,25463.0,0.0
e2,25463.0,0.0
e1,25463.0,0.0
e0,25463.0,0.0
c,25463.0,0.0
e9,26085.0,0.0
e8,26085.0,0.0
e7,26085.0,0.0
e6,26085.0,0.0
e5,26085.0,0.0
e4,26085.0,12.042611111111114
e3,26085.0,0.0
e2,26085.0,0.0
e1,26085.0,0.0
e0,26085.0,0.0
c,26085.0,0.0
e9,26090.0,0.0
e8,26090.0,0.0
e7,26090.0,0.0
e6,26090.0,0.0
e5,26090.0,0.0
e4,26090.0,0.0
e3,26090.0,0.0
e2,26090.0,0.0
e1,26090.0,0.0
e0,26090.0,0.0
c,26090.0,0.0
e9,26195.0,0.0
e8,26195.0,0.0
e7,26195.0,0.0
e6,26195.0,0.0
e5,26195.0,0.0
e4,26195.0,0.0
e3,26195.0,0.0
e2,26195.0,0.0
e1,26195.0,0.0
e0,26195.0,0.0
c,26195.0,0.0
e9,26302.0,0.0
e8,26302.0,0.0
e7,26302.0,0.0
e6,26302.0,0.0
e5,26302.0,0.0
e4,26302.0,0.0
e3,26302.0,0.0
e2,26302.0,0.0
e1,26302.0,0.0
e0,26302.0,0.0
c,26302.0,0.0
e9,28650.0,0.0
e8,28650.0,0.0
e7,28650.0,46.11191472222225
e6,28650.0,0.0
e5,28650.0,0.0
e4,28650.0,0.0
e3,28650.0,0.0
e2,28650.0,0.0
e1,28650.0,0.0
e0,28650.0,0.0
c,28650.0,0.0
e9,28655.0,0.0
e8,28655.0,0.0
e7,28655.0,0.0
e6,28655.0,0.0
e5,28655.0,0.0
e4,28655.0,0.09522583333336598
e3,28655.0,0.0
e2,28655.0,0.0
e1,28655.0,0.0
e0,28655.0,0.0
c,28655.0,0.0
e9,29084.0,0.0
e8,29084.0,0.0
e7,29084.0,0.0
e6,29084.0,0.0
e5,29084.0,0.0
e4,29084.0,8.186750000000004
e3,29084.0,0.0
e2,29084.0,0.0
e1,29084.0,0.0
e0,29084.0,0.0
c,29084.0,0.0
e9,29089.0,0.0
e8,29089.0,0.0
e7,29089.0,0.0
e6,29089.0,0.0
e5,29089.0,0.0
e4,29089.0,0.0
e3,29089.0,0.0
e2,29089.0,0.0
e1,29089.0,0.0
e0,29089.0,0.0
c,29089.0,0.0
e9,29987.0,0.0
e8,29987.0,0.0
e7,29987.0,0.0
e6,29987.0,0.0
e5,29987.0,0.0
e4,29987.0,0.0
e3,29987.0,0.0
e2,29987.0,0.0
e1,29987.0,0.0
e0,29987.0,0.0
c,29987.0,0.0
e9,30347.0,6.869809166666698
e8,30347.0,0.0
e7,30347.0,0.0
e6,30347.0,0.0
e5,30347.0,0.0
e4,30347.0,0.0
e3,30347.0,0.0
e2,30347.0,0.0
e1,30347.0,0.0
e0,30347.0,0.0
c,30347.0,0.0
e9,30352.0,0.0
e8,30352.0,0.0
e7,30352.0,0.0
e6,30352.0,0.0
e5,30352.0,0.0
e4,30352.0,0.0
e3,30352.0,0.0
e2,30352.0,0.0
e1,30352.0,0.0
e0,30352.0,0.0
c,30352.0,0.0
e9,32174.0,0.0
e8,32174.0,0.0
e7,32174.0,0.0
e6,32174.0,0.0
e5,32174.0,0.0
e4,32174.0,0.0
e3,32174.0,0.0
e2,32174.0,0.0
e1,32174.0,0.0
e0,32174.0,0.0
c,32174.0,0.0
e9,34592.0,0.0
e8,34592.0,0.0
e7,34592.0,0.0
e6,34592.0,0.0
e5,34592.0,0.0
e4,34592.0,0.0
e3,34592.0,0.0
e2,34592.0,0.0
e1,34592.0,0.0
e0,34592.0,0.0
c,34592.0,0.0
e9,35173.0,11.40999805555552
e8,35173.0,0.0
e7,35173.0,0.0
e6,35173.0,0.0
e5,35173.0,0.0
e4,35173.0,0.0
e3,35173.0,0.0
e2,35173.0,0.0
e1,35173.0,0.0
e0,35173.0,0.0
c,35173.0,0.0
e9,35178.0,0.0
e8,35178.0,0.0
e7,35178.0,0.0966119444444189
e6,35178.0,0.0
e5,35178.0,0.0
e4,35178.0,0.0
e3,35178.0,0.0
e2,35178.0,0.0
e1,35178.0,0.0
e0,35178.0,0.0
c,35178.0,0.0
e9,36250.0,0.0
e8,36250.0,0.0
e7,36250.0,20.75511111111109
e6,36250.0,0.0
e5,36250.0,0.0
e4,36250.0,0.0
e3,36250.0,0.0
e2,36250.0,0.0
e1,36250.0,0.0
e0,36250.0,0.0
c,36250.0,0.0
e9,36255.0,0.0
e8,36255.0,0.0
e7,36255.0,0.0
e6,36255.0,0.0
e5,36255.0,0.0
e4,36255.0,0.0
e3,36255.0,0.0
e2,36255.0,0.0
e1,36255.0,0.0
e0,36255.0,0.0
c,36255.0,0.0
e9,37477.0,0.0
e8,37477.0,0.0
e7,37477.0,0.0
e6,37477.0,0.0
e5,37477.0,0.0
e4,37477.0,0.0
e3,37477.0,0.0
e2,37477.0,0.0
e1,37477.0,0.0
e0,37477.0,0.0
c,37477.0,0.0
e9,37495.0,0.0
e8,37495.0,0.0
e7,37495.0,0.3433091666666428
e6,37495.0,0.0
e5,37495.0,0.0
e4,37495.0,0.0
e3,37495.0,0.0
e2,37495.0,0.0
e1,37495.0,0.0
e0,37495.0,0.0
c,37495.0,0.0
e9,37500.0,0.0
e8,37500.0,0.0
e7,37500.0,0.0
e6,37500.0,0.0
e5,37500.0,0.0
e4,37500.0,0.0
e3,37500.0,0.0
e2,37500.0,0.0
e1,37500.0,0.0
e0,37500.0,0.0
c,37500.0,0.0
e9,39915.0,0.0
e8,39915.0,0.0
e7,39915.0,0.0
e6,39915.0,0.0
e5,39915.0,0.0
e4,39915.0,0.0
e3,39915.0,0.0
e2,39915.0,0.0
e1,39915.0,0.0
e0,39915.0,0.0
c,39915.0,0.0
e9,40388.0,0.0
e8,40388.0,0.0
e7,40388.0,0.0
e6,40388.0,0.0
e5,40388.0,0.0
e4,40388.0,0.0
e3,40388.0,0.0
e2,40388.0,0.0
e1,40388.0,0.0
e0,40388.0,0.0
c,40388.0,0.0
e9,42047.0,0.0
e8,42047.0,31.659059166666637
e7,42047.0,0.0
e6,42047.0,0.0
e5,42047.0,0.0
e4,42047.0,0.0
e3,42047.0,0.0
e2,42047.0,0.0
e1,42047.0,0.0
e0,42047.0,0.0
c,42047.0,0.0
e9,42052.0,0.0
e8,42052.0,0.0
e7,42052.0,0.0
e6,42052.0,0.09799805555550734
e5,42052.0,0.09522583333329493
e4,42052.0,0.0
e3,42052.0,0.0
e2,42052.0,0.0
e1,42052.0,0.0
e0,42052.0,0.0
c,42052.0,0.09522583333330203
e9,44155.0,0.0
e8,44155.0,0.0
e7,44155.0,0.0
e6,44155.0,41.30058333333335
e5,44155.0,40.13224999999999
e4,44155.0,0.0
e3,44155.0,0.0
e2,44155.0,0.0
e1,44155.0,0.0
e0,44155.0,0.0
c,44155.0,40.13225
e9,44160.0,0.0
e8,44160.0,0.0
e7,44160.0,0.0
e6,44160.0,0.0
e5,44160.0,0.09522583333328782
e4,44160.0,0.09799805555552155
e3,44160.0,0.0
e2,44160.0,0.0
e1,44160.0,0.0
e0,44160.0,0.0
c,44160.0,0.09522583333330203
e9,44232.0,0.0
e8,44232.0,0.0
e7,44232.0,0.0
e6,44232.0,0.0
e5,44232.0,1.3739999999999952
e4,44232.0,1.4140000000000015
e3,44232.0,0.0
e2,44232.0,0.0
e1,44232.0,0.0
e0,44232.0,0.0
c,44232.0,1.3740000000000236
e9,44237.0,0.0
e8,44237.0,0.0
e7,44237.0,0.0
e6,44237.0,0.0
e5,44237.0,0.0
e4,44237.0,0.0
e3,44237.0,0.0
e2,44237.0,0.0
e1,44237.0,0.0
e0,44237.0,0.0
c,44237.0,0.0
e9,45861.0,0.0
e8,45861.0,0.0
e7,45861.0,0.0
e6,45861.0,0.0
e5,45861.0,0.0
e4,45861.0,0.0
e3,45861.0,0.0
e2,45861.0,0.0
e1,45861.0,0.0
e0,45861.0,0.0
c,45861.0,0.0
e9,46280.0,0.0
e8,46280.0,0.0
e7,46280.0,0.0
e6,46280.0,0.0
e5,46280.0,0.0
e4,46280.0,0.0
e3,46280.0,0.0
e2,46280.0,0.0
e1,46280.0,0.0
e0,46280.0,0.0
c,46280.0,0.0
e9,46541.0,0.0
e8,46541.0,0.0
e7,46541.0,0.0
e6,46541.0,0.0
e5,46541.0,0.0
e4,46541.0,0.0
e3,46541.0,0.0
e2,46541.0,0.0
e1,46541.0,0.0
e0,46541.0,0.0
c,46541.0,0.0
e9,47814.0,0.0
e8,47814.0,0.0
e7,47814.0,0.0
e6,47814.0,0.0
e5,47814.0,0.0
e4,47814.0,0.0
e3,47814.0,0.0
e2,47814.0,0.0
e1,47814.0,0.0
e0,47814.0,0.0
c,47814.0,0.0
e9,48245.0,0.0
e8,48245.0,8.224725833333295
e7,48245.0,0.0
e6,48245.0,0.0
e5,48245.0,0.0
e4,48245.0,0.0
e3,48245.0,0.0
e2,48245.0,0.0
e1,48245.0,0.0
e0,48245.0,0.0
c,48245.0,0.0
e9,48250.0,0.0
e8,48250.0,0.09522583333328782
e7,48250.0,0.09522583333330203
e6,48250.0,0.0966119444444189
e5,48250.0,0.0
e4,48250.0,0.0
e3,48250.0,0.0
e2,48250.0,0.0
e1,48250.0,0.0
e0,48250.0,0.0
c,48250.0,0.0966119444444189
e9,49249.0,0.0
e8,49249.0,19.064250000000015
e7,49249.0,19.064250000000015
e6,49249.0,19.34174999999999
e5,49249.0,0.0
e4,49249.0,0.0
e3,49249.0,0.0
e2,49249.0,0.0
e1,49249.0,0.0
e0,49249.0,0.0
c,49249.0,19.34174999999999
e9,49254.0,0.0
e8,49254.0,0.0
e7,49254.0,0.0
e6,49254.0,0.0
e5,49254.0,0.0
e4,49254.0,0.0
e3,49254.0,0.0
e2,49254.0,0.0
e1,49254.0,0.0
e0,49254.0,0.0
c,49254.0,0.0
e9,49770.0,0.0
e8,49770.0,0.0
e7,49770.0,0.0
e6,49770.0,0.0
e5,49770.0,0.0
e4,49770.0,0.0
e3,49770.0,0.0
e2,49770.0,0.0
e1,49770.0,0.0
e0,49770.0,0.0
c,49770.0,0.0
e9,50839.0,20.399892499999964
e8,50839.0,0.0
e7,50839.0,0.0
e6,50839.0,0.0
e5,50839.0,0.0
e4,50839.0,0.0
e3,50839.0,0.0
e2,50839.0,0.0
e1,50839.0,0.0
e0,50839.0,0.0
c,50839.0,0.0
e9,50844.0,0.0
e8,50844.0,0.0
e7,50844.0,0.0
e6,50844.0,0.0
e5,50844.0,0.0
e4,50844.0,0.0
e3,50844.0,0.0
e2,50844.0,0.0
e1,50844.0,0.0
e0,50844.0,0.0
c,50844.0,0.0
e9,51520.0,0.0
e8,51520.0,0.0
e7,51520.0,0.0
e6,51520.0,0.0
e5,51520.0,0.0
e4,51520.0,0.0
e3,51520.0,0.0
e2,51520.0,0.0
e1,51520.0,0.0
e0,51520.0,0.0
c,51520.0,0.0
e9,52475.0,0.0
e8,52475.0,0.0
e7,52475.0,0.0
e6,52475.0,0.0
e5,52475.0,0.0
e4,52475.0,0.0
e3,52475.0,0.0
e2,52475.0,0.0
e1,52475.0,0.0
e0,52475.0,0.0
c,52475.0,0.0
e9,53229.0,0.0
e8,53229.0,0.0
e7,53229.0,0.0
e6,53229.0,0.0
e5,53229.0,0.0
e4,53229.0,0.0
e3,53229.0,0.0
e2,53229.0,0.0
e1,53229.0,0.0
e0,53229.0,0.0
c,53229.0,0.0
e9,56650.0,67.18444249999996
e8,56650.0,0.0
e7,56650.0,0.0
e6,56650.0,0.0
e5,56650.0,0.0
e4,56650.0,0.0
e3,56650.0,0.0
e2,56650.0,0.0
e1,56650.0,0.0
e0,56650.0,0.0
c,56650.0,0.0
e9,56655.0,0.0
e8,56655.0,0.0
e7,56655.0,0.0
e6,56655.0,0.0
e5,56655.0,0.0
e4,56655.0,0.0
e3,56655.0,0.0
e2,56655.0,0.0
e1,56655.0,0.0
e0,56655.0,0.0
c,56655.0,0.0
e9,57160.0,0.0
e8,57160.0,0.0
e7,57160.0,0.0
e6,57160.0,0.0
e5,57160.0,0.0
e4,57160.0,0.0
e3,57160.0,0.0
e2,57160.0,0.0
e1,57160.0,0.0
e0,57160.0,0.0
c,57160.0,0.0
e9,60059.0,0.0
e8,60059.0,55.32239249999998
e7,60059.0,56.93294249999997
e6,60059.0,0.0
e5,60059.0,0.0
e4,60059.0,0.0
e3,60059.0,0.0
e2,60059.0,0.0
e1,60059.0,0.0
e0,60059.0,0.0
c,60059.0,55.32239249999998
e9,60064.0,0.0
e8,60064.0,0.0
e7,60064.0,0.09522583333330203
e6,60064.0,0.0966119444444189
e5,60064.0,0.0
e4,60064.0,0.0
e3,60064.0,0.0
e2,60064.0,0.0
e1,60064.0,0.0
e0,60064.0,0.0
c,60064.0,0.09522583333330203
e9,60621.0,0.0
e8,60621.0,0.0
e7,60621.0,10.629416666666657
e6,60621.0,10.78413888888889
e5,60621.0,0.0
e4,60621.0,0.0
e3,60621.0,0.0
e2,60621.0,0.0
e1,60621.0,0.0
e0,60621.0,0.0
c,60621.0,10.629416666666657
e9,60626.0,0.0
e8,60626.0,0.0
e7,60626.0,0.0
e6,60626.0,0.09522583333330203
e5,60626.0,0.09799805555552155
e4,60626.0,0.0
e3,60626.0,0.0
e2,60626.0,0.0
e1,60626.0,0.0
e0,60626.0,0.0
c,60626.0,0.09522583333330203
e9,60767.0,0.0
e8,60767.0,0.0
e7,60767.0,0.0
e6,60767.0,2.69074999999998
e5,60767.0,2.7690833333333273
e4,60767.0,0.0
e3,60767.0,0.0
e2,60767.0,0.0
e1,60767.0,0.0
e0,60767.0,0.0
c,60767.0,2.69074999999998
e9,60772.0,0.0
e8,60772.0,0.0
e7,60772.0,0.0
e6,60772.0,0.0
e5,60772.0,0.0
e4,60772.0,0.09799805555552155
e3,60772.0,0.0
e2,60772.0,0.0
e1,60772.0,0.0
e0,60772.0,0.0
c,60772.0,0.0
e9,61109.0,0.0
e8,61109.0,0.0
e7,61109.0,0.0
e6,61109.0,0.0
e5,61109.0,0.0
e4,61109.0,6.618305555555551
e3,61109.0,0.0
e2,61109.0,0.0
e1,61109.0,0.0
e0,61109.0,0.0
c,61109.0,0.0
e9,61114.0,0.0
e8,61114.0,0.0
e7,61114.0,0.0
e6,61114.0,0.0
e5,61114.0,0.0
e4,61114.0,0.09522583333328782
e3,61114.0,0.0
e2,61114.0,0.0
e1,61114.0,0.0
e0,61114.0,0.0
c,61114.0,0.0
e9,61122.0,0.0
e8,61122.0,0.0
e7,61122.0,0.0
e6,61122.0,0.0
e5,61122.0,0.0
e4,61122.0,0.1526666666666614
e3,61122.0,0.0
e2,61122.0,0.0
e1,61122.0,0.0
e0,61122.0,0.0
c,61122.0,0.0
e9,61127.0,0.0
e8,61127.0,0.0
e7,61127.0,0.0
e6,61127.0,0.0
e5,61127.0,0.0
e4,61127.0,0.0
e3,61127.0,0.09522583333329446
e2,61127.0,0.0
e1,61127.0,0.0
e0,61127.0,0.0
c,61127.0,0.0
e9,61346.0,0.0
e8,61346.0,0.0
e7,61346.0,0.0
e6,61346.0,0.0
e5,61346.0,0.0
e4,61346.0,0.0
e3,61346.0,4.179250000000001
e2,61346.0,0.0
e1,61346.0,0.0
e0,61346.0,0.0
c,61346.0,0.0
e9,61351.0,0.0
e8,61351.0,0.0
e7,61351.0,0.0
e6,61351.0,0.0
e5,61351.0,0.0
e4,61351.0,0.0
e3,61351.0,0.09799805555551533
e2,61351.0,0.0
e1,61351.0,0.0
e0,61351.0,0.0
c,61351.0,0.0
e9,62486.0,0.0
e8,62486.0,0.0
e7,62486.0,0.0
e6,62486.0,0.0
e5,62486.0,0.0
e4,62486.0,0.0
e3,62486.0,22.29013888888889
e2,62486.0,0.0
e1,62486.0,0.0
e0,62486.0,0.0
c,62486.0,0.0
e9,62491.0,0.0
e8,62491.0,0.0
e7,62491.0,0.0
e6,62491.0,0.0
e5,62491.0,0.0
e4,62491.0,0.0
e3,62491.0,0.0
e2,62491.0,0.0
e1,62491.0,0.0
e0,62491.0,0.0
c,62491.0,0.0
e9,62582.0,0.0
e8,62582.0,0.0
e7,62582.0,0.0
e6,62582.0,0.0
e5,62582.0,0.0
e4,62582.0,0.0
e3,62582.0,0.0
e2,62582.0,0.0
e1,62582.0,0.0
e0,62582.0,0.0
c,62582.0,0.0
e9,62787.0,0.0
e8,62787.0,0.0
e7,62787.0,0.0
e6,62787.0,0.0
e5,62787.0,0.0
e4,62787.0,0.0
e3,62787.0,0.0
e2,62787.0,0.0
e1,62787.0,0.0
e0,62787.0,0.0
c,62787.0,0.0
e9,63644.0,0.0
e8,63644.0,0.0
e7,63644.0,0.0
e6,63644.0,0.0
e5,63644.0,0.0
e4,63644.0,0.0
e3,63644.0,0.0
e2,63644.0,0.0
e1,63644.0,0.0
e0,63644.0,0.0
c,63644.0,0.0
e9,64818.0,0.0
e8,64818.0,23.055859166666636
e7,64818.0,0.0
e6,64818.0,22.40364249999999
e5,64818.0,0.0
e4,64818.0,0.0
e3,64818.0,0.0
e2,64818.0,0.0
e1,64818.0,0.0
e0,64818.0,0.0
c,64818.0,22.40364249999999
e9,64823.0,0.0
e8,64823.0,0.0
e7,64823.0,0.0
e6,64823.0,0.0966119444444189
e5,64823.0,0.09522583333328782
e4,64823.0,0.0
e3,64823.0,0.0
e2,64823.0,0.0
e1,64823.0,0.0
e0,64823.0,0.0
c,64823.0,0.09522583333330203
e9,64886.0,0.0
e8,64886.0,0.0
e7,64886.0,0.0
e6,64886.0,1.2197499999999764
e5,64886.0,1.2022500000000065
e4,64886.0,0.0
e3,64886.0,0.0
e2,64886.0,0.0
e1,64886.0,0.0
e0,64886.0,0.0
c,64886.0,1.2022499999999923
e9,64891.0,0.0
e8,64891.0,0.0
e7,64891.0,0.0
e6,64891.0,0.0
e5,64891.0,0.0
e4,64891.0,0.0
e3,64891.0,0.0
e2,64891.0,0.0
e1,64891.0,0.0
e0,64891.0,0.0
c,64891.0,0.0
e9,65637.0,0.0
e8,65637.0,0.0
e7,65637.0,0.0
e6,65637.0,0.0
e5,65637.0,0.0
e4,65637.0,0.0
e3,65637.0,0.0
e2,65637.0,0.0
e1,65637.0,0.0
e0,65637.0,0.0
c,65637.0,0.0
e9,66884.0,0.0
e8,66884.0,0.0
e7,66884.0,23.796725833333426
e6,66884.0,0.0
e5,66884.0,0.0
e4,66884.0,0.0
e3,66884.0,0.0
e2,66884.0,0.0
e1,66884.0,0.0
e0,66884.0,0.0
c,66884.0,0.0
e9,66889.0,0.0
e8,66889.0,0.0
e7,66889.0,0.0
e6,66889.0,0.0
e5,66889.0,0.0
e4,66889.0,0.0
e3,66889.0,0.0
e2,66889.0,0.0
e1,66889.0,0.0
e0,66889.0,0.0
c,66889.0,0.0
e9,69706.0,0.0
e8,69706.0,0.0
e7,69706.0,0.0
e6,69706.0,0.0
e5,69706.0,0.0
e4,69706.0,0.0
e3,69706.0,0.0
e2,69706.0,0.0
e1,69706.0,0.0
e0,69706.0,0.0
c,69706.0,0.0
e9,70110.0,0.0
e8,70110.0,0.0
e7,70110.0,0.0
e6,70110.0,0.0
e5,70110.0,0.0
e4,70110.0,0.0
e3,70110.0,0.0
e2,70110.0,0.0
e1,70110.0,0.0
e0,70110.0,0.0
c,70110.0,0.0
e9,72652.0,49.21575083333343
e8,72652.0,48.509642500000126
e7,72652.0,0.0
e6,72652.0,0.0
e5,72652.0,0.0
e4,72652.0,0.0
e3,72652.0,0.0
e2,72652.0,0.0
e1,72652.0,0.0
e0,72652.0,0.0
c,72652.0,48.5096425000001
e9,72657.0,0.0
e8,72657.0,0.09522583333341572
e7,72657.0,0.09522583333341572
e6,72657.0,0.09522583333341572
e5,72657.0,0.0
e4,72657.0,0.0
e3,72657.0,0.0
e2,72657.0,0.0
e1,72657.0,0.0
e0,72657.0,0.0
c,72657.0,0.09661194444453258
e9,75184.0,0.0
e8,75184.0,48.22358333333335
e7,75184.0,48.22358333333335
e6,75184.0,48.22358333333335
e5,75184.0,0.0
e4,75184.0,0.0
e3,75184.0,0.0
e2,75184.0,0.0
e1,75184.0,0.0
e0,75184.0,0.0
c,75184.0,48.9255277777778
e9,75189.0,0.0
e8,75189.0,0.0
e7,75189.0,0.0
e6,75189.0,0.09522583333341572
e5,75189.0,0.0
e4,75189.0,0.0
e3,75189.0,0.0979980555556601
e2,75189.0,0.0
e1,75189.0,0.0
e0,75189.0,0.0
c,75189.0,0.09522583333341572
e9,75576.0,0.0
e8,75576.0,0.0
e7,75576.0,0.0
e6,75576.0,7.385249999999985
e5,75576.0,0.0
e4,75576.0,0.0
e3,75576.0,7.600250000000003
e2,75576.0,0.0
e1,75576.0,0.0
e0,75576.0,0.0
c,75576.0,7.385249999999985
e9,75581.0,0.0
e8,75581.0,0.0
e7,75581.0,0.0
e6,75581.0,0.0
e5,75581.0,0.0
e4,75581.0,0.0
e3,75581.0,0.09522583333342993
e2,75581.0,0.09661194444454588
e1,75581.0,0.0
e0,75581.0,0.0
c,75581.0,0.09522583333341572
e9,77303.0,0.0
e8,77303.0,0.0
e7,77303.0,0.0
e6,77303.0,0.0
e5,77303.0,0.0
e4,77303.0,0.0
e3,77303.0,32.86149999999999
e2,77303.0,33.33983333333334
e1,77303.0,0.0
e0,77303.0,0.0
c,77303.0,32.861500000000035
e9,77308.0,0.0
e8,77308.0,0.0
e7,77308.0,0.0
e6,77308.0,0.0
e5,77308.0,0.0
e4,77308.0,0.0
e3,77308.0,0.0
e2,77308.0,0.09522583333342993
e1,77308.0,0.0
e0,77308.0,0.0
c,77308.0,0.0
e9,78137.0,0.0
e8,78137.0,0.0
e7,78137.0,0.0
e6,78137.0,0.0
e5,78137.0,0.0
e4,78137.0,0.0
e3,78137.0,0.0
e2,78137.0,15.820083333333336
e1,78137.0,0.0
e0,78137.0,0.0
c,78137.0,0.0
e9,78142.0,0.0
e8,78142.0,0.0
e7,78142.0,0.0
e6,78142.0,0.0
e5,78142.0,0.0
e4,78142.0,0.0
e3,78142.0,0.0
e2,78142.0,0.0966119444445468
e1,78142.0,0.0
e0,78142.0,0.0
c,78142.0,0.0
e9,79194.0,0.0
e8,79194.0,0.0
e7,79194.0,0.0
e6,79194.0,0.0
e5,79194.0,0.0
e4,79194.0,0.0
e3,79194.0,0.0
e2,79194.0,20.367888888888885
e1,79194.0,0.0
e0,79194.0,0.0
c,79194.0,0.0
e9,79199.0,0.0
e8,79199.0,0.0
e7,79199.0,0.0
e6,79199.0,0.0
e5,79199.0,0.0
e4,79199.0,0.0
e3,79199.0,0.0
e2,79199.0,0.0
e1,79199.0,0.0
e0,79199.0,0.0
c,79199.0,0.0
e9,79207.0,0.0
e8,79207.0,0.0
e7,79207.0,0.0
e6,79207.0,0.0
e5,79207.0,0.0
e4,79207.0,0.0
e3,79207.0,0.0
e2,79207.0,0.0
e1,79207.0,0.0
e0,79207.0,0.0
c,79207.0,0.0
e9,79444.0,0.0
e8,79444.0,0.0
e7,79444.0,0.0
e6,79444.0,0.0
e5,79444.0,4.588389722222331
e4,79444.0,4.522559166666767
e3,79444.0,0.0
e2,79444.0,0.0
e1,79444.0,0.0
e0,79444.0,0.0
c,79444.0,4.522559166666724
e9,79449.0,0.0
e8,79449.0,0.0
e7,79449.0,0.0
e6,79449.0,0.0
e5,79449.0,0.0
e4,79449.0,0.0966119444445468
e3,79449.0,0.0
e2,79449.0,0.09522583333342993
e1,79449.0,0.0
e0,79449.0,0.0
c,79449.0,0.09522583333341572
e9,79888.0,0.0
e8,79888.0,0.0
e7,79888.0,0.0
e6,79888.0,0.0
e5,79888.0,0.0
e4,79888.0,8.499527777777786
e3,79888.0,0.0
e2,79888.0,8.377583333333334
e1,79888.0,0.0
e0,79888.0,0.0
c,79888.0,8.377583333333291
e9,79893.0,0.0
e8,79893.0,0.0
e7,79893.0,0.0
e6,79893.0,0.0
e5,79893.0,0.0
e4,79893.0,0.0
e3,79893.0,0.0
e2,79893.0,0.0
e1,79893.0,0.0
e0,79893.0,0.0
c,79893.0,0.0
e9,80215.0,0.0
e8,80215.0,0.0
e7,80215.0,0.0
e6,80215.0,0.0
e5,80215.0,0.0
e4,80215.0,0.0
e3,80215.0,0.0
e2,80215.0,0.0
e1,80215.0,0.0
e0,80215.0,0.0
c,80215.0,0.0
e9,81017.0,0.0
e8,81017.0,0.0
e7,81017.0,15.304642500000114
e6,81017.0,15.304642500000114
e5,81017.0,0.0
e4,81017.0,0.0
e3,81017.0,0.0
e2,81017.0,0.0
e1,81017.0,0.0
e0,81017.0,0.0
c,81017.0,15.304642500000114
e9,81022.0,0.0
e8,81022.0,0.0
e7,81022.0,0.0
e6,81022.0,0.0
e5,81022.0,0.0
e4,81022.0,0.0
e3,81022.0,0.0
e2,81022.0,0.0
e1,81022.0,0.0
e0,81022.0,0.0
c,81022.0,0.0
e9,81431.0,0.0
e8,81431.0,0.0
e7,81431.0,0.0
e6,81431.0,0.0
e5,81431.0,0.0
e4,81431.0,0.0
e3,81431.0,0.0
e2,81431.0,0.0
e1,81431.0,0.0
e0,81431.0,0.0
c,81431.0,0.0
e9,83944.0,0.0
e8,83944.0,0.0
e7,83944.0,0.0
e6,83944.0,0.0
e5,83944.0,0.0
e4,83944.0,0.0
e3,83944.0,0.0
e2,83944.0,0.0
e1,83944.0,0.0
e0,83944.0,0.0
c,83944.0,0.0
e9,84252.0,0.0
e8,84252.0,0.0
e7,84252.0,0.0
e6,84252.0,0.0
e5,84252.0,0.0
e4,84252.0,0.0
e3,84252.0,0.0
e2,84252.0,0.0
e1,84252.0,0.0
e0,84252.0,0.0
c,84252.0,0.0
e9,84314.0,1.2174147222223155
e8,84314.0,0.0
e7,84314.0,0.0
e6,84314.0,0.0
e5,84314.0,0.0
e4,84314.0,0.0
e3,84314.0,0.0
e2,84314.0,0.0
e1,84314.0,0.0
e0,84314.0,0.0
c,84314.0,0.0
e9,84319.0,0.09522583333341572
e8,84319.0,0.0
e7,84319.0,0.09799805555564944
e6,84319.0,0.0
e5,84319.0,0.0
e4,84319.0,0.0
e3,84319.0,0.0
e2,84319.0,0.0
e1,84319.0,0.0
e0,84319.0,0.0
c,84319.0,0.09522583333341572
e9,84682.0,6.927250000000015
e8,84682.0,0.0
e7,84682.0,7.128916666666669
e6,84682.0,0.0
e5,84682.0,0.0
e4,84682.0,0.0
e3,84682.0,0.0
e2,84682.0,0.0
e1,84682.0,0.0
e0,84682.0,0.0
c,84682.0,6.927249999999958
e9,84687.0,0.0
e8,84687.0,0.0
e7,84687.0,0.0
e6,84687.0,0.09522583333341572
e5,84687.0,0.0
e4,84687.0,0.0966119444445468
e3,84687.0,0.0
e2,84687.0,0.0
e1,84687.0,0.0
e0,84687.0,0.0
c,84687.0,0.09522583333341572
e9,85050.0,0.0
e8,85050.0,0.0
e7,85050.0,0.0
e6,85050.0,6.927250000000015
e5,85050.0,0.0
e4,85050.0,7.028083333333328
e3,85050.0,0.0
e2,85050.0,0.0
e1,85050.0,0.0
e0,85050.0,0.0
c,85050.0,6.927249999999958
e9,85055.0,0.0
e8,85055.0,0.0
e7,85055.0,0.0
e6,85055.0,0.0
e5,85055.0,0.0
e4,85055.0,0.0
e3,85055.0,0.0
e2,85055.0,0.0
e1,85055.0,0.0
e0,85055.0,0.0
c,85055.0,0.0
e9,88059.0,0.0
e8,88059.0,0.0
e7,88059.0,0.0
e6,88059.0,0.0
e5,88059.0,0.0
e4,88059.0,0.0
e3,88059.0,0.0
e2,88059.0,0.0
e1,88059.0,0.0
e0,88059.0,0.0
c,88059.0,0.0
e9,89685.0,0.0
e8,89685.0,0.0
e7,89685.0,31.93263694444454
e6,89685.0,0.0
e5,89685.0,0.0
e4,89685.0,0.0
e3,89685.0,0.0
e2,89685.0,31.029309166666764
e1,89685.0,0.0
e0,89685.0,0.0
c,89685.0,31.029309166666735
e9,89690.0,0.0
e8,89690.0,0.0
e7,89690.0,0.0
e6,89690.0,0.0
e5,89690.0,0.0
e4,89690.0,0.0
e3,89690.0,0.0
e2,89690.0,0.0
e1,89690.0,0.09799805555565845
e0,89690.0,0.0
c,89690.0,0.0
e9,89935.0,0.0
e8,89935.0,0.0
e7,89935.0,0.0
e6,89935.0,0.0
e5,89935.0,0.0
e4,89935.0,0.0
e3,89935.0,0.0
e2,89935.0,0.0
e1,89935.0,4.811527777777778
e0,89935.0,0.0
c,89935.0,0.0
e9,89940.0,0.0
e8,89940.0,0.0
e7,89940.0,0.0
e6,89940.0,0.0
e5,89940.0,0.0
e4,89940.0,0.0
e3,89940.0,0.0
e2,89940.0,0.0
e1,89940.0,0.09799805555565833
e0,89940.0,0.0
c,89940.0,0.0
e9,90180.0,0.0
e8,90180.0,0.0
e7,90180.0,0.0
e6,90180.0,0.0
e5,90180.0,0.0
e4,90180.0,0.0
e3,90180.0,0.0
e2,90180.0,0.0
e1,90180.0,4.713333333333333
e0,90180.0,0.0
c,90180.0,0.0
e9,90185.0,0.0
e8,90185.0,0.0
e7,90185.0,0.0
e6,90185.0,0.0
e5,90185.0,0.0
e4,90185.0,0.0
e3,90185.0,0.0
e2,90185.0,0.0
e1,90185.0,0.09522583333343348
e0,90185.0,0.09799805555565845
c,90185.0,0.09522583333341572
e9,91557.0,0.0
e8,91557.0,0.0
e7,91557.0,0.0
e6,91557.0,0.0
e5,91557.0,0.0
e4,91557.0,0.0
e3,91557.0,0.0
e2,91557.0,0.0
e1,91557.0,26.182333333333336
e0,91557.0,26.944555555555556
c,91557.0,26.182333333333304
e9,91562.0,0.0
e8,91562.0,0.0
e7,91562.0,0.0
e6,91562.0,0.0
e5,91562.0,0.0
e4,91562.0,0.0
e3,91562.0,0.0
e2,91562.0,0.0
e1,91562.0,0.0
e0,91562.0,0.0
c,91562.0,0.0
e9,92232.0,0.0
e8,92232.0,0.0
e7,92232.0,0.0
e6,92232.0,0.0
e5,92232.0,0.0
e4,92232.0,0.0
e3,92232.0,0.0
e2,92232.0,0.0
e1,92232.0,0.0
e0,92232.0,0.0
c,92232.0,0.0
e9,93864.0,0.0
e8,93864.0,0.0
e7,93864.0,0.0
e6,93864.0,0.0
e5,93864.0,0.0
e4,93864.0,0.0
e3,93864.0,0.0
e2,93864.0,0.0
e1,93864.0,0.0
e0,93864.0,0.0
c,93864.0,0.0
e9,94989.0,0.0
e8,94989.0,0.0
e7,94989.0,0.0
e6,94989.0,0.0
e5,94989.0,0.0
e4,94989.0,0.0
e3,94989.0,0.0
e2,94989.0,0.0
e1,94989.0,0.0
e0,94989.0,0.0
c,94989.0,0.0
e9,95836.0,16.1633925000001
e8,95836.0,16.1633925000001
e7,95836.0,0.0
e6,95836.0,0.0
e5,95836.0,0.0
e4,95836.0,0.0
e3,95836.0,16.3986675000001
e2,95836.0,0.0
e1,95836.0,0.0
e0,95836.0,0.0
c,95836.0,16.3986675000001
e9,95841.0,0.0
e8,95841.0,0.0
e7,95841.0,0.0
e6,95841.0,0.0
e5,95841.0,0.0
e4,95841.0,0.0
e3,95841.0,0.0
e2,95841.0,0.0
e1,95841.0,0.0
e0,95841.0,0.0
c,95841.0,0.0
e9,96933.0,0.0
e8,96933.0,0.0
e7,96933.0,0.0
e6,96933.0,0.0
e5,96933.0,0.0
e4,96933.0,0.0
e3,96933.0,0.0
e2,96933.0,0.0
e1,96933.0,0.0
e0,96933.0,0.0
c,96933.0,0.0
e9,97310.0,0.0
e8,97310.0,0.0
e7,97310.0,0.0
e6,97310.0,0.0
e5,97310.0,0.0
e4,97310.0,0.0
e3,97310.0,0.0
e2,97310.0,7.403664722222331
e1,97310.0,0.0
e0,97310.0,0.0
c,97310.0,0.0
e9,97315.0,0.0
e8,97315.0,0.0
e7,97315.0,0.0
e6,97315.0,0.0
e5,97315.0,0.0
e4,97315.0,0.0
e3,97315.0,0.0
e2,97315.0,0.0
e1,97315.0,0.0
e0,97315.0,0.0979980555556601
c,97315.0,0.0
e9,97494.0,0.0
e8,97494.0,0.0
e7,97494.0,0.0
e6,97494.0,0.0
e5,97494.0,0.0
e4,97494.0,0.0
e3,97494.0,0.0
e2,97494.0,0.0
e1,97494.0,0.0
e0,97494.0,3.515361111111112
c,97494.0,0.0
e9,97499.0,0.09522583333341572
e8,97499.0,0.09522583333341572
e7,97499.0,0.0
e6,97499.0,0.0
e5,97499.0,0.0
e4,97499.0,0.0
e3,97499.0,0.0
e2,97499.0,0.0
e1,97499.0,0.0
e0,97499.0,0.0966119444445468
c,97499.0,0.09661194444458943
e9,97822.0,6.163916666666694
e8,97822.0,6.163916666666694
e7,97822.0,0.0
e6,97822.0,0.0
e5,97822.0,0.0
e4,97822.0,0.0
e3,97822.0,0.0
e2,97822.0,0.0
e1,97822.0,0.0
e0,97822.0,6.25363888888889
c,97822.0,6.253638888888872
e9,97827.0,0.0
e8,97827.0,0.0
e7,97827.0,0.0
e6,97827.0,0.0
e5,97827.0,0.0
e4,97827.0,0.0
e3,97827.0,0.0
e2,97827.0,0.0
e1,97827.0,0.0
e0,97827.0,0.0
c,97827.0,0.0
e9,98171.0,0.0
e8,98171.0,0.0
e7,98171.0,0.0
e6,98171.0,0.0
e5,98171.0,0.0
e4,98171.0,0.0
e3,98171.0,0.0
e2,98171.0,0.0
e1,98171.0,0.0
e0,98171.0,0.0
c,98171.0,0.0
e9,99451.0,0.0
e8,99451.0,0.0
e7,99451.0,24.426475833333427
e6,99451.0,24.78202861111123
e5,99451.0,24.426475833333427
e4,99451.0,0.0
e3,99451.0,0.0
e2,99451.0,0.0
e1,99451.0,0.0
e0,99451.0,0.0
c,99451.0,24.782028611111173
e9,99456.0,0.0
e8,99456.0,0.0
e7,99456.0,0.0
e6,99456.0,0.0
e5,99456.0,0.0
e4,99456.0,0.0
e3,99456.0,0.0
e2,99456.0,0.0
e1,99456.0,0.0
e0,99456.0,0.0
c,99456.0,0.0
e9,99743.0,0.0
e8,99743.0,0.0
e7,99743.0,0.0
e6,99743.0,0.0
e5,99743.0,0.0
e4,99743.0,0.0
e3,99743.0,0.0
e2,99743.0,0.0
e1,99743.0,0.0
e0,99743.0,0.0
c,99743.0,0.0
e9,101049.0,25.285417500000108
e8,101049.0,0.0
e7,101049.0,0.0
e6,101049.0,0.0
e5,101049.0,0.0
e4,101049.0,0.0
e3,101049.0,0.0
e2,101049.0,0.0
e1,101049.0,0.0
e0,101049.0,0.0
c,101049.0,0.0
e9,101054.0,0.09522583333341572
e8,101054.0,0.0
e7,101054.0,0.09522583333341572
e6,101054.0,0.09661194444453258
e5,101054.0,0.0
e4,101054.0,0.0
e3,101054.0,0.0
e2,101054.0,0.0
e1,101054.0,0.0
e0,101054.0,0.0
c,101054.0,0.09661194444458943
e9,102145.0,20.819916666666643
e8,102145.0,0.0
e7,102145.0,20.819916666666643
e6,102145.0,21.122972222222245
e5,102145.0,0.0
e4,102145.0,0.0
e3,102145.0,0.0
e2,102145.0,0.0
e1,102145.0,0.0
e0,102145.0,0.0
c,102145.0,21.122972222222188
e9,102150.0,0.0
e8,102150.0,0.0
e7,102150.0,0.0
e6,102150.0,0.0
e5,102150.0,0.0
e4,102150.0,0.0
e3,102150.0,0.0
e2,102150.0,0.0
e1,102150.0,0.0
e0,102150.0,0.0
c,102150.0,0.0
e9,102697.0,0.0
e8,102697.0,0.0
e7,102697.0,0.0
e6,102697.0,0.0
e5,102697.0,0.0
e4,102697.0,0.0
e3,102697.0,0.0
e2,102697.0,0.0
e1,102697.0,0.0
e0,102697.0,0.0
c,102697.0,0.0
e9,103100.0,0.0
e8,103100.0,7.802334166666753
e7,103100.0,0.0
e6,103100.0,0.0
e5,103100.0,0.0
e4,103100.0,0.0
e3,103100.0,0.0
e2,103100.0,0.0
e1,103100.0,0.0
e0,103100.0,0.0
c,103100.0,0.0
e9,103105.0,0.0
e8,103105.0,0.09522583333341572
e7,103105.0,0.0
e6,103105.0,0.09799805555564944
e5,103105.0,0.0
e4,103105.0,0.0
e3,103105.0,0.0
e2,103105.0,0.0
e1,103105.0,0.0
e0,103105.0,0.0
c,103105.0,0.09522583333341572
e9,103720.0,0.0
e8,103720.0,11.736249999999984
e7,103720.0,0.0
e6,103720.0,12.077916666666681
e5,103720.0,0.0
e4,103720.0,0.0
e3,103720.0,0.0
e2,103720.0,0.0
e1,103720.0,0.0
e0,103720.0,0.0
c,103720.0,11.736250000000041
e9,103725.0,0.0
e8,103725.0,0.0
e7,103725.0,0.0
e6,103725.0,0.0
e5,103725.0,0.0966119444445468
e4,103725.0,0.09522583333342993
e3,103725.0,0.0
e2,103725.0,0.0
e1,103725.0,0.0
e0,103725.0,0.0
c,103725.0,0.09522583333341572
e9,104387.0,0.0
e8,104387.0,0.0
e7,104387.0,0.0
e6,104387.0,0.0
e5,104387.0,12.81705555555557
e4,104387.0,12.633166666666668
e3,104387.0,0.0
e2,104387.0,0.0
e1,104387.0,0.0
e0,104387.0,0.0
c,104387.0,12.633166666666625
e9,104392.0,0.0
e8,104392.0,0.0
e7,104392.0,0.0
e6,104392.0,0.0
e5,104392.0,0.0
e4,104392.0,0.0
e3,104392.0,0.0
e2,104392.0,0.0
e1,104392.0,0.0
e0,104392.0,0.0
c,104392.0,0.0
e9,104769.0,0.0
e8,104769.0,0.0
e7,104769.0,0.0
e6,104769.0,0.0
e5,104769.0,0.0
e4,104769.0,0.0
e3,104769.0,0.0
e2,104769.0,0.0
e1,104769.0,0.0
e0,104769.0,0.0
c,104769.0,0.0
e9,104967.0,0.0
e8,104967.0,0.0
e7,104967.0,0.0
e6,104967.0,0.0
e5,104967.0,0.0
e4,104967.0,0.0
e3,104967.0,0.0
e2,104967.0,0.0
e1,104967.0,0.0
e0,104967.0,0.0
c,104967.0,0.0
e9,106276.0,24.97989250000012
e8,106276.0,0.0
e7,106276.0,24.97989250000012
e6,106276.0,0.0
e5,106276.0,0.0
e4,106276.0,0.0
e3,106276.0,0.0
e2,106276.0,0.0
e1,106276.0,0.0
e0,106276.0,0.0
c,106276.0,24.97989250000012
e9,106281.0,0.0
e8,106281.0,0.0
e7,106281.0,0.0
e6,106281.0,0.0
e5,106281.0,0.0
e4,106281.0,0.0
e3,106281.0,0.0
e2,106281.0,0.0
e1,106281.0,0.09799805555565655
e0,106281.0,0.0
c,106281.0,0.0
e9,107208.0,0.0
e8,107208.0,0.0
e7,107208.0,0.0
e6,107208.0,0.0
e5,107208.0,0.0
e4,107208.0,0.0
e3,107208.0,0.0
e2,107208.0,0.0
e1,107208.0,18.20525
e0,107208.0,0.0
c,107208.0,0.0
e9,107213.0,0.0
e8,107213.0,0.0
e7,107213.0,0.09661194444458943
e6,107213.0,0.0
e5,107213.0,0.0
e4,107213.0,0.0966119444445468
e3,107213.0,0.0
e2,107213.0,0.0
e1,107213.0,0.0
e0,107213.0,0.0
c,107213.0,0.09522583333341572
e9,107403.0,0.0
e8,107403.0,0.0
e7,107403.0,3.6786111111110813
e6,107403.0,0.0
e5,107403.0,0.0
e4,107403.0,3.6786111111111097
e3,107403.0,0.0
e2,107403.0,0.0
e1,107403.0,0.0
e0,107403.0,0.0
c,107403.0,3.6258333333333894
e9,107408.0,0.0
e8,107408.0,0.0
e7,107408.0,0.0
e6,107408.0,0.0
e5,107408.0,0.0
e4,107408.0,0.0
e3,107408.0,0.09522583333342993
e2,107408.0,0.0
e1,107408.0,0.0
e0,107408.0,0.0
c,107408.0,0.0
e9,107469.0,0.0
e8,107469.0,0.0
e7,107469.0,0.0
e6,107469.0,0.0
e5,107469.0,0.0
e4,107469.0,0.0
e3,107469.0,1.1640833333333376
e2,107469.0,0.0
e1,107469.0,0.0
e0,107469.0,0.0
c,107469.0,0.0
e9,107474.0,0.0
e8,107474.0,0.0
e7,107474.0,0.0
e6,107474.0,0.0
e5,107474.0,0.0
e4,107474.0,0.0
e3,107474.0,0.09522583333342993
e2,107474.0,0.0966119444445468
e1,107474.0,0.0
e0,107474.0,0.0
c,107474.0,0.09522583333341572
e9,107982.0,0.0
e8,107982.0,0.0
e7,107982.0,0.0
e6,107982.0,0.0
e5,107982.0,0.0
e4,107982.0,0.0
e3,107982.0,9.694333333333333
e2,107982.0,9.835444444444448
e1,107982.0,0.0
e0,107982.0,0.0
c,107982.0,9.694333333333361
e9,107987.0,0.0
e8,107987.0,0.0
e7,107987.0,0.0
e6,107987.0,0.0
e5,107987.0,0.0
e4,107987.0,0.0
e3,107987.0,0.0
e2,107987.0,0.0966119444445468
e1,107987.0,0.09522583333342993
e0,107987.0,0.0
c,107987.0,0.09522583333341572
e9,108718.0,0.0
e8,108718.0,0.0
e7,108718.0,0.0
e6,108718.0,0.0
e5,108718.0,0.0
e4,108718.0,0.0
e3,108718.0,0.0
e2,108718.0,14.152972222222232
e1,108718.0,13.949916666666667
e0,108718.0,0.0
c,108718.0,13.949916666666695
e9,108723.0,0.0
e8,108723.0,0.0
e7,108723.0,0.0
e6,108723.0,0.0
e5,108723.0,0.0
e4,108723.0,0.0
e3,108723.0,0.0
e2,108723.0,0.0
e1,108723.0,0.0
e0,108723.0,0.0
c,108723.0,0.0
e9,110246.0,0.0
e8,110246.0,0.0
e7,110246.0,0.0
e6,110246.0,0.0
e5,110246.0,0.0
e4,110246.0,0.0
e3,110246.0,0.0
e2,110246.0,0.0
e1,110246.0,0.0
e0,110246.0,0.0
c,110246.0,0.0
e9,112736.0,0.0
e8,112736.0,0.0
e7,112736.0,0.0
e6,112736.0,0.0
e5,112736.0,0.0
e4,112736.0,0.0
e3,112736.0,0.0
e2,112736.0,0.0
e1,112736.0,0.0
e0,112736.0,0.0
c,112736.0,0.0
e9,112940.0,0.0
e8,112940.0,0.0
e7,112940.0,0.0
e6,112940.0,0.0
e5,112940.0,0.0
e4,112940.0,0.0
e3,112940.0,0.0
e2,112940.0,0.0
e1,112940.0,0.0
e0,112940.0,0.0
c,112940.0,0.0
e9,113214.0,0.0
e8,113214.0,5.228642500000092
e7,113214.0,5.304750833333401
e6,113214.0,0.0
e5,113214.0,0.0
e4,113214.0,0.0
e3,113214.0,0.0
e2,113214.0,0.0
e1,113214.0,0.0
e0,113214.0,0.0
c,113214.0,5.228642500000092
e9,113219.0,0.0
e8,113219.0,0.0
e7,113219.0,0.0
e6,113219.0,0.0
e5,113219.0,0.0
e4,113219.0,0.0
e3,113219.0,0.0
e2,113219.0,0.0
e1,113219.0,0.0
e0,113219.0,0.0
c,113219.0,0.0
e9,113455.0,0.0
e8,113455.0,0.0
e7,113455.0,0.0
e6,113455.0,0.0
e5,113455.0,0.0
e4,113455.0,0.0
e3,113455.0,0.0
e2,113455.0,0.0
e1,113455.0,0.0
e0,113455.0,0.0
c,113455.0,0.0
e9,115054.0,0.0
e8,115054.0,30.514059166666755
e7,115054.0,30.958223055555663
e6,115054.0,30.514059166666755
e5,115054.0,0.0
e4,115054.0,0.0
e3,115054.0,0.0
e2,115054.0,0.0
e1,115054.0,0.0
e0,115054.0,0.0
c,115054.0,30.958223055555663
e9,115059.0,0.0
e8,115059.0,0.0
e7,115059.0,0.0
e6,115059.0,0.0
e5,115059.0,0.0
e4,115059.0,0.0
e3,115059.0,0.0
e2,115059.0,0.0
e1,115059.0,0.0
e0,115059.0,0.0
c,115059.0,0.0
e9,115187.0,0.0
e8,115187.0,0.0
e7,115187.0,0.0
e6,115187.0,0.0
e5,115187.0,0.0
e4,115187.0,0.0
e3,115187.0,0.0
e2,115187.0,0.0
e1,115187.0,0.0
e0,115187.0,0.0
c,115187.0,0.0
e9,116081.0,0.0
e8,116081.0,0.0
e7,116081.0,0.0
e6,116081.0,0.0
e5,116081.0,0.0
e4,116081.0,0.0
e3,116081.0,0.0
e2,116081.0,0.0
e1,116081.0,0.0
e0,116081.0,0.0
c,116081.0,0.0
e9,117040.0,0.0
e8,117040.0,0.0
e7,117040.0,0.0
e6,117040.0,18.300725833333445
e5,117040.0,0.0
e4,117040.0,0.0
e3,117040.0,0.0
e2,117040.0,0.0
e1,117040.0,0.0
e0,117040.0,0.0
c,117040.0,0.0
e9,117045.0,0.0
e8,117045.0,0.0
e7,117045.0,0.0
e6,117045.0,0.0
e5,117045.0,0.0
e4,117045.0,0.0
e3,117045.0,0.0
e2,117045.0,0.0
e1,117045.0,0.0
e0,117045.0,0.0
c,117045.0,0.0
e9,117715.0,0.0
e8,117715.0,0.0
e7,117715.0,0.0
e6,117715.0,0.0
e5,117715.0,0.0
e4,117715.0,0.0
e3,117715.0,0.0
e2,117715.0,0.0
e1,117715.0,0.0
e0,117715.0,0.0
c,117715.0,0.0
e9,117788.0,0.0
e8,117788.0,0.0
e7,117788.0,1.39289250000013
e6,117788.0,0.0
e5,117788.0,1.3928925000001016
e4,117788.0,1.3928925000001016
e3,117788.0,0.0
e2,117788.0,1.3928925000001016
e1,117788.0,0.0
e0,117788.0,0.0
c,117788.0,1.4334425000000692
e9,117793.0,0.0
e8,117793.0,0.0
e7,117793.0,0.0
e6,117793.0,0.0
e5,117793.0,0.0
e4,117793.0,0.0
e3,117793.0,0.0
e2,117793.0,0.0
e1,117793.0,0.0
e0,117793.0,0.0
c,117793.0,0.0
e9,118514.0,0.0
e8,118514.0,0.0
e7,118514.0,0.0
e6,118514.0,0.0
e5,118514.0,0.0
e4,118514.0,0.0
e3,118514.0,0.0
e2,118514.0,0.0
e1,118514.0,0.0
e0,118514.0,0.0
c,118514.0,0.0
e9,119095.0,0.0
e8,119095.0,0.0
e7,119095.0,0.0
e6,119095.0,0.0
e5,119095.0,0.0
e4,119095.0,0.0
e3,119095.0,0.0
e2,119095.0,0.0
e1,119095.0,0.0
e0,119095.0,0.0
c,119095.0,0.0
e9,119129.0,0.6486425000001077
e8,119129.0,0.0
e7,119129.0,0.0
e6,119129.0,0.0
e5,119129.0,0.0
e4,119129.0,0.0
e3,119129.0,0.0
e2,119129.0,0.0
e1,119129.0,0.0
e0,119129.0,0.0
c,119129.0,0.0
e9,119134.0,0.0
e8,119134.0,0.0
e7,119134.0,0.0
e6,119134.0,0.0
e5,119134.0,0.0
e4,119134.0,0.0
e3,119134.0,0.0
e2,119134.0,0.0
e1,119134.0,0.09522583333342993
e0,119134.0,0.0
c,119134.0,0.0
e9,119388.0,0.0
e8,119388.0,0.0
e7,119388.0,0.0
e6,119388.0,0.0
e5,119388.0,0.0
e4,119388.0,0.0
e3,119388.0,0.0
e2,119388.0,0.0
e1,119388.0,4.847166666666666
e0,119388.0,0.0
c,119388.0,0.0
e9,119393.0,0.0
e8,119393.0,0.0
e7,119393.0,0.0
e6,119393.0,0.0
e5,119393.0,0.0
e4,119393.0,0.0
e3,119393.0,0.0
e2,119393.0,0.0
e1,119393.0,0.0
e0,119393.0,0.0
c,119393.0,0.0
e9,120177.0,0.0
e8,120177.0,0.0
e7,120177.0,0.0
e6,120177.0,0.0
e5,120177.0,0.0
e4,120177.0,0.0
e3,120177.0,0.0
e2,120177.0,0.0
e1,120177.0,0.0
e0,120177.0,0.0
c,120177.0,0.0
e9,120220.0,0.0
e8,120220.0,0.0
e7,120220.0,0.0
e6,120220.0,0.0
e5,120220.0,0.0
e4,120220.0,0.0
e3,120220.0,0.0
e2,120220.0,0.0
e1,120220.0,0.844275833333441
e0,120220.0,0.8203925000001036
c,120220.0,0.8203925000001391
e9,120225.0,0.0
e8,120225.0,0.0
e7,120225.0,0.0
e6,120225.0,0.0
e5,120225.0,0.0
e4,120225.0,0.0
e3,120225.0,0.0
e2,120225.0,0.0
e1,120225.0,0.0
e0,120225.0,0.09799805555565655
c,120225.0,0.0
e9,120809.0,0.0
e8,120809.0,0.0
e7,120809.0,0.0
e6,120809.0,0.0
e5,120809.0,0.0
e4,120809.0,0.0
e3,120809.0,0.0
e2,120809.0,0.0
e1,120809.0,0.0
e0,120809.0,11.469111111111111
c,120809.0,0.0
e9,120814.0,0.09522583333341572
e8,120814.0,0.0
e7,120814.0,0.09522583333341572
e6,120814.0,0.09522583333341572
e5,120814.0,0.0
e4,120814.0,0.0
e3,120814.0,0.0
e2,120814.0,0.0
e1,120814.0,0.0
e0,120814.0,0.09522583333342993
c,120814.0,0.09799805555564944
e9,123362.0,48.62433333333331
e8,123362.0,0.0
e7,123362.0,48.62433333333331
e6,123362.0,48.62433333333331
e5,123362.0,0.0
e4,123362.0,0.0
e3,123362.0,0.0
e2,123362.0,0.0
e1,123362.0,0.0
e0,123362.0,48.624333333333325
c,123362.0,50.03988888888887
e9,123367.0,0.0
e8,123367.0,0.0
e7,123367.0,0.0
e6,123367.0,0.0
e5,123367.0,0.0
e4,123367.0,0.0
e3,123367.0,0.0
e2,123367.0,0.0
e1,123367.0,0.0
e0,123367.0,0.0
c,123367.0,0.0
e9,123650.0,0.0
e8,123650.0,0.0
e7,123650.0,0.0
e6,123650.0,0.0
e5,123650.0,0.0
e4,123650.0,0.0
e3,123650.0,0.0
e2,123650.0,0.0
e1,123650.0,0.0
e0,123650.0,0.0
c,123650.0,0.0
e9,123988.0,0.0
e8,123988.0,0.0
e7,123988.0,0.0
e6,123988.0,0.0
e5,123988.0,0.0
e4,123988.0,0.0
e3,123988.0,0.0
e2,123988.0,0.0
e1,123988.0,0.0
e0,123988.0,0.0
c,123988.0,0.0
e9,124914.0,0.0
e8,124914.0,0.0
e7,124914.0,17.670975833333387
e6,124914.0,0.0
e5,124914.0,0.0
e4,124914.0,17.67097583333343
e3,124914.0,0.0
e2,124914.0,0.0
e1,124914.0,0.0
e0,124914.0,0.0
c,124914.0,17.670975833333387
e9,124919.0,0.0
e8,124919.0,0.0
e7,124919.0,0.0
e6,124919.0,0.0
e5,124919.0,0.0
e4,124919.0,0.0
e3,124919.0,0.0
e2,124919.0,0.0
e1,124919.0,0.0
e0,124919.0,0.0
c,124919.0,0.0
e9,127931.0,0.0
e8,127931.0,0.0
e7,127931.0,0.0
e6,127931.0,0.0
e5,127931.0,0.0
e4,127931.0,0.0
e3,127931.0,0.0
e2,127931.0,0.0
e1,127931.0,0.0
e0,127931.0,0.0
c,127931.0,0.0
e9,128661.0,0.0
e8,128661.0,0.0
e7,128661.0,0.0
e6,128661.0,0.0
e5,128661.0,0.0
e4,128661.0,0.0
e3,128661.0,0.0
e2,128661.0,0.0
e1,128661.0,0.0
e0,128661.0,0.0
c,128661.0,0.0
e9,129852.0,0.0
e8,129852.0,0.0
e7,129852.0,0.0
e6,129852.0,0.0
e5,129852.0,0.0
e4,129852.0,0.0
e3,129852.0,0.0
e2,129852.0,0.0
e1,129852.0,0.0
e0,129852.0,0.0
c,129852.0,0.0
e9,130843.0,0.0
e8,130843.0,0.0
e7,130843.0,0.0
e6,130843.0,0.0
e5,130843.0,0.0
e4,130843.0,0.0
e3,130843.0,0.0
e2,130843.0,0.0
e1,130843.0,0.0
e0,130843.0,0.0
c,130843.0,0.0
e9,131000.0,0.0
e8,131000.0,0.0
e7,131000.0,0.0
e6,131000.0,0.0
e5,131000.0,0.0
e4,131000.0,0.0
e3,131000.0,0.0
e2,131000.0,0.0
e1,131000.0,0.0
e0,131000.0,0.0
c,131000.0,0.0
e9,131135.0,2.6135563888889806
e8,131135.0,2.5760591666667665
e7,131135.0,0.0
e6,131135.0,0.0
e5,131135.0,0.0
e4,131135.0,0.0
e3,131135.0,0.0
e2,131135.0,0.0
e1,131135.0,0.0
e0,131135.0,0.0
c,131135.0,2.5760591666668233
e9,131140.0,0.0
e8,131140.0,0.0
e7,131140.0,0.0
e6,131140.0,0.0
e5,131140.0,0.0
e4,131140.0,0.0
e3,131140.0,0.0
e2,131140.0,0.0
e1,131140.0,0.0
e0,131140.0,0.0
c,131140.0,0.0
e9,131619.0,0.0
e8,131619.0,0.0
e7,131619.0,0.0
e6,131619.0,0.0
e5,131619.0,0.0
e4,131619.0,0.0
e3,131619.0,0.0
e2,131619.0,0.0
e1,131619.0,0.0
e0,131619.0,0.0
c,131619.0,0.0
e9,132157.0,0.0
e8,132157.0,0.0
e7,132157.0,0.0
e6,132157.0,0.0
e5,132157.0,0.0
e4,132157.0,0.0
e3,132157.0,0.0
e2,132157.0,0.0
e1,132157.0,0.0
e0,132157.0,0.0
c,132157.0,0.0
e9,134354.0,0.0
e8,134354.0,0.0
e7,134354.0,0.0
e6,134354.0,0.0
e5,134354.0,0.0
e4,134354.0,0.0
e3,134354.0,0.0
e2,134354.0,0.0
e1,134354.0,0.0
e0,134354.0,0.0
c,134354.0,0.0
e9,135126.0,0.0
e8,135126.0,0.0
e7,135126.0,0.0
e6,135126.0,0.0
e5,135126.0,0.0
e4,135126.0,0.0
e3,135126.0,0.0
e2,135126.0,0.0
e1,135126.0,0.0
e0,135126.0,0.0
c,135126.0,0.0
e9,136776.0,0.0
e8,136776.0,31.487309166666478
e7,136776.0,31.94563972222204
e6,136776.0,0.0
e5,136776.0,0.0
e4,136776.0,0.0
e3,136776.0,0.0
e2,136776.0,0.0
e1,136776.0,0.0
e0,136776.0,0.0
c,136776.0,31.487309166666478
e9,136781.0,0.0
e8,136781.0,0.0
e7,136781.0,0.0
e6,136781.0,0.0
e5,136781.0,0.0
e4,136781.0,0.0
e3,136781.0,0.0
e2,136781.0,0.0
e1,136781.0,0.0
e0,136781.0,0.0
c,136781.0,0.0
e9,139222.0,0.0
e8,139222.0,0.0
e7,139222.0,0.0
e6,139222.0,0.0
e5,139222.0,0.0
e4,139222.0,0.0
e3,139222.0,0.0
e2,139222.0,0.0
e1,139222.0,0.0
e0,139222.0,0.0
c,139222.0,0.0
e9,140163.0,0.0
e8,140163.0,0.0
e7,140163.0,0.0
e6,140163.0,0.0
e5,140163.0,0.0
e4,140163.0,0.0
e3,140163.0,0.0
e2,140163.0,0.0
e1,140163.0,0.0
e0,140163.0,0.0
c,140163.0,0.0
e9,142781.0,0.0
e8,142781.0,0.0
e7,142781.0,49.95997583333315
e6,142781.0,0.0
e5,142781.0,0.0
e4,142781.0,0.0
e3,142781.0,0.0
e2,142781.0,0.0
e1,142781.0,0.0
e0,142781.0,0.0
c,142781.0,0.0
e9,142786.0,0.0
e8,142786.0,0.0
e7,142786.0,0.0
e6,142786.0,0.0
e5,142786.0,0.0
e4,142786.0,0.0
e3,142786.0,0.0
e2,142786.0,0.0
e1,142786.0,0.0
e0,142786.0,0.0
c,142786.0,0.0
e9,143172.0,0.0
e8,143172.0,0.0
e7,143172.0,0.0
e6,143172.0,0.0
e5,143172.0,0.0
e4,143172.0,0.0
e3,143172.0,0.0
e2,143172.0,0.0
e1,143172.0,0.0
e0,143172.0,0.0
c,143172.0,0.0
e9,143232.0,0.0
e8,143232.0,0.0
e7,143232.0,1.1614730555553479
e6,143232.0,1.144809166666505
e5,143232.0,0.0
e4,143232.0,0.0
e3,143232.0,0.0
e2,143232.0,0.0
e1,143232.0,0.0
e0,143232.0,0.0
c,143232.0,1.144809166666505
e9,143237.0,0.0
e8,143237.0,0.0
e7,143237.0,0.0
e6,143237.0,0.09522583333318835
e5,143237.0,0.0
e4,143237.0,0.0
e3,143237.0,0.0
e2,143237.0,0.0
e1,143237.0,0.0
e0,143237.0,0.0
c,143237.0,0.0
e9,143909.0,0.0
e8,143909.0,0.0
e7,143909.0,0.0
e6,143909.0,12.823999999999955
e5,143909.0,0.0
e4,143909.0,0.0
e3,143909.0,0.0
e2,143909.0,0.0
e1,143909.0,0.0
e0,143909.0,0.0
c,143909.0,0.0
e9,143914.0,0.0
e8,143914.0,0.0
e7,143914.0,0.0
e6,143914.0,0.09522583333318835
e5,143914.0,0.09522583333315993
e4,143914.0,0.09522583333315993
e3,143914.0,0.0
e2,143914.0,0.0
e1,143914.0,0.0
e0,143914.0,0.0
c,143914.0,0.09661194444424837
e9,144845.0,0.0
e8,144845.0,0.0
e7,144845.0,0.0
e6,144845.0,17.7665833333333
e5,144845.0,17.76658333333333
e4,144845.0,17.76658333333333
e3,144845.0,0.0
e2,144845.0,0.0
e1,144845.0,0.0
e0,144845.0,0.0
c,144845.0,18.025194444444423
e9,144850.0,0.0
e8,144850.0,0.0
e7,144850.0,0.0
e6,144850.0,0.0
e5,144850.0,0.0
e4,144850.0,0.09661194444427679
e3,144850.0,0.09661194444426258
e2,144850.0,0.0
e1,144850.0,0.0
e0,144850.0,0.0
c,144850.0,0.09522583333318835
e9,145158.0,0.0
e8,145158.0,0.0
e7,145158.0,0.0
e6,145158.0,0.0
e5,145158.0,0.0
e4,145158.0,5.963222222222214
e3,145158.0,5.963222222222228
e2,145158.0,0.0
e1,145158.0,0.0
e0,145158.0,0.0
c,145158.0,5.8776666666666415
e9,145163.0,0.0
e8,145163.0,0.0
e7,145163.0,0.0
e6,145163.0,0.0
e5,145163.0,0.0
e4,145163.0,0.0
e3,145163.0,0.0
e2,145163.0,0.0
e1,145163.0,0.0
e0,145163.0,0.0
c,145163.0,0.0
e9,145198.0,0.0
e8,145198.0,0.0
e7,145198.0,0.0
e6,145198.0,0.0
e5,145198.0,0.0
e4,145198.0,0.0
e3,145198.0,0.0
e2,145198.0,0.0
e1,145198.0,0.0
e0,145198.0,0.0
c,145198.0,0.0
e9,145526.0,0.0
e8,145526.0,0.0
e7,145526.0,0.0
e6,145526.0,0.0
e5,145526.0,0.0
e4,145526.0,0.0
e3,145526.0,0.0
e2,145526.0,0.0
e1,145526.0,0.0
e0,145526.0,0.0
c,145526.0,0.0
e9,145976.0,0.0
e8,145976.0,0.0
e7,145976.0,0.0
e6,145976.0,0.0
e5,145976.0,0.0
e4,145976.0,0.0
e3,145976.0,0.0
e2,145976.0,0.0
e1,145976.0,0.0
e0,145976.0,0.0
c,145976.0,0.0
e9,148616.0,0.0
e8,148616.0,0.0
e7,148616.0,0.0
e6,148616.0,0.0
e5,148616.0,0.0
e4,148616.0,0.0
e3,148616.0,0.0
e2,148616.0,0.0
e1,148616.0,0.0
e0,148616.0,0.0
c,148616.0,0.0
e9,149533.0,0.0
e8,149533.0,0.0
e7,149533.0,0.0
e6,149533.0,0.0
e5,149533.0,0.0
e4,149533.0,0.0
e3,149533.0,0.0
e2,149533.0,0.0
e1,149533.0,0.0
e0,149533.0,0.0
c,149533.0,0.0
e9,149538.0,0.0
e8,149538.0,0.0
e7,149538.0,0.0
e6,149538.0,0.0
e5,149538.0,0.09799805555536523
e4,149538.0,0.0
e3,149538.0,0.0
e2,149538.0,0.0
e1,149538.0,0.0
e0,149538.0,0.0
c,149538.0,0.0
e9,150113.0,0.0
e8,150113.0,0.0
e7,150113.0,0.0
e6,150113.0,0.0
e5,150113.0,11.29236111111112
e4,150113.0,0.0
e3,150113.0,0.0
e2,150113.0,0.0
e1,150113.0,0.0
e0,150113.0,0.0
c,150113.0,0.0
e9,150118.0,0.0
e8,150118.0,0.0
e7,150118.0,0.0
e6,150118.0,0.0
e5,150118.0,0.0
e4,150118.0,0.0
e3,150118.0,0.0
e2,150118.0,0.0
e1,150118.0,0.0
e0,150118.0,0.0
c,150118.0,0.0
e9,150737.0,0.0
e8,150737.0,0.0
e7,150737.0,0.0
e6,150737.0,0.0
e5,150737.0,0.0
e4,150737.0,0.0
e3,150737.0,0.0
e2,150737.0,0.0
e1,150737.0,0.0
e0,150737.0,0.0
c,150737.0,0.0
e9,152749.0,0.0
e8,152749.0,38.39547583333314
e7,152749.0,38.95436194444426
e6,152749.0,38.395475833333194
e5,152749.0,0.0
e4,152749.0,0.0
e3,152749.0,0.0
e2,152749.0,0.0
e1,152749.0,0.0
e0,152749.0,0.0
c,152749.0,38.95436194444426
e9,152754.0,0.0
e8,152754.0,0.0
e7,152754.0,0.0
e6,152754.0,0.0
e5,152754.0,0.09661194444427679
e4,152754.0,0.09522583333315993
e3,152754.0,0.09522583333315993
e2,152754.0,0.0
e1,152754.0,0.0
e0,152754.0,0.0
c,152754.0,0.09661194444424837
e9,154132.0,0.0
e8,154132.0,0.0
e7,154132.0,0.0
e6,154132.0,0.0
e5,154132.0,26.679611111111114
e4,154132.0,26.296833333333325
e3,154132.0,26.29683333333334
e2,154132.0,0.0
e1,154132.0,0.0
e0,154132.0,0.0
c,154132.0,26.679611111111058
e9,154137.0,0.0
e8,154137.0,0.0
e7,154137.0,0.0
e6,154137.0,0.0
e5,154137.0,0.0
e4,154137.0,0.0
e3,154137.0,0.09799805555537944
e2,154137.0,0.09522583333315993
e1,154137.0,0.0
e0,154137.0,0.0
c,154137.0,0.09522583333318835
e9,154864.0,0.0
e8,154864.0,0.0
e7,154864.0,0.0
e6,154864.0,0.0
e5,154864.0,0.0
e4,154864.0,0.0
e3,154864.0,14.27747222222223
e2,154864.0,13.873583333333329
e1,154864.0,0.0
e0,154864.0,0.0
c,154864.0,13.873583333333386
e9,154869.0,0.0
e8,154869.0,0.0
e7,154869.0,0.0
e6,154869.0,0.0
e5,154869.0,0.0
e4,154869.0,0.0
e3,154869.0,0.0
e2,154869.0,0.09661194444427679
e1,154869.0,0.0
e0,154869.0,0.0
c,154869.0,0.0
e9,155036.0,0.0
e8,155036.0,0.0
e7,155036.0,0.0
e6,155036.0,0.0
e5,155036.0,0.0
e4,155036.0,0.0
e3,155036.0,0.0
e2,155036.0,3.233305555555546
e1,155036.0,0.0
e0,155036.0,0.0
c,155036.0,0.0
e9,155041.0,0.0
e8,155041.0,0.0
e7,155041.0,0.0
e6,155041.0,0.0
e5,155041.0,0.0
e4,155041.0,0.0
e3,155041.0,0.0
e2,155041.0,0.0
e1,155041.0,0.0
e0,155041.0,0.0
c,155041.0,0.0
e9,156400.0,0.0
e8,156400.0,0.0
e7,156400.0,0.0
e6,156400.0,0.0
e5,156400.0,0.0
e4,156400.0,0.0
e3,156400.0,0.0
e2,156400.0,0.0
e1,156400.0,0.0
e0,156400.0,0.0
c,156400.0,0.0
e9,157637.0,0.0
e8,157637.0,0.0
e7,157637.0,0.0
e6,157637.0,0.0
e5,157637.0,0.0
e4,157637.0,0.0
e3,157637.0,0.0
e2,157637.0,0.0
e1,157637.0,0.0
e0,157637.0,0.0
c,157637.0,0.0
e9,157866.0,4.433500833333142
e8,157866.0,4.369892499999821
e7,157866.0,0.0
e6,157866.0,0.0
e5,157866.0,0.0
e4,157866.0,0.0
e3,157866.0,0.0
e2,157866.0,0.0
e1,157866.0,0.0
e0,157866.0,0.0
c,157866.0,4.369892499999878
e9,157871.0,0.0
e8,157871.0,0.0
e7,157871.0,0.09522583333318835
e6,157871.0,0.0
e5,157871.0,0.0
e4,157871.0,0.0
e3,157871.0,0.0
e2,157871.0,0.0
e1,157871.0,0.0
e0,157871.0,0.0
c,157871.0,0.0
e9,158605.0,0.0
e8,158605.0,0.0
e7,158605.0,14.007166666666649
e6,158605.0,0.0
e5,158605.0,0.0
e4,158605.0,0.0
e3,158605.0,0.0
e2,158605.0,0.0
e1,158605.0,0.0
e0,158605.0,0.0
c,158605.0,0.0
e9,158610.0,0.0
e8,158610.0,0.0
e7,158610.0,0.0
e6,158610.0,0.0
e5,158610.0,0.0
e4,158610.0,0.0
e3,158610.0,0.0
e2,158610.0,0.0
e1,158610.0,0.0
e0,158610.0,0.0
c,158610.0,0.0
e9,160656.0,0.0
e8,160656.0,0.0
e7,160656.0,0.0
e6,160656.0,0.0
e5,160656.0,0.0
e4,160656.0,0.0
e3,160656.0,0.0
e2,160656.0,0.0
e1,160656.0,0.0
e0,160656.0,0.0
c,160656.0,0.0
e9,162354.0,0.0
e8,162354.0,0.0
e7,162354.0,0.0
e6,162354.0,0.0
e5,162354.0,0.0
e4,162354.0,0.0
e3,162354.0,0.0
e2,162354.0,0.0
e1,162354.0,0.0
e0,162354.0,0.0
c,162354.0,0.0
e9,164478.0,0.0
e8,164478.0,0.0
e7,164478.0,0.0
e6,164478.0,40.53280916666654
e5,164478.0,0.0
e4,164478.0,0.0
e3,164478.0,0.0
e2,164478.0,0.0
e1,164478.0,0.0
e0,164478.0,0.0
c,164478.0,0.0
e9,164483.0,0.0
e8,164483.0,0.0
e7,164483.0,0.0
e6,164483.0,0.0
e5,164483.0,0.0
e4,164483.0,0.0
e3,164483.0,0.09799805555536523
e2,164483.0,0.09522583333315993
e1,164483.0,0.0
e0,164483.0,0.0
c,164483.0,0.09522583333318835
e9,165486.0,0.0
e8,165486.0,0.0
e7,165486.0,0.0
e6,165486.0,0.0
e5,165486.0,0.0
e4,165486.0,0.0
e3,165486.0,19.69780555555556
e2,165486.0,19.140583333333325
e1,165486.0,0.0
e0,165486.0,0.0
c,165486.0,19.14058333333344
e9,165491.0,0.0
e8,165491.0,0.0
e7,165491.0,0.0
e6,165491.0,0.0
e5,165491.0,0.0
e4,165491.0,0.0
e3,165491.0,0.0
e2,165491.0,0.0
e1,165491.0,0.0
e0,165491.0,0.0
c,165491.0,0.0
e9,165496.0,0.0
e8,165496.0,0.0
e7,165496.0,0.0
e6,165496.0,0.0
e5,165496.0,0.0
e4,165496.0,0.0
e3,165496.0,0.0
e2,165496.0,0.0
e1,165496.0,0.0
e0,165496.0,0.0
c,165496.0,0.0
e9,167910.0,0.0
e8,167910.0,0.0
e7,167910.0,0.0
e6,167910.0,0.0
e5,167910.0,0.0
e4,167910.0,0.0
e3,167910.0,0.0
e2,167910.0,0.0
e1,167910.0,0.0
e0,167910.0,0.0
c,167910.0,0.0
e9,168091.0,0.0
e8,168091.0,0.0
e7,168091.0,0.0
e6,168091.0,0.0
e5,168091.0,0.0
e4,168091.0,0.0
e3,168091.0,0.0
e2,168091.0,0.0
e1,168091.0,0.0
e0,168091.0,0.0
c,168091.0,0.0
e9,168529.0,0.0
e8,168529.0,0.0
e7,168529.0,0.0
e6,168529.0,0.0
e5,168529.0,0.0
e4,168529.0,0.0
e3,168529.0,0.0
e2,168529.0,0.0
e1,168529.0,0.0
e0,168529.0,0.0
c,168529.0,0.0
e9,169253.0,0.0
e8,169253.0,0.0
e7,169253.0,13.816142499999842
e6,169253.0,0.0
e5,169253.0,0.0
e4,169253.0,13.816142499999813
e3,169253.0,0.0
e2,169253.0,0.0
e1,169253.0,0.0
e0,169253.0,0.0
c,169253.0,13.816142499999842
e9,169258.0,0.0
e8,169258.0,0.0
e7,169258.0,0.0
e6,169258.0,0.0
e5,169258.0,0.0
e4,169258.0,0.0
e3,169258.0,0.0
e2,169258.0,0.0
e1,169258.0,0.0
e0,169258.0,0.0
c,169258.0,0.0
e9,169996.0,0.0
e8,169996.0,0.0
e7,169996.0,0.0
e6,169996.0,0.0
e5,169996.0,0.0
e4,169996.0,0.0
e3,169996.0,0.0
e2,169996.0,0.0
e1,169996.0,0.0
e0,169996.0,0.0
c,169996.0,0.0
e9,171661.0,0.0
e8,171661.0,0.0
e7,171661.0,0.0
e6,171661.0,0.0
e5,171661.0,0.0
e4,171661.0,0.0
e3,171661.0,0.0
e2,171661.0,0.0
e1,171661.0,0.0
e0,171661.0,0.0
c,171661.0,0.0
e9,172038.0,7.194225833333178
e8,172038.0,0.0
e7,172038.0,0.0
e6,172038.0,0.0
e5,172038.0,0.0
e4,172038.0,0.0
e3,172038.0,0.0
e2,172038.0,0.0
e1,172038.0,0.0
e0,172038.0,0.0
c,172038.0,0.0
e9,172043.0,0.0
e8,172043.0,0.0
e7,172043.0,0.0
e6,172043.0,0.0
e5,172043.0,0.0
e4,172043.0,0.09799805555536523
e3,172043.0,0.0
e2,172043.0,0.0
e1,172043.0,0.0
e0,172043.0,0.0
c,172043.0,0.0
e9,173851.0,0.0
e8,173851.0,0.0
e7,173851.0,0.0
e6,173851.0,0.0
e5,173851.0,0.0
e4,173851.0,35.5071111111111
e3,173851.0,0.0
e2,173851.0,0.0
e1,173851.0,0.0
e0,173851.0,0.0
c,173851.0,0.0
e9,173856.0,0.0
e8,173856.0,0.0
e7,173856.0,0.0
e6,173856.0,0.0
e5,173856.0,0.0
e4,173856.0,0.09522583333315993
e3,173856.0,0.09799805555536523
e2,173856.0,0.0
e1,173856.0,0.0
e0,173856.0,0.0
c,173856.0,0.09522583333318835
e9,173964.0,0.0
e8,173964.0,0.0
e7,173964.0,0.0
e6,173964.0,0.0
e5,173964.0,0.0
e4,173964.0,2.061000000000007
e3,173964.0,2.1210000000000093
e2,173964.0,0.0
e1,173964.0,0.0
e0,173964.0,0.0
c,173964.0,2.060999999999922
e9,173969.0,0.0
e8,173969.0,0.0
e7,173969.0,0.0
e6,173969.0,0.0
e5,173969.0,0.0
e4,173969.0,0.0
e3,173969.0,0.09661194444427679
e2,173969.0,0.0
e1,173969.0,0.0
e0,173969.0,0.0
c,173969.0,0.0
e9,174643.0,0.0
e8,174643.0,0.0
e7,174643.0,0.0
e6,174643.0,0.0
e5,174643.0,0.0
e4,174643.0,0.0
e3,174643.0,13.049388888888899
e2,174643.0,0.0
e1,174643.0,0.0
e0,174643.0,0.0
c,174643.0,0.0
e9,174648.0,0.0
e8,174648.0,0.0
e7,174648.0,0.0
e6,174648.0,0.0
e5,174648.0,0.0
e4,174648.0,0.0
e3,174648.0,0.0
e2,174648.0,0.0
e1,174648.0,0.0
e0,174648.0,0.0
c,174648.0,0.0
e9,174738.0,0.0
e8,174738.0,0.0
e7,174738.0,0.0
e6,174738.0,0.0
e5,174738.0,0.0
e4,174738.0,0.0
e3,174738.0,0.0
e2,174738.0,0.0
e1,174738.0,0.0
e0,174738.0,0.0
c,174738.0,0.0
e9,175927.0,0.0
e8,175927.0,0.0
e7,175927.0,0.0
e6,175927.0,0.0
e5,175927.0,23.020167499999815
e4,175927.0,22.689892499999814
e3,175927.0,0.0
e2,175927.0,0.0
e1,175927.0,0.0
e0,175927.0,0.0
c,175927.0,22.689892499999814
e9,175932.0,0.0
e8,175932.0,0.0
e7,175932.0,0.0
e6,175932.0,0.0
e5,175932.0,0.0
e4,175932.0,0.0
e3,175932.0,0.0
e2,175932.0,0.09799805555536523
e1,175932.0,0.0
e0,175932.0,0.0
c,175932.0,0.0
e9,176630.0,0.0
e8,176630.0,0.0
e7,176630.0,0.0
e6,176630.0,0.0
e5,176630.0,0.0
e4,176630.0,0.0
e3,176630.0,0.0
e2,176630.0,13.70794444444445
e1,176630.0,0.0
e0,176630.0,0.0
c,176630.0,0.0
e9,176635.0,0.0
e8,176635.0,0.0
e7,176635.0,0.0
e6,176635.0,0.0
e5,176635.0,0.0
e4,176635.0,0.0
e3,176635.0,0.0
e2,176635.0,0.09661194444427679
e1,176635.0,0.09661194444426258
e0,176635.0,0.0
c,176635.0,0.09522583333318835
e9,177529.0,0.0
e8,177529.0,0.0
e7,177529.0,0.0
e6,177529.0,0.0
e5,177529.0,0.0
e4,177529.0,0.0
e3,177529.0,0.0
e2,177529.0,17.308833333333325
e1,177529.0,17.308833333333325
e0,177529.0,0.0
c,177529.0,17.060500000000047
e9,177534.0,0.0
e8,177534.0,0.0
e7,177534.0,0.0
e6,177534.0,0.0
e5,177534.0,0.0
e4,177534.0,0.0
e3,177534.0,0.0
e2,177534.0,0.0
e1,177534.0,0.0
e0,177534.0,0.0
c,177534.0,0.0
e9,177860.0,0.0
e8,177860.0,0.0
e7,177860.0,0.0
e6,177860.0,0.0
e5,177860.0,0.0
e4,177860.0,0.0
e3,177860.0,0.0
e2,177860.0,0.0
e1,177860.0,0.0
e0,177860.0,0.0
c,177860.0,0.0
e9,177972.0,0.0
e8,177972.0,0.0
e7,177972.0,2.137142499999868
e6,177972.0,0.0
e5,177972.0,0.0
e4,177972.0,0.0
e3,177972.0,0.0
e2,177972.0,0.0
e1,177972.0,0.0
e0,177972.0,0.0
c,177972.0,0.0
e9,177977.0,0.0
e8,177977.0,0.0
e7,177977.0,0.0
e6,177977.0,0.0
e5,177977.0,0.0
e4,177977.0,0.0
e3,177977.0,0.0
e2,177977.0,0.0
e1,177977.0,0.0
e0,177977.0,0.0
c,177977.0,0.0
e9,178015.0,0.0
e8,178015.0,0.0
e7,178015.0,0.0
e6,178015.0,0.0
e5,178015.0,0.0
e4,178015.0,0.0
e3,178015.0,0.0
e2,178015.0,0.0
e1,178015.0,0.0
e0,178015.0,0.0
c,178015.0,0.0
e9,178397.0,0.0
e8,178397.0,0.0
e7,178397.0,0.0
e6,178397.0,0.0
e5,178397.0,0.0
e4,178397.0,0.0
e3,178397.0,0.0
e2,178397.0,7.289642499999815
e1,178397.0,0.0
e0,178397.0,0.0
c,178397.0,0.0
e9,178402.0,0.0
e8,178402.0,0.0
e7,178402.0,0.0
e6,178402.0,0.0
e5,178402.0,0.0
e4,178402.0,0.0
e3,178402.0,0.0
e2,178402.0,0.09522583333315993
e1,178402.0,0.09522583333315993
e0,178402.0,0.0
c,178402.0,0.09522583333318835
e9,179622.0,0.0
e8,179622.0,0.0
e7,179622.0,0.0
e6,179622.0,0.0
e5,179622.0,0.0
e4,179622.0,0.0
e3,179622.0,0.0
e2,179622.0,23.281666666666666
e1,179622.0,23.281666666666666
e0,179622.0,0.0
c,179622.0,23.28166666666675
e9,179627.0,0.0
e8,179627.0,0.0
e7,179627.0,0.0
e6,179627.0,0.0
e5,179627.0,0.0
e4,179627.0,0.0
e3,179627.0,0.0
e2,179627.0,0.0
e1,179627.0,0.09799805555537944
e0,179627.0,0.09522583333315993
c,179627.0,0.09522583333318835
e9,180120.0,0.0
e8,180120.0,0.0
e7,180120.0,0.0
e6,180120.0,0.0
e5,180120.0,0.0
e4,180120.0,0.0
e3,180120.0,0.0
e2,180120.0,0.0
e1,180120.0,9.681972222222228
e0,180120.0,9.408083333333337
c,180120.0,9.408083333333252
e9,180125.0,0.0
e8,180125.0,0.0
e7,180125.0,0.0
e6,180125.0,0.0
e5,180125.0,0.0
e4,180125.0,0.0
e3,180125.0,0.0
e2,180125.0,0.0
e1,180125.0,0.0
e0,180125.0,0.09799805555537944
c,180125.0,0.0
e9,181079.0,0.0
e8,181079.0,0.0
e7,181079.0,0.0
e6,181079.0,0.0
e5,181079.0,0.0
e4,181079.0,0.0
e3,181079.0,0.0
e2,181079.0,0.0
e1,181079.0,0.0
e0,181079.0,18.735500000000002
c,181079.0,0.0
e9,181084.0,0.0
e8,181084.0,0.0
e7,181084.0,0.0
e6,181084.0,0.0
e5,181084.0,0.0
e4,181084.0,0.0
e3,181084.0,0.0
e2,181084.0,0.0
e1,181084.0,0.0
e0,181084.0,0.09799805555537944
c,181084.0,0.0
e9,182411.0,0.0
e8,182411.0,0.0
e7,182411.0,0.0
e6,182411.0,0.0
e5,182411.0,0.0
e4,182411.0,0.0
e3,182411.0,0.0
e2,182411.0,0.0
e1,182411.0,0.0
e0,182411.0,26.06080555555556
c,182411.0,0.0
e9,182416.0,0.0
e8,182416.0,0.0
e7,182416.0,0.0
e6,182416.0,0.0
e5,182416.0,0.0
e4,182416.0,0.0
e3,182416.0,0.0
e2,182416.0,0.0
e1,182416.0,0.0
e0,182416.0,0.0
c,182416.0,0.0
e9,182421.0,0.0
e8,182421.0,0.0
e7,182421.0,0.0
e6,182421.0,0.0
e5,182421.0,0.0
e4,182421.0,0.0
e3,182421.0,0.0
e2,182421.0,0.0
e1,182421.0,0.0
e0,182421.0,0.0
c,182421.0,0.0
e9,185542.0,0.0
e8,185542.0,0.0
e7,185542.0,0.0
e6,185542.0,0.0
e5,185542.0,0.0
e4,185542.0,0.0
e3,185542.0,0.0
e2,185542.0,0.0
e1,185542.0,0.0
e0,185542.0,0.0
c,185542.0,0.0
e9,185780.0,0.0
e8,185780.0,0.0
e7,185780.0,0.0
e6,185780.0,0.0
e5,185780.0,0.0
e4,185780.0,0.0
e3,185780.0,0.0
e2,185780.0,0.0
e1,185780.0,0.0
e0,185780.0,0.0
c,185780.0,0.0
e9,187436.0,0.0
e8,187436.0,31.6018091666665
e7,187436.0,0.0
e6,187436.0,0.0
e5,187436.0,0.0
e4,187436.0,0.0
e3,187436.0,0.0
e2,187436.0,0.0
e1,187436.0,0.0
e0,187436.0,0.0
c,187436.0,0.0
e9,187441.0,0.0
e8,187441.0,0.0
e7,187441.0,0.0
e6,187441.0,0.0
e5,187441.0,0.0
e4,187441.0,0.0
e3,187441.0,0.0
e2,187441.0,0.0
e1,187441.0,0.0
e0,187441.0,0.0
c,187441.0,0.0
e9,189104.0,0.0
e8,189104.0,0.0
e7,189104.0,0.0
e6,189104.0,0.0
e5,189104.0,0.0
e4,189104.0,0.0
e3,189104.0,0.0
e2,189104.0,0.0
e1,189104.0,0.0
e0,189104.0,0.0
c,189104.0,0.0
e9,189436.0,0.0
e8,189436.0,0.0
e7,189436.0,0.0
e6,189436.0,0.0
e5,189436.0,0.0
e4,189436.0,0.0
e3,189436.0,0.0
e2,189436.0,0.0
e1,189436.0,0.0
e0,189436.0,0.0
c,189436.0,0.0
e9,190318.0,0.0
e8,190318.0,0.0
e7,190318.0,0.0
e6,190318.0,0.0
e5,190318.0,0.0
e4,190318.0,0.0
e3,190318.0,0.0
e2,190318.0,0.0
e1,190318.0,0.0
e0,190318.0,0.0
c,190318.0,0.0
e9,190702.0,0.0
e8,190702.0,7.434473055555372
e7,190702.0,0.0
e6,190702.0,0.0
e5,190702.0,0.0
e4,190702.0,0.0
e3,190702.0,0.0
e2,190702.0,0.0
e1,190702.0,0.0
e0,190702.0,0.0
c,190702.0,0.0
e9,190707.0,0.0
e8,190707.0,0.0
e7,190707.0,0.0
e6,190707.0,0.0
e5,190707.0,0.0
e4,190707.0,0.0
e3,190707.0,0.0
e2,190707.0,0.0
e1,190707.0,0.0
e0,190707.0,0.0
c,190707.0,0.0
e9,192681.0,0.0
e8,192681.0,0.0
e7,192681.0,0.0
e6,192681.0,0.0
e5,192681.0,0.0
e4,192681.0,0.0
e3,192681.0,0.0
e2,192681.0,0.0
e1,192681.0,0.0
e0,192681.0,0.0
c,192681.0,0.0
e9,193561.0,0.0
e8,193561.0,0.0
e7,193561.0,17.037584166666534
e6,193561.0,0.0
e5,193561.0,0.0
e4,193561.0,0.0
e3,193561.0,0.0
e2,193561.0,0.0
e1,193561.0,0.0
e0,193561.0,0.0
c,193561.0,0.0
e9,193566.0,0.0
e8,193566.0,0.0
e7,193566.0,0.09799805555542207
e6,193566.0,0.09522583333318835
e5,193566.0,0.0
e4,193566.0,0.0
e3,193566.0,0.0
e2,193566.0,0.0
e1,193566.0,0.0
e0,193566.0,0.0
c,193566.0,0.09522583333318835
e9,194080.0,0.0
e8,194080.0,0.0
e7,194080.0,10.094388888888943
e6,194080.0,9.808833333333382
e5,194080.0,0.0
e4,194080.0,0.0
e3,194080.0,0.0
e2,194080.0,0.0
e1,194080.0,0.0
e0,194080.0,0.0
c,194080.0,9.808833333333268
e9,194085.0,0.0
e8,194085.0,0.0
e7,194085.0,0.0
e6,194085.0,0.09522583333318835
e5,194085.0,0.0
e4,194085.0,0.0
e3,194085.0,0.0
e2,194085.0,0.0
e1,194085.0,0.0
e0,194085.0,0.0
c,194085.0,0.0
e9,195971.0,0.0
e8,195971.0,0.0
e7,195971.0,0.0
e6,195971.0,35.991166666666686
e5,195971.0,0.0
e4,195971.0,0.0
e3,195971.0,0.0
e2,195971.0,0.0
e1,195971.0,0.0
e0,195971.0,0.0
c,195971.0,0.0
e9,195976.0,0.0
e8,195976.0,0.0
e7,195976.0,0.0
e6,195976.0,0.0
e5,195976.0,0.0
e4,195976.0,0.0
e3,195976.0,0.0
e2,195976.0,0.0
e1,195976.0,0.0
e0,195976.0,0.0
c,195976.0,0.0
e9,196413.0,0.0
e8,196413.0,0.0
e7,196413.0,0.0
e6,196413.0,0.0
e5,196413.0,0.0
e4,196413.0,0.0
e3,196413.0,0.0
e2,196413.0,0.0
e1,196413.0,0.0
e0,196413.0,0.0
c,196413.0,0.0
e9,197521.0,0.0
e8,197521.0,0.0
e7,197521.0,0.0
e6,197521.0,0.0
e5,197521.0,0.0
e4,197521.0,0.0
e3,197521.0,0.0
e2,197521.0,0.0
e1,197521.0,0.0
e0,197521.0,0.0
c,197521.0,0.0
e9,197740.0,0.0
e8,197740.0,0.0
e7,197740.0,0.0
e6,197740.0,4.179059166666434
e5,197740.0,0.0
e4,197740.0,0.0
e3,197740.0,0.0
e2,197740.0,0.0
e1,197740.0,0.0
e0,197740.0,0.0
c,197740.0,0.0
e9,197745.0,0.0
e8,197745.0,0.0
e7,197745.0,0.0
e6,197745.0,0.0
e5,197745.0,0.0
e4,197745.0,0.0
e3,197745.0,0.0
e2,197745.0,0.0
e1,197745.0,0.0
e0,197745.0,0.0
c,197745.0,0.0
e9,198758.0,0.0
e8,198758.0,0.0
e7,198758.0,0.0
e6,198758.0,0.0
e5,198758.0,0.0
e4,198758.0,0.0
e3,198758.0,0.0
e2,198758.0,0.0
e1,198758.0,0.0
e0,198758.0,0.0
c,198758.0,0.0
e9,200316.0,0.0
e8,200316.0,0.0
e7,200316.0,0.0
e6,200316.0,0.0
e5,200316.0,0.0
e4,200316.0,0.0
e3,200316.0,0.0
e2,200316.0,0.0
e1,200316.0,0.0
e0,200316.0,0.0
c,200316.0,0.0
e9,203452.0,0.0
e8,203452.0,0.0
e7,203452.0,0.0
e6,203452.0,0.0
e5,203452.0,0.0
e4,203452.0,0.0
e3,203452.0,0.0
e2,203452.0,0.0
e1,203452.0,0.0
e0,203452.0,0.0
c,203452.0,0.0
e9,203661.0,0.0
e8,203661.0,0.0
e7,203661.0,0.0
e6,203661.0,0.0
e5,203661.0,0.0
e4,203661.0,0.0
e3,203661.0,0.0
e2,203661.0,0.0
e1,203661.0,0.0
e0,203661.0,0.0
c,203661.0,0.0
e9,204417.0,0.0
e8,204417.0,0.0
e7,204417.0,0.0
e6,204417.0,0.0
e5,204417.0,0.0
e4,204417.0,0.0
e3,204417.0,0.0
e2,204417.0,0.0
e1,204417.0,0.0
e0,204417.0,0.0
c,204417.0,0.0
e9,204920.0,9.878164722222039
e8,204920.0,0.0
e7,204920.0,0.0
e6,204920.0,9.598725833333106
e5,204920.0,0.0
e4,204920.0,0.0
e3,204920.0,0.0
e2,204920.0,0.0
e1,204920.0,0.0
e0,204920.0,0.0
c,204920.0,9.59872583333322
e9,204925.0,0.0
e8,204925.0,0.0
e7,204925.0,0.0
e6,204925.0,0.0
e5,204925.0,0.0
e4,204925.0,0.0
e3,204925.0,0.0
e2,204925.0,0.0
e1,204925.0,0.0
e0,204925.0,0.0
c,204925.0,0.0
e9,205974.0,0.0
e8,205974.0,0.0
e7,205974.0,0.0
e6,205974.0,0.0
e5,205974.0,0.0
e4,205974.0,0.0
e3,205974.0,0.0
e2,205974.0,0.0
e1,205974.0,0.0
e0,205974.0,0.0
c,205974.0,0.0
e9,206595.0,0.0
e8,206595.0,0.0
e7,206595.0,0.0
e6,206595.0,0.0
e5,206595.0,0.0
e4,206595.0,0.0
e3,206595.0,0.0
e2,206595.0,0.0
e1,206595.0,0.0
e0,206595.0,0.0
c,206595.0,0.0
e9,208672.0,0.0
e8,208672.0,0.0
e7,208672.0,0.0
e6,208672.0,0.0
e5,208672.0,0.0
e4,208672.0,0.0
e3,208672.0,0.0
e2,208672.0,0.0
e1,208672.0,0.0
e0,208672.0,0.0
c,208672.0,0.0
e9,209432.0,0.0
e8,209432.0,0.0
e7,209432.0,0.0
e6,209432.0,0.0
e5,209432.0,0.0
e4,209432.0,0.0
e3,209432.0,0.0
e2,209432.0,0.0
e1,209432.0,0.0
e0,209432.0,0.0
c,209432.0,0.0
e9,210330.0,0.0
e8,210330.0,17.136642499999766
e7,210330.0,0.0
e6,210330.0,17.13664249999988
e5,210330.0,17.38608416666648
e4,210330.0,0.0
e3,210330.0,0.0
e2,210330.0,0.0
e1,210330.0,0.0
e0,210330.0,0.0
c,210330.0,17.38608416666648
e9,210335.0,0.0
e8,210335.0,0.0
e7,210335.0,0.0
e6,210335.0,0.0
e5,210335.0,0.0
e4,210335.0,0.0
e3,210335.0,0.0
e2,210335.0,0.0
e1,210335.0,0.0
e0,210335.0,0.0
c,210335.0,0.0
e9,211041.0,0.0
e8,211041.0,0.0
e7,211041.0,0.0
e6,211041.0,0.0
e5,211041.0,0.0
e4,211041.0,0.0
e3,211041.0,0.0
e2,211041.0,0.0
e1,211041.0,0.0
e0,211041.0,0.0
c,211041.0,0.0
e9,211102.0,0.0
e8,211102.0,0.0
e7,211102.0,1.1638924999998608
e6,211102.0,1.1808341666665
e5,211102.0,1.1638924999998324
e4,211102.0,0.0
e3,211102.0,0.0
e2,211102.0,0.0
e1,211102.0,0.0
e0,211102.0,0.0
c,211102.0,1.1808341666665
e9,211107.0,0.0
e8,211107.0,0.0
e7,211107.0,0.0
e6,211107.0,0.0
e5,211107.0,0.09522583333315993
e4,211107.0,0.0
e3,211107.0,0.0
e2,211107.0,0.0
e1,211107.0,0.0
e0,211107.0,0.0
c,211107.0,0.0
e9,212475.0,0.0
e8,212475.0,0.0
e7,212475.0,0.0
e6,212475.0,0.0
e5,212475.0,26.105999999999995
e4,212475.0,0.0
e3,212475.0,0.0
e2,212475.0,0.0
e1,212475.0,0.0
e0,212475.0,0.0
c,212475.0,0.0
e9,212480.0,0.0
e8,212480.0,0.0
e7,212480.0,0.0
e6,212480.0,0.0
e5,212480.0,0.0
e4,212480.0,0.09799805555536523
e3,212480.0,0.0
e2,212480.0,0.0
e1,212480.0,0.0
e0,212480.0,0.0
c,212480.0,0.0
e9,212631.0,0.0
e8,212631.0,0.0
e7,212631.0,0.0
e6,212631.0,0.0
e5,212631.0,0.0
e4,212631.0,2.9654722222222176
e3,212631.0,0.0
e2,212631.0,0.0
e1,212631.0,0.0
e0,212631.0,0.0
c,212631.0,0.0
e9,212636.0,0.0
e8,212636.0,0.0
e7,212636.0,0.0
e6,212636.0,0.0
e5,212636.0,0.0
e4,212636.0,0.0
e3,212636.0,0.0
e2,212636.0,0.0
e1,212636.0,0.0
e0,212636.0,0.0
c,212636.0,0.0
e9,213110.0,0.0
e8,213110.0,0.0
e7,213110.0,0.0
e6,213110.0,0.0
e5,213110.0,0.0
e4,213110.0,0.0
e3,213110.0,0.0
e2,213110.0,0.0
e1,213110.0,0.0
e0,213110.0,0.0
c,213110.0,0.0
e9,213480.0,0.0
e8,213480.0,0.0
e7,213480.0,0.0
e6,213480.0,0.0
e5,213480.0,0.0
e4,213480.0,0.0
e3,213480.0,7.266192499999818
e2,213480.0,0.0
e1,213480.0,0.0
e0,213480.0,0.0
c,213480.0,0.0
e9,213485.0,0.0
e8,213485.0,0.0
e7,213485.0,0.0
e6,213485.0,0.0
e5,213485.0,0.0
e4,213485.0,0.0
e3,213485.0,0.0
e2,213485.0,0.0
e1,213485.0,0.0
e0,213485.0,0.0
c,213485.0,0.0
e9,213618.0,0.0
e8,213618.0,0.0
e7,213618.0,0.0
e6,213618.0,0.0
e5,213618.0,0.0
e4,213618.0,0.0
e3,213618.0,0.0
e2,213618.0,0.0
e1,213618.0,0.0
e0,213618.0,0.0
c,213618.0,0.0
e9,215325.0,0.0
e8,215325.0,0.0
e7,215325.0,33.52338694444427
e6,215325.0,0.0
e5,215325.0,0.0
e4,215325.0,0.0
e3,215325.0,32.57505916666648
e2,215325.0,0.0
e1,215325.0,0.0
e0,215325.0,0.0
c,215325.0,32.575059166666506
e9,215330.0,0.0
e8,215330.0,0.0
e7,215330.0,0.0
e6,215330.0,0.0
e5,215330.0,0.0
e4,215330.0,0.0
e3,215330.0,0.0
e2,215330.0,0.09799805555536523
e1,215330.0,0.0
e0,215330.0,0.0
c,215330.0,0.0
e9,215479.0,0.0
e8,215479.0,0.0
e7,215479.0,0.0
e6,215479.0,0.0
e5,215479.0,0.0
e4,215479.0,0.0
e3,215479.0,0.0
e2,215479.0,2.926194444444434
e1,215479.0,0.0
e0,215479.0,0.0
c,215479.0,0.0
e9,215484.0,0.0
e8,215484.0,0.0
e7,215484.0,0.0
e6,215484.0,0.0
e5,215484.0,0.0
e4,215484.0,0.0
e3,215484.0,0.0
e2,215484.0,0.09661194444427679
e1,215484.0,0.09661194444426258
e0,215484.0,0.0
c,215484.0,0.09522583333318835
e9,216059.0,0.0
e8,216059.0,0.0
e7,216059.0,0.0
e6,216059.0,0.0
e5,216059.0,0.0
e4,216059.0,0.0
e3,216059.0,0.0
e2,216059.0,11.132638888888891
e1,216059.0,11.132638888888877
e0,216059.0,0.0
c,216059.0,10.972916666666606
e9,216064.0,0.0
e8,216064.0,0.0
e7,216064.0,0.0
e6,216064.0,0.0
e5,216064.0,0.0
e4,216064.0,0.0
e3,216064.0,0.0
e2,216064.0,0.0
e1,216064.0,0.0
e0,216064.0,0.0
c,216064.0,0.0
e9,216755.0,0.0
e8,216755.0,0.0
e7,216755.0,0.0
e6,216755.0,0.0
e5,216755.0,0.0
e4,216755.0,0.0
e3,216755.0,0.0
e2,216755.0,0.0
e1,216755.0,0.0
e0,216755.0,0.0
c,216755.0,0.0
e9,218523.0,0.0
e8,218523.0,0.0
e7,218523.0,33.73914249999984
e6,218523.0,0.0
e5,218523.0,0.0
e4,218523.0,0.0
e3,218523.0,0.0
e2,218523.0,0.0
e1,218523.0,0.0
e0,218523.0,0.0
c,218523.0,0.0
e9,218528.0,0.0
e8,218528.0,0.0
e7,218528.0,0.0
e6,218528.0,0.0
e5,218528.0,0.0
e4,218528.0,0.0
e3,218528.0,0.0
e2,218528.0,0.0
e1,218528.0,0.09799805555536523
e0,218528.0,0.09522583333315993
c,218528.0,0.09522583333318835
e9,220806.0,0.0
e8,220806.0,0.0
e7,220806.0,0.0
e6,220806.0,0.0
e5,220806.0,0.0
e4,220806.0,0.0
e3,220806.0,0.0
e2,220806.0,0.0
e1,220806.0,44.73738888888889
e0,220806.0,43.471833333333336
c,220806.0,43.47183333333328
e9,220811.0,0.0
e8,220811.0,0.0
e7,220811.0,0.0
e6,220811.0,0.0
e5,220811.0,0.0
e4,220811.0,0.0
e3,220811.0,0.0
e2,220811.0,0.0
e1,220811.0,0.0
e0,220811.0,0.0
c,220811.0,0.0
e9,222500.0,0.0
e8,222500.0,0.0
e7,222500.0,0.0
e6,222500.0,0.0
e5,222500.0,0.0
e4,222500.0,0.0
e3,222500.0,0.0
e2,222500.0,0.0
e1,222500.0,0.0
e0,222500.0,0.0
c,222500.0,0.0
e9,222840.0,6.677025833333175
e8,222840.0,0.0
e7,222840.0,0.0
e6,222840.0,0.0
e5,222840.0,0.0
e4,222840.0,0.0
e3,222840.0,0.0
e2,222840.0,0.0
e1,222840.0,0.0
e0,222840.0,0.0
c,222840.0,0.0
e9,222845.0,0.0
e8,222845.0,0.0
e7,222845.0,0.0
e6,222845.0,0.0
e5,222845.0,0.0
e4,222845.0,0.0
e3,222845.0,0.0
e2,222845.0,0.0
e1,222845.0,0.0
e0,222845.0,0.0
c,222845.0,0.0
e9,222916.0,0.0
e8,222916.0,0.0
e7,222916.0,0.0
e6,222916.0,0.0
e5,222916.0,0.0
e4,222916.0,0.0
e3,222916.0,0.0
e2,222916.0,0.0
e1,222916.0,0.0
e0,222916.0,0.0
c,222916.0,0.0
e9,223740.0,0.0
e8,223740.0,0.0
e7,223740.0,0.0
e6,223740.0,0.0
e5,223740.0,0.0
e4,223740.0,0.0
e3,223740.0,0.0
e2,223740.0,15.724475833333145
e1,223740.0,15.724475833333145
e0,223740.0,15.953361944444254
c,223740.0,15.953361944444168
e9,223745.0,0.0
e8,223745.0,0.0
e7,223745.0,0.0
e6,223745.0,0.0
e5,223745.0,0.0
e4,223745.0,0.0
e3,223745.0,0.0
e2,223745.0,0.0
e1,223745.0,0.0
e0,223745.0,0.09522583333315993
c,223745.0,0.0
e9,225192.0,0.0
e8,225192.0,0.0
e7,225192.0,0.0
e6,225192.0,0.0
e5,225192.0,0.0
e4,225192.0,0.0
e3,225192.0,0.0
e2,225192.0,0.0
e1,225192.0,0.0
e0,225192.0,27.613583333333338
c,225192.0,0.0
e9,225197.0,0.0
e8,225197.0,0.0
e7,225197.0,0.0
e6,225197.0,0.0
e5,225197.0,0.0
e4,225197.0,0.0
e3,225197.0,0.0
e2,225197.0,0.0
e1,225197.0,0.0
e0,225197.0,0.09661194444427679
c,225197.0,0.0
e9,228025.0,0.0
e8,228025.0,0.0
e7,228025.0,0.0
e6,228025.0,0.0
e5,228025.0,0.0
e4,228025.0,0.0
e3,228025.0,0.0
e2,228025.0,0.0
e1,228025.0,0.0
e0,228025.0,54.753222222222234
c,228025.0,0.0
e9,228030.0,0.0952258333331315
e8,228030.0,0.09661194444424837
e7,228030.0,0.0
e6,228030.0,0.0
e5,228030.0,0.0
e4,228030.0,0.0
e3,228030.0,0.0
e2,228030.0,0.0
e1,228030.0,0.0
e0,228030.0,0.0952258333331315
c,228030.0,0.09661194444424837
e9,228247.0,4.141083333333313
e8,228247.0,4.201361111111055
e7,228247.0,0.0
e6,228247.0,0.0
e5,228247.0,0.0
e4,228247.0,0.0
e3,228247.0,0.0
e2,228247.0,0.0
e1,228247.0,0.0
e0,228247.0,4.141083333333313
c,228247.0,4.201361111111055
e9,228252.0,0.0
e8,228252.0,0.09522583333318835
e7,228252.0,0.09522583333318835
e6,228252.0,0.0
e5,228252.0,0.0
e4,228252.0,0.0
e3,228252.0,0.0
e2,228252.0,0.0
e1,228252.0,0.0
e0,228252.0,0.0
c,228252.0,0.09522583333318835
e9,228401.0,0.0
e8,228401.0,2.8434166666667124
e7,228401.0,2.8434166666667124
e6,228401.0,0.0
e5,228401.0,0.0
e4,228401.0,0.0
e3,228401.0,0.0
e2,228401.0,0.0
e1,228401.0,0.0
e0,228401.0,0.0
c,228401.0,2.8434166666665988
e9,228406.0,0.0
e8,228406.0,0.0
e7,228406.0,0.0
e6,228406.0,0.0
e5,228406.0,0.0
e4,228406.0,0.0
e3,228406.0,0.0
e2,228406.0,0.0
e1,228406.0,0.0
e0,228406.0,0.0
c,228406.0,0.0
e9,228606.0,0.0
e8,228606.0,0.0
e7,228606.0,0.0
e6,228606.0,0.0
e5,228606.0,0.0
e4,228606.0,0.0
e3,228606.0,0.0
e2,228606.0,0.0
e1,228606.0,0.0
e0,228606.0,0.0
c,228606.0,0.0
e9,230524.0,0.0
e8,230524.0,0.0
e7,230524.0,0.0
e6,230524.0,0.0
e5,230524.0,0.0
e4,230524.0,0.0
e3,230524.0,0.0
e2,230524.0,0.0
e1,230524.0,0.0
e0,230524.0,0.0
c,230524.0,0.0
e9,232948.0,46.93113972222204
e8,232948.0,0.0
e7,232948.0,0.0
e6,232948.0,0.0
e5,232948.0,46.931139722222014
e4,232948.0,0.0
e3,232948.0,0.0
e2,232948.0,0.0
e1,232948.0,0.0
e0,232948.0,0.0
c,232948.0,46.25780916666645
e9,232953.0,0.0
e8,232953.0,0.0
e7,232953.0,0.0
e6,232953.0,0.0
e5,232953.0,0.0
e4,232953.0,0.0
e3,232953.0,0.0
e2,232953.0,0.0
e1,232953.0,0.0
e0,232953.0,0.0
c,232953.0,0.0
e9,233372.0,0.0
e8,233372.0,0.0
e7,233372.0,0.0
e6,233372.0,0.0
e5,233372.0,0.0
e4,233372.0,0.0
e3,233372.0,0.0
e2,233372.0,0.0
e1,233372.0,0.0
e0,233372.0,0.0
c,233372.0,0.0
e9,233547.0,0.0
e8,233547.0,0.0
e7,233547.0,0.0
e6,233547.0,0.0
e5,233547.0,0.0
e4,233547.0,0.0
e3,233547.0,0.0
e2,233547.0,0.0
e1,233547.0,0.0
e0,233547.0,0.0
c,233547.0,0.0
e9,235614.0,0.0
e8,235614.0,0.0
e7,235614.0,0.0
e6,235614.0,40.01922305555536
e5,235614.0,0.0
e4,235614.0,0.0
e3,235614.0,39.44505916666651
e2,235614.0,0.0
e1,235614.0,0.0
e0,235614.0,0.0
c,235614.0,39.4450591666664
e9,235619.0,0.0
e8,235619.0,0.09522583333318835
e7,235619.0,0.0
e6,235619.0,0.0
e5,235619.0,0.0
e4,235619.0,0.0
e3,235619.0,0.09799805555536523
e2,235619.0,0.0
e1,235619.0,0.0
e0,235619.0,0.0
c,235619.0,0.09522583333318835
e9,236446.0,0.0
e8,236446.0,15.781916666666689
e7,236446.0,0.0
e6,236446.0,0.0
e5,236446.0,0.0
e4,236446.0,0.0
e3,236446.0,16.241361111111132
e2,236446.0,0.0
e1,236446.0,0.0
e0,236446.0,0.0
c,236446.0,15.781916666666575
e9,236451.0,0.0
e8,236451.0,0.0
e7,236451.0,0.0
e6,236451.0,0.09661194444424837
e5,236451.0,0.0
e4,236451.0,0.0
e3,236451.0,0.0
e2,236451.0,0.0
e1,236451.0,0.0
e0,236451.0,0.0
c,236451.0,0.0
e9,236686.0,0.0
e8,236686.0,0.0
e7,236686.0,0.0
e6,236686.0,4.549861111111113
e5,236686.0,0.0
e4,236686.0,0.0
e3,236686.0,0.0
e2,236686.0,0.0
e1,236686.0,0.0
e0,236686.0,0.0
c,236686.0,0.0
e9,236691.0,0.0
e8,236691.0,0.0
e7,236691.0,0.0
e6,236691.0,0.0
e5,236691.0,0.09661194444424837
e4,236691.0,0.0
e3,236691.0,0.0
e2,236691.0,0.0
e1,236691.0,0.0
e0,236691.0,0.0
c,236691.0,0.0
e9,236914.0,0.0
e8,236914.0,0.0
e7,236914.0,0.0
e6,236914.0,0.0
e5,236914.0,4.317527777777798
e4,236914.0,0.0
e3,236914.0,0.0
e2,236914.0,0.0
e1,236914.0,0.0
e0,236914.0,0.0
c,236914.0,0.0
e9,236919.0,0.0
e8,236919.0,0.0
e7,236919.0,0.0
e6,236919.0,0.0
e5,236919.0,0.0
e4,236919.0,0.0
e3,236919.0,0.0
e2,236919.0,0.0
e1,236919.0,0.0
e0,236919.0,0.0
c,236919.0,0.0
e9,237270.0,0.0
e8,237270.0,0.0
e7,237270.0,0.0
e6,237270.0,0.0
e5,237270.0,0.0
e4,237270.0,0.0
e3,237270.0,0.0
e2,237270.0,0.0
e1,237270.0,0.0
e0,237270.0,0.0
c,237270.0,0.0
e9,237554.0,0.0
e8,237554.0,0.0
e7,237554.0,0.0
e6,237554.0,0.0
e5,237554.0,0.0
e4,237554.0,0.0
e3,237554.0,0.0
e2,237554.0,0.0
e1,237554.0,0.0
e0,237554.0,0.0
c,237554.0,0.0
e9,237624.0,0.0
e8,237624.0,0.0
e7,237624.0,1.3356424999998353
e6,237624.0,0.0
e5,237624.0,0.0
e4,237624.0,0.0
e3,237624.0,0.0
e2,237624.0,1.3550841666664724
e1,237624.0,0.0
e0,237624.0,0.0
c,237624.0,1.3356424999997216
e9,237629.0,0.0
e8,237629.0,0.0
e7,237629.0,0.0
e6,237629.0,0.0
e5,237629.0,0.0
e4,237629.0,0.0
e3,237629.0,0.0
e2,237629.0,0.0
e1,237629.0,0.0
e0,237629.0,0.0
c,237629.0,0.0
e9,237676.0,0.0
e8,237676.0,0.0
e7,237676.0,0.0
e6,237676.0,0.0
e5,237676.0,0.0
e4,237676.0,0.0
e3,237676.0,0.0
e2,237676.0,0.0
e1,237676.0,0.0
e0,237676.0,0.0
c,237676.0,0.0
e9,240603.0,0.0
e8,240603.0,0.0
e7,240603.0,0.0
e6,240603.0,0.0
e5,240603.0,0.0
e4,240603.0,57.48283138888871
e3,240603.0,0.0
e2,240603.0,0.0
e1,240603.0,0.0
e0,240603.0,0.0
c,240603.0,0.0
e9,240608.0,0.0
e8,240608.0,0.0
e7,240608.0,0.0
e6,240608.0,0.0
e5,240608.0,0.0
e4,240608.0,0.0
e3,240608.0,0.0
e2,240608.0,0.0
e1,240608.0,0.0
e0,240608.0,0.0
c,240608.0,0.0
e9,243159.0,0.0
e8,243159.0,0.0
e7,243159.0,0.0
e6,243159.0,0.0
e5,243159.0,0.0
e4,243159.0,0.0
e3,243159.0,0.0
e2,243159.0,0.0
e1,243159.0,0.0
e0,243159.0,0.0
c,243159.0,0.0
e9,244706.0,0.0
e8,244706.0,0.0
e7,244706.0,0.0
e6,244706.0,0.0
e5,244706.0,0.0
e4,244706.0,0.0
e3,244706.0,0.0
e2,244706.0,0.0
e1,244706.0,0.0
e0,244706.0,0.0
c,244706.0,0.0
e9,248023.0,0.0
e8,248023.0,0.0
e7,248023.0,0.0
e6,248023.0,0.0
e5,248023.0,0.0
e4,248023.0,0.0
e3,248023.0,0.0
e2,248023.0,0.0
e1,248023.0,0.0
e0,248023.0,0.0
c,248023.0,0.0
e9,252985.0,0.0
e8,252985.0,0.0
e7,252985.0,0.0
e6,252985.0,0.0
e5,252985.0,0.0
e4,252985.0,0.0
e3,252985.0,0.0
e2,252985.0,0.0
e1,252985.0,0.0
e0,252985.0,0.0
c,252985.0,0.0
e9,253428.0,0.0
e8,253428.0,0.0
e7,253428.0,0.0
e6,253428.0,0.0
e5,253428.0,0.0
e4,253428.0,0.0
e3,253428.0,0.0
e2,253428.0,0.0
e1,253428.0,0.0
e0,253428.0,0.0
c,253428.0,0.0
e9,253568.0,0.0
e8,253568.0,0.0
e7,253568.0,0.0
e6,253568.0,0.0
e5,253568.0,0.0
e4,253568.0,0.0
e3,253568.0,0.0
e2,253568.0,0.0
e1,253568.0,0.0
e0,253568.0,0.0
c,253568.0,0.0
e9,253709.0,0.0
e8,253709.0,0.0
e7,253709.0,0.0
e6,253709.0,0.0
e5,253709.0,0.0
e4,253709.0,0.0
e3,253709.0,0.0
e2,253709.0,0.0
e1,253709.0,0.0
e0,253709.0,0.0
c,253709.0,0.0
e9,254488.0,0.0
e8,254488.0,0.0
e7,254488.0,0.0
e6,254488.0,0.0
e5,254488.0,0.0
e4,254488.0,0.0
e3,254488.0,0.0
e2,254488.0,0.0
e1,254488.0,0.0
e0,254488.0,0.0
c,254488.0,0.0
e9,259126.0,0.0
e8,259126.0,0.0
e7,259126.0,0.0
e6,259126.0,0.0
e5,259126.0,0.0
e4,259126.0,0.0
e3,259126.0,0.0
e2,259126.0,0.0
e1,259126.0,0.0
e0,259126.0,0.0
c,259126.0,0.0
e9,261412.0,0.0
e8,261412.0,0.0
e7,261412.0,0.0
e6,261412.0,0.0
e5,261412.0,0.0
e4,261412.0,0.0
e3,261412.0,0.0
e2,261412.0,0.0
e1,261412.0,0.0
e0,261412.0,0.0
c,261412.0,0.0
e9,266250.0,0.0
e8,266250.0,0.0
e7,266250.0,0.0
e6,266250.0,0.0
e5,266250.0,0.0
e4,266250.0,0.0
e3,266250.0,0.0
e2,266250.0,0.0
e1,266250.0,0.0
e0,266250.0,0.0
c,266250.0,0.0
e9,270375.0,0.0
e8,270375.0,0.0
e7,270375.0,0.0
e6,270375.0,0.0
e5,270375.0,0.0
e4,270375.0,0.0
e3,270375.0,0.0
e2,270375.0,0.0
e1,270375.0,0.0
e0,270375.0,0.0
c,270375.0,0.0
e9,271583.0,0.0
e8,271583.0,0.0
e7,271583.0,0.0
e6,271583.0,0.0
e5,271583.0,0.0
e4,271583.0,0.0
e3,271583.0,0.0
e2,271583.0,0.0
e1,271583.0,0.0
e0,271583.0,0.0
c,271583.0,0.0
e9,275896.0,0.0
e8,275896.0,0.0
e7,275896.0,0.0
e6,275896.0,0.0
e5,275896.0,0.0
e4,275896.0,0.0
e3,275896.0,0.0
e2,275896.0,0.0
e1,275896.0,0.0
e0,275896.0,0.0
c,275896.0,0.0
e9,284733.0,0.0
e8,284733.0,0.0
e7,284733.0,0.0
e6,284733.0,0.0
e5,284733.0,0.0
e4,284733.0,0.0
e3,284733.0,0.0
e2,284733.0,0.0
e1,284733.0,0.0
e0,284733.0,0.0
c,284733.0,0.0
e9,291271.0,0.0
e8,291271.0,0.0
e7,291271.0,0.0
e6,291271.0,0.0
e5,291271.0,0.0
e4,291271.0,0.0
e3,291271.0,0.0
e2,291271.0,0.0
e1,291271.0,0.0
e0,291271.0,0.0
c,291271.0,0.0
e9,298414.0,0.0
e8,298414.0,0.0
e7,298414.0,0.0
e6,298414.0,0.0
e5,298414.0,0.0
e4,298414.0,0.0
e3,298414.0,0.0
e2,298414.0,0.0
e1,298414.0,0.0
e0,298414.0,0.0
c,298414.0,0.0
e9,304761.0,0.0
e8,304761.0,0.0
e7,304761.0,0.0
e6,304761.0,0.0
e5,304761.0,0.0
e4,304761.0,0.0
e3,304761.0,0.0
e2,304761.0,0.0
e1,304761.0,0.0
e0,304761.0,0.0
c,304761.0,0.0
e9,338533.0,0.0
e8,338533.0,0.0
e7,338533.0,0.0
e6,338533.0,0.0
e5,338533.0,0.0
e4,338533.0,0.0
e3,338533.0,0.0
e2,338533.0,0.0
e1,338533.0,0.0
e0,338533.0,0.0
c,338533.0,0.0
e9,339345.0,0.0
e8,339345.0,0.0
e7,339345.0,0.0
e6,339345.0,0.0
e5,339345.0,0.0
e4,339345.0,0.0
e3,339345.0,0.0
e2,339345.0,0.0
e1,339345.0,0.0
e0,339345.0,0.0
c,339345.0,0.0
e9,358141.0,0.0
e8,358141.0,0.0
e7,358141.0,0.0
e6,358141.0,0.0
e5,358141.0,0.0
e4,358141.0,0.0
e3,358141.0,0.0
e2,358141.0,0.0
e1,358141.0,0.0
e0,358141.0,0.0
c,358141.0,0.0
e9,373330.0,0.0
e8,373330.0,0.0
e7,373330.0,0.0
e6,373330.0,0.0
e5,373330.0,0.0
e4,373330.0,0.0
e3,373330.0,0.0
e2,373330.0,0.0
e1,373330.0,0.0
e0,373330.0,0.0
c,373330.0,0.0
e9,476920.0,0.0
e8,476920.0,0.0
e7,476920.0,0.0
e6,476920.0,0.0
e5,476920.0,0.0
e4,476920.0,0.0
e3,476920.0,0.0
e2,476920.0,0.0
e1,476920.0,0.0
e0,476920.0,0.0
c,476920.0,0.0
e9,484509.0,0.0
e8,484509.0,0.0
e7,484509.0,0.0
e6,484509.0,0.0
e5,484509.0,0.0
e4,484509.0,0.0
e3,484509.0,0.0
e2,484509.0,0.0
e1,484509.0,0.0
e0,484509.0,0.0
c,484509.0,0.0
e9,500568.0,0.0
e8,500568.0,0.0
e7,500568.0,0.0
e6,500568.0,0.0
e5,500568.0,0.0
e4,500568.0,0.0
e3,500568.0,0.0
e2,500568.0,0.0
e1,500568.0,0.0
e0,500568.0,0.0
c,500568.0,0.0
e9,502117.0,0.0
e8,502117.0,0.0
e7,502117.0,0.0
e6,502117.0,0.0
e5,502117.0,0.0
e4,502117.0,0.0
e3,502117.0,0.0
e2,502117.0,0.0
e1,502117.0,0.0
e0,502117.0,0.0
c,502117.0,0.0
e9,1000000.01,0.0
e8,1000000.01,0.0
e7,1000000.01,0.0
e6,1000000.01,0.0
e5,1000000.01,0.0
e4,1000000.01,0.0
e3,1000000.01,0.0
e2,1000000.01,0.0
e1,1000000.01,0.0
e0,1000000.01,0.0
c,1000000.01,0.0
e9,1.7542281E7,0.0
e8,1.7542281E7,0.0
e7,1.7542281E7,0.0
e6,1.7542281E7,0.0
e5,1.7542281E7,0.0
e4,1.7542281E7,0.0
e3,1.7542281E7,0.0
e2,1.7542281E7,0.0
e1,1.7542281E7,0.0
e0,1.7542281E7,0.0
c,1.7542281E7,0.0
e9,1.7542286E7,0.0
e8,1.7542286E7,0.0
e7,1.7542286E7,0.0
e6,1.7542286E7,0.0
e5,1.7542286E7,0.0
e4,1.7542286E7,0.0
e3,1.7542286E7,0.0
e2,1.7542286E7,0.0
e1,1.7542286E7,0.0
e0,1.7542286E7,0.0
c,1.7542286E7,0.0
