chain1_psfc1SF-A,1.0,0.0
chain1_psfc1SF-B,1.0,0.0
chain1_psfc1SF-C,1.0,0.0
chain1_psfc1SF-D,1.0,0.0
chain1_psfc2SF-A,1.0,0.0
chain1_psfc2SF-B,1.0,0.0
chain1_psfc2SF-C,1.0,0.0
chain1_psfc2SF-D,1.0,0.0
chain2_psfc1SF-A,1.0,0.8758388637274549
chain2_psfc1SF-B,1.0,0.0
chain2_psfc1SF-D,1.0,0.0
chain2_psfc2SF-A,1.0,0.0
chain2_psfc2SF-B,1.0,0.0
chain2_psfc2SF-D,1.0,0.0
Egress1,1.0,0.0
Egress2,1.0,0.0
Ingress1,1.0,0.0
Ingress2,1.0,0.0
Ingress3,1.0,0.0
Ingress4,1.0,0.0
chain1_psfc1SF-A,2.2699902643823395,0.0
chain1_psfc1SF-B,2.2699902643823395,0.0
chain1_psfc1SF-C,2.2699902643823395,0.0
chain1_psfc1SF-D,2.2699902643823395,0.0
chain1_psfc2SF-A,2.2699902643823395,0.0
chain1_psfc2SF-B,2.2699902643823395,0.0
chain1_psfc2SF-C,2.2699902643823395,0.0
chain1_psfc2SF-D,2.2699902643823395,0.0
chain2_psfc1SF-A,2.2699902643823395,1.0015696088328074
chain2_psfc1SF-B,2.2699902643823395,0.0
chain2_psfc1SF-D,2.2699902643823395,0.0
chain2_psfc2SF-A,2.2699902643823395,0.0
chain2_psfc2SF-B,2.2699902643823395,0.0
chain2_psfc2SF-D,2.2699902643823395,0.0
Egress1,2.2699902643823395,0.0
Egress2,2.2699902643823395,0.0
Ingress1,2.2699902643823395,0.0
Ingress2,2.2699902643823395,0.0
Ingress3,2.2699902643823395,0.0
Ingress4,2.2699902643823395,0.0
chain1_psfc1SF-A,3.2699902643823395,0.0
chain1_psfc1SF-B,3.2699902643823395,0.0
chain1_psfc1SF-C,3.2699902643823395,0.0
chain1_psfc1SF-D,3.2699902643823395,0.0
chain1_psfc2SF-A,3.2699902643823395,0.0
chain1_psfc2SF-B,3.2699902643823395,0.0
chain1_psfc2SF-C,3.2699902643823395,0.0
chain1_psfc2SF-D,3.2699902643823395,0.0
chain2_psfc1SF-A,3.2699902643823395,0.02932002605210421
chain2_psfc1SF-B,3.2699902643823395,0.7922521783567134
chain2_psfc1SF-D,3.2699902643823395,0.0
chain2_psfc2SF-A,3.2699902643823395,0.0
chain2_psfc2SF-B,3.2699902643823395,0.0
chain2_psfc2SF-D,3.2699902643823395,0.0
Egress1,3.2699902643823395,0.0
Egress2,3.2699902643823395,0.0
Ingress1,3.2699902643823395,0.0
Ingress2,3.2699902643823395,0.0
Ingress3,3.2699902643823395,0.0
Ingress4,3.2699902643823395,0.0
chain1_psfc1SF-A,4.26999026438234,0.0
chain1_psfc1SF-B,4.26999026438234,0.0
chain1_psfc1SF-C,4.26999026438234,0.0
chain1_psfc1SF-D,4.26999026438234,0.0
chain1_psfc2SF-A,4.26999026438234,0.0
chain1_psfc2SF-B,4.26999026438234,0.0
chain1_psfc2SF-C,4.26999026438234,0.0
chain1_psfc2SF-D,4.26999026438234,0.0
chain2_psfc1SF-A,4.26999026438234,0.0
chain2_psfc1SF-B,4.26999026438234,1.002004006012024
chain2_psfc1SF-D,4.26999026438234,0.0
chain2_psfc2SF-A,4.26999026438234,0.0
chain2_psfc2SF-B,4.26999026438234,0.0
chain2_psfc2SF-D,4.26999026438234,0.0
Egress1,4.26999026438234,0.0
Egress2,4.26999026438234,0.0
Ingress1,4.26999026438234,0.0
Ingress2,4.26999026438234,0.0
Ingress3,4.26999026438234,0.0
Ingress4,4.26999026438234,0.0
chain1_psfc1SF-A,5.26999026438234,0.0
chain1_psfc1SF-B,5.26999026438234,0.0
chain1_psfc1SF-C,5.26999026438234,0.0
chain1_psfc1SF-D,5.26999026438234,0.0
chain1_psfc2SF-A,5.26999026438234,0.0
chain1_psfc2SF-B,5.26999026438234,0.0
chain1_psfc2SF-C,5.26999026438234,0.0
chain1_psfc2SF-D,5.26999026438234,0.0
chain2_psfc1SF-A,5.26999026438234,0.0
chain2_psfc1SF-B,5.26999026438234,0.14929929919678714
chain2_psfc1SF-D,5.26999026438234,0.0
chain2_psfc2SF-A,5.26999026438234,0.0
chain2_psfc2SF-B,5.26999026438234,0.0
chain2_psfc2SF-D,5.26999026438234,0.0
Egress1,5.26999026438234,0.0
Egress2,5.26999026438234,0.0
Ingress1,5.26999026438234,0.0
Ingress2,5.26999026438234,0.0
Ingress3,5.26999026438234,0.0
Ingress4,5.26999026438234,0.0
chain1_psfc1SF-A,10.0,0.0
chain1_psfc1SF-B,10.0,0.0
chain1_psfc1SF-C,10.0,0.0
chain1_psfc1SF-D,10.0,0.0
chain1_psfc2SF-A,10.0,0.0
chain1_psfc2SF-B,10.0,0.0
chain1_psfc2SF-C,10.0,0.0
chain1_psfc2SF-D,10.0,0.0
chain2_psfc1SF-A,10.0,0.0
chain2_psfc1SF-B,10.0,0.0
chain2_psfc1SF-D,10.0,0.0
chain2_psfc2SF-A,10.0,0.0
chain2_psfc2SF-B,10.0,0.0
chain2_psfc2SF-D,10.0,0.0
Egress1,10.0,0.0
Egress2,10.0,0.0
Ingress1,10.0,0.0
Ingress2,10.0,0.0
Ingress3,10.0,0.0
Ingress4,10.0,0.0
chain1_psfc1SF-A,20.0,0.0
chain1_psfc1SF-B,20.0,0.0
chain1_psfc1SF-C,20.0,0.0
chain1_psfc1SF-D,20.0,0.0
chain1_psfc2SF-A,20.0,0.0
chain1_psfc2SF-B,20.0,0.0
chain1_psfc2SF-C,20.0,0.0
chain1_psfc2SF-D,20.0,0.0
chain2_psfc1SF-A,20.0,0.3094023675470188
chain2_psfc1SF-B,20.0,0.22476285334133653
chain2_psfc1SF-D,20.0,0.0
chain2_psfc2SF-A,20.0,0.0
chain2_psfc2SF-B,20.0,0.0
chain2_psfc2SF-D,20.0,0.0
Egress1,20.0,0.0
Egress2,20.0,0.0
Ingress1,20.0,0.0
Ingress2,20.0,0.0
Ingress3,20.0,0.0
Ingress4,20.0,0.0
chain1_psfc1SF-A,30.0,0.0
chain1_psfc1SF-B,30.0,0.0
chain1_psfc1SF-C,30.0,0.0
chain1_psfc1SF-D,30.0,0.0
chain1_psfc2SF-A,30.0,0.0
chain1_psfc2SF-B,30.0,0.0
chain1_psfc2SF-C,30.0,0.0
chain1_psfc2SF-D,30.0,0.0
chain2_psfc1SF-A,30.0,0.27201669415532426
chain2_psfc1SF-B,30.0,0.2135645704563651
chain2_psfc1SF-D,30.0,0.0
chain2_psfc2SF-A,30.0,0.0
chain2_psfc2SF-B,30.0,0.0
chain2_psfc2SF-D,30.0,0.0
Egress1,30.0,0.0
Egress2,30.0,0.0
Ingress1,30.0,0.0
Ingress2,30.0,0.0
Ingress3,30.0,0.0
Ingress4,30.0,0.0
chain1_psfc1SF-A,40.0,0.0
chain1_psfc1SF-B,40.0,0.0
chain1_psfc1SF-C,40.0,0.0
chain1_psfc1SF-D,40.0,0.0
chain1_psfc2SF-A,40.0,0.0
chain1_psfc2SF-B,40.0,0.0
chain1_psfc2SF-C,40.0,0.0
chain1_psfc2SF-D,40.0,0.0
chain2_psfc1SF-A,40.0,0.27786412047228337
chain2_psfc1SF-B,40.0,0.19173303842305384
chain2_psfc1SF-D,40.0,0.0
chain2_psfc2SF-A,40.0,0.0
chain2_psfc2SF-B,40.0,0.0
chain2_psfc2SF-D,40.0,0.0
Egress1,40.0,0.0
Egress2,40.0,0.0
Ingress1,40.0,0.0
Ingress2,40.0,0.0
Ingress3,40.0,0.0
Ingress4,40.0,0.0
chain1_psfc1SF-A,50.0,0.0
chain1_psfc1SF-B,50.0,0.0
chain1_psfc1SF-C,50.0,0.0
chain1_psfc1SF-D,50.0,0.0
chain1_psfc2SF-A,50.0,0.0
chain1_psfc2SF-B,50.0,0.0
chain1_psfc2SF-C,50.0,0.0
chain1_psfc2SF-D,50.0,0.0
chain2_psfc1SF-A,50.0,0.24575728437062236
chain2_psfc1SF-B,50.0,0.19552662477486493
chain2_psfc1SF-D,50.0,0.0
chain2_psfc2SF-A,50.0,0.0
chain2_psfc2SF-B,50.0,0.0
chain2_psfc2SF-D,50.0,0.0
Egress1,50.0,0.0
Egress2,50.0,0.0
Ingress1,50.0,0.0
Ingress2,50.0,0.0
Ingress3,50.0,0.0
Ingress4,50.0,0.0
chain1_psfc1SF-A,60.0,0.0
chain1_psfc1SF-B,60.0,0.0
chain1_psfc1SF-C,60.0,0.0
chain1_psfc1SF-D,60.0,0.0
chain1_psfc2SF-A,60.0,0.0
chain1_psfc2SF-B,60.0,0.0
chain1_psfc2SF-C,60.0,0.0
chain1_psfc2SF-D,60.0,0.0
chain2_psfc1SF-A,60.0,0.2592368329331733
chain2_psfc1SF-B,60.0,0.1861789381752701
chain2_psfc1SF-D,60.0,0.0
chain2_psfc2SF-A,60.0,0.0
chain2_psfc2SF-B,60.0,0.0
chain2_psfc2SF-D,60.0,0.0
Egress1,60.0,0.0
Egress2,60.0,0.0
Ingress1,60.0,0.0
Ingress2,60.0,0.0
Ingress3,60.0,0.0
Ingress4,60.0,0.0
chain1_psfc1SF-A,70.0,0.0
chain1_psfc1SF-B,70.0,0.0
chain1_psfc1SF-C,70.0,0.0
chain1_psfc1SF-D,70.0,0.0
chain1_psfc2SF-A,70.0,0.0
chain1_psfc2SF-B,70.0,0.0
chain1_psfc2SF-C,70.0,0.0
chain1_psfc2SF-D,70.0,0.0
chain2_psfc1SF-A,70.0,0.26029666386386385
chain2_psfc1SF-B,70.0,0.2290952006006006
chain2_psfc1SF-D,70.0,0.0
chain2_psfc2SF-A,70.0,0.0
chain2_psfc2SF-B,70.0,0.0
chain2_psfc2SF-D,70.0,0.0
Egress1,70.0,0.0
Egress2,70.0,0.0
Ingress1,70.0,0.0
Ingress2,70.0,0.0
Ingress3,70.0,0.0
Ingress4,70.0,0.0
chain1_psfc1SF-A,80.0,0.0
chain1_psfc1SF-B,80.0,0.0
chain1_psfc1SF-C,80.0,0.0
chain1_psfc1SF-D,80.0,0.0
chain1_psfc2SF-A,80.0,0.0
chain1_psfc2SF-B,80.0,0.0
chain1_psfc2SF-C,80.0,0.0
chain1_psfc2SF-D,80.0,0.0
chain2_psfc1SF-A,80.0,0.24630676410564226
chain2_psfc1SF-B,80.0,0.16767210644257702
chain2_psfc1SF-D,80.0,0.0
chain2_psfc2SF-A,80.0,0.0
chain2_psfc2SF-B,80.0,0.0
chain2_psfc2SF-D,80.0,0.0
Egress1,80.0,0.0
Egress2,80.0,0.0
Ingress1,80.0,0.0
Ingress2,80.0,0.0
Ingress3,80.0,0.0
Ingress4,80.0,0.0
chain1_psfc1SF-A,90.0,0.0
chain1_psfc1SF-B,90.0,0.0
chain1_psfc1SF-C,90.0,0.0
chain1_psfc1SF-D,90.0,0.0
chain1_psfc2SF-A,90.0,0.0
chain1_psfc2SF-B,90.0,0.0
chain1_psfc2SF-C,90.0,0.0
chain1_psfc2SF-D,90.0,0.0
chain2_psfc1SF-A,90.0,0.2911602145287172
chain2_psfc1SF-B,90.0,0.1876138489093456
chain2_psfc1SF-D,90.0,0.0
chain2_psfc2SF-A,90.0,0.0
chain2_psfc2SF-B,90.0,0.0
chain2_psfc2SF-D,90.0,0.0
Egress1,90.0,0.0
Egress2,90.0,0.0
Ingress1,90.0,0.0
Ingress2,90.0,0.0
Ingress3,90.0,0.0
Ingress4,90.0,0.0
chain1_psfc1SF-A,100.0,0.0
chain1_psfc1SF-B,100.0,0.0
chain1_psfc1SF-C,100.0,0.0
chain1_psfc1SF-D,100.0,0.0
chain1_psfc2SF-A,100.0,0.0
chain1_psfc2SF-B,100.0,0.0
chain1_psfc2SF-C,100.0,0.0
chain1_psfc2SF-D,100.0,0.0
chain2_psfc1SF-A,100.0,0.21650267887154862
chain2_psfc1SF-B,100.0,0.24834007442977193
chain2_psfc1SF-D,100.0,0.0
chain2_psfc2SF-A,100.0,0.0
chain2_psfc2SF-B,100.0,0.0
chain2_psfc2SF-D,100.0,0.0
Egress1,100.0,0.0
Egress2,100.0,0.0
Ingress1,100.0,0.0
Ingress2,100.0,0.0
Ingress3,100.0,0.0
Ingress4,100.0,0.0
chain1_psfc1SF-A,110.0,0.0
chain1_psfc1SF-B,110.0,0.0
chain1_psfc1SF-C,110.0,0.0
chain1_psfc1SF-D,110.0,0.0
chain1_psfc2SF-A,110.0,0.0
chain1_psfc2SF-B,110.0,0.0
chain1_psfc2SF-C,110.0,0.0
chain1_psfc2SF-D,110.0,0.0
chain2_psfc1SF-A,110.0,0.2625127627627628
chain2_psfc1SF-B,110.0,0.22366562402402404
chain2_psfc1SF-D,110.0,0.0
chain2_psfc2SF-A,110.0,0.0
chain2_psfc2SF-B,110.0,0.0
chain2_psfc2SF-D,110.0,0.0
Egress1,110.0,0.0
Egress2,110.0,0.0
Ingress1,110.0,0.0
Ingress2,110.0,0.0
Ingress3,110.0,0.0
Ingress4,110.0,0.0
chain1_psfc1SF-A,3700.0,0.0
chain1_psfc1SF-B,3700.0,0.0
chain1_psfc1SF-C,3700.0,0.0
chain1_psfc1SF-D,3700.0,0.0
chain1_psfc2SF-A,3700.0,0.0
chain1_psfc2SF-B,3700.0,0.0
chain1_psfc2SF-C,3700.0,0.0
chain1_psfc2SF-D,3700.0,0.0
chain2_psfc1SF-A,3700.0,9.993408360343577E-4
chain2_psfc1SF-B,3700.0,5.551472374899582E-4
chain2_psfc1SF-D,3700.0,0.0
chain2_psfc2SF-A,3700.0,0.0
chain2_psfc2SF-B,3700.0,0.0
chain2_psfc2SF-D,3700.0,0.0
Egress1,3700.0,0.0
Egress2,3700.0,0.0
Ingress1,3700.0,0.0
Ingress2,3700.0,0.0
Ingress3,3700.0,0.0
Ingress4,3700.0,0.0
chain1_psfc1SF-A,3710.0,0.23859486686686684
chain1_psfc1SF-B,3710.0,0.2161970962962963
chain1_psfc1SF-C,3710.0,0.2871689271271271
chain1_psfc1SF-D,3710.0,0.0
chain1_psfc2SF-A,3710.0,0.0
chain1_psfc2SF-B,3710.0,0.0
chain1_psfc2SF-C,3710.0,0.0
chain1_psfc2SF-D,3710.0,0.0
chain2_psfc1SF-A,3710.0,0.0
chain2_psfc1SF-B,3710.0,0.0
chain2_psfc1SF-D,3710.0,0.0
chain2_psfc2SF-A,3710.0,0.0
chain2_psfc2SF-B,3710.0,0.0
chain2_psfc2SF-D,3710.0,0.0
Egress1,3710.0,0.0
Egress2,3710.0,0.0
Ingress1,3710.0,0.0
Ingress2,3710.0,0.0
Ingress3,3710.0,0.0
Ingress4,3710.0,0.0
chain1_psfc1SF-A,3720.0,0.2595736244995997
chain1_psfc1SF-B,3720.0,0.1676312608086469
chain1_psfc1SF-C,3720.0,0.2032421909527622
chain1_psfc1SF-D,3720.0,0.32639129823859087
chain1_psfc2SF-A,3720.0,0.0
chain1_psfc2SF-B,3720.0,0.0
chain1_psfc2SF-C,3720.0,0.0
chain1_psfc2SF-D,3720.0,0.0
chain2_psfc1SF-A,3720.0,0.0
chain2_psfc1SF-B,3720.0,0.0
chain2_psfc1SF-D,3720.0,0.0
chain2_psfc2SF-A,3720.0,0.0
chain2_psfc2SF-B,3720.0,0.0
chain2_psfc2SF-D,3720.0,0.0
Egress1,3720.0,0.0
Egress2,3720.0,0.0
Ingress1,3720.0,0.0
Ingress2,3720.0,0.0
Ingress3,3720.0,0.0
Ingress4,3720.0,0.0
chain1_psfc1SF-A,3721.0614435668936,0.8938116862003781
chain1_psfc1SF-B,3721.0614435668936,0.0
chain1_psfc1SF-C,3721.0614435668936,0.0
chain1_psfc1SF-D,3721.0614435668936,1.003254786389414
chain1_psfc2SF-A,3721.0614435668936,0.0
chain1_psfc2SF-B,3721.0614435668936,0.0
chain1_psfc2SF-C,3721.0614435668936,0.0
chain1_psfc2SF-D,3721.0614435668936,0.0
chain2_psfc1SF-A,3721.0614435668936,0.0
chain2_psfc1SF-B,3721.0614435668936,0.0
chain2_psfc1SF-D,3721.0614435668936,0.0
chain2_psfc2SF-A,3721.0614435668936,0.0
chain2_psfc2SF-B,3721.0614435668936,0.0
chain2_psfc2SF-D,3721.0614435668936,0.0
Egress1,3721.0614435668936,0.0
Egress2,3721.0614435668936,0.0
Ingress1,3721.0614435668936,0.0
Ingress2,3721.0614435668936,0.0
Ingress3,3721.0614435668936,0.0
Ingress4,3721.0614435668936,0.0
chain1_psfc1SF-A,3722.4296399384484,1.0001435453216374
chain1_psfc1SF-B,3722.4296399384484,0.0
chain1_psfc1SF-C,3722.4296399384484,0.0
chain1_psfc1SF-D,3722.4296399384484,1.0001435453216374
chain1_psfc2SF-A,3722.4296399384484,0.0
chain1_psfc2SF-B,3722.4296399384484,0.0
chain1_psfc2SF-C,3722.4296399384484,0.0
chain1_psfc2SF-D,3722.4296399384484,0.0
chain2_psfc1SF-A,3722.4296399384484,0.0
chain2_psfc1SF-B,3722.4296399384484,0.0
chain2_psfc1SF-D,3722.4296399384484,0.0
chain2_psfc2SF-A,3722.4296399384484,0.0
chain2_psfc2SF-B,3722.4296399384484,0.0
chain2_psfc2SF-D,3722.4296399384484,0.0
Egress1,3722.4296399384484,0.0
Egress2,3722.4296399384484,0.0
Ingress1,3722.4296399384484,0.0
Ingress2,3722.4296399384484,0.0
Ingress3,3722.4296399384484,0.0
Ingress4,3722.4296399384484,0.0
chain1_psfc1SF-A,3723.4296399384484,0.1464840181818182
chain1_psfc1SF-B,3723.4296399384484,0.6967024767676767
chain1_psfc1SF-C,3723.4296399384484,0.0
chain1_psfc1SF-D,3723.4296399384484,0.8314395757575758
chain1_psfc2SF-A,3723.4296399384484,0.0
chain1_psfc2SF-B,3723.4296399384484,0.0
chain1_psfc2SF-C,3723.4296399384484,0.0
chain1_psfc2SF-D,3723.4296399384484,0.0
chain2_psfc1SF-A,3723.4296399384484,0.0
chain2_psfc1SF-B,3723.4296399384484,0.0
chain2_psfc1SF-D,3723.4296399384484,0.0
chain2_psfc2SF-A,3723.4296399384484,0.0
chain2_psfc2SF-B,3723.4296399384484,0.0
chain2_psfc2SF-D,3723.4296399384484,0.0
Egress1,3723.4296399384484,0.0
Egress2,3723.4296399384484,0.0
Ingress1,3723.4296399384484,0.0
Ingress2,3723.4296399384484,0.0
Ingress3,3723.4296399384484,0.0
Ingress4,3723.4296399384484,0.0
chain1_psfc1SF-A,3724.4296399384484,0.0
chain1_psfc1SF-B,3724.4296399384484,1.004016062248996
chain1_psfc1SF-C,3724.4296399384484,0.0
chain1_psfc1SF-D,3724.4296399384484,0.0
chain1_psfc2SF-A,3724.4296399384484,0.0
chain1_psfc2SF-B,3724.4296399384484,0.0
chain1_psfc2SF-C,3724.4296399384484,0.0
chain1_psfc2SF-D,3724.4296399384484,0.0
chain2_psfc1SF-A,3724.4296399384484,0.0
chain2_psfc1SF-B,3724.4296399384484,0.0
chain2_psfc1SF-D,3724.4296399384484,0.0
chain2_psfc2SF-A,3724.4296399384484,0.0
chain2_psfc2SF-B,3724.4296399384484,0.0
chain2_psfc2SF-D,3724.4296399384484,0.0
Egress1,3724.4296399384484,0.0
Egress2,3724.4296399384484,0.0
Ingress1,3724.4296399384484,0.0
Ingress2,3724.4296399384484,0.0
Ingress3,3724.4296399384484,0.0
Ingress4,3724.4296399384484,0.0
chain1_psfc1SF-A,3725.4296399384484,0.0
chain1_psfc1SF-B,3725.4296399384484,0.12625880606060605
chain1_psfc1SF-C,3725.4296399384484,0.7725554101010101
chain1_psfc1SF-D,3725.4296399384484,0.0
chain1_psfc2SF-A,3725.4296399384484,0.0
chain1_psfc2SF-B,3725.4296399384484,0.0
chain1_psfc2SF-C,3725.4296399384484,0.0
chain1_psfc2SF-D,3725.4296399384484,0.0
chain2_psfc1SF-A,3725.4296399384484,0.0
chain2_psfc1SF-B,3725.4296399384484,0.0
chain2_psfc1SF-D,3725.4296399384484,0.0
chain2_psfc2SF-A,3725.4296399384484,0.0
chain2_psfc2SF-B,3725.4296399384484,0.0
chain2_psfc2SF-D,3725.4296399384484,0.0
Egress1,3725.4296399384484,0.0
Egress2,3725.4296399384484,0.0
Ingress1,3725.4296399384484,0.0
Ingress2,3725.4296399384484,0.0
Ingress3,3725.4296399384484,0.0
Ingress4,3725.4296399384484,0.0
chain1_psfc1SF-A,3726.7188002276775,0.0
chain1_psfc1SF-B,3726.7188002276775,0.0
chain1_psfc1SF-C,3726.7188002276775,1.000900844720497
chain1_psfc1SF-D,3726.7188002276775,0.0
chain1_psfc2SF-A,3726.7188002276775,0.0
chain1_psfc2SF-B,3726.7188002276775,0.0
chain1_psfc2SF-C,3726.7188002276775,0.0
chain1_psfc2SF-D,3726.7188002276775,0.0
chain2_psfc1SF-A,3726.7188002276775,0.0
chain2_psfc1SF-B,3726.7188002276775,0.0
chain2_psfc1SF-D,3726.7188002276775,0.0
chain2_psfc2SF-A,3726.7188002276775,0.0
chain2_psfc2SF-B,3726.7188002276775,0.0
chain2_psfc2SF-D,3726.7188002276775,0.0
Egress1,3726.7188002276775,0.0
Egress2,3726.7188002276775,0.0
Ingress1,3726.7188002276775,0.0
Ingress2,3726.7188002276775,0.0
Ingress3,3726.7188002276775,0.0
Ingress4,3726.7188002276775,0.0
chain1_psfc1SF-A,3727.7188002276775,0.0
chain1_psfc1SF-B,3727.7188002276775,0.0
chain1_psfc1SF-C,3727.7188002276775,0.2936243608870968
chain1_psfc1SF-D,3727.7188002276775,0.0
chain1_psfc2SF-A,3727.7188002276775,0.0
chain1_psfc2SF-B,3727.7188002276775,0.0
chain1_psfc2SF-C,3727.7188002276775,0.0
chain1_psfc2SF-D,3727.7188002276775,0.0
chain2_psfc1SF-A,3727.7188002276775,0.0
chain2_psfc1SF-B,3727.7188002276775,0.0
chain2_psfc1SF-D,3727.7188002276775,0.0
chain2_psfc2SF-A,3727.7188002276775,0.0
chain2_psfc2SF-B,3727.7188002276775,0.0
chain2_psfc2SF-D,3727.7188002276775,0.0
Egress1,3727.7188002276775,0.0
Egress2,3727.7188002276775,0.0
Ingress1,3727.7188002276775,0.0
Ingress2,3727.7188002276775,0.0
Ingress3,3727.7188002276775,0.0
Ingress4,3727.7188002276775,0.0
chain1_psfc1SF-A,3730.0,0.0
chain1_psfc1SF-B,3730.0,0.0
chain1_psfc1SF-C,3730.0,0.0
chain1_psfc1SF-D,3730.0,0.0
chain1_psfc2SF-A,3730.0,0.0
chain1_psfc2SF-B,3730.0,0.0
chain1_psfc2SF-C,3730.0,0.0
chain1_psfc2SF-D,3730.0,0.0
chain2_psfc1SF-A,3730.0,0.0
chain2_psfc1SF-B,3730.0,0.0
chain2_psfc1SF-D,3730.0,0.0
chain2_psfc2SF-A,3730.0,0.0
chain2_psfc2SF-B,3730.0,0.0
chain2_psfc2SF-D,3730.0,0.0
Egress1,3730.0,0.0
Egress2,3730.0,0.0
Ingress1,3730.0,0.0
Ingress2,3730.0,0.0
Ingress3,3730.0,0.0
Ingress4,3730.0,0.0
chain1_psfc1SF-A,3740.0,0.24392319439439442
chain1_psfc1SF-B,3740.0,0.20042978658658658
chain1_psfc1SF-C,3740.0,0.1990442938938939
chain1_psfc1SF-D,3740.0,0.31364957757757755
chain1_psfc2SF-A,3740.0,0.0
chain1_psfc2SF-B,3740.0,0.0
chain1_psfc2SF-C,3740.0,0.0
chain1_psfc2SF-D,3740.0,0.0
chain2_psfc1SF-A,3740.0,0.0
chain2_psfc1SF-B,3740.0,0.0
chain2_psfc1SF-D,3740.0,0.0
chain2_psfc2SF-A,3740.0,0.0
chain2_psfc2SF-B,3740.0,0.0
chain2_psfc2SF-D,3740.0,0.0
Egress1,3740.0,0.0
Egress2,3740.0,0.0
Ingress1,3740.0,0.0
Ingress2,3740.0,0.0
Ingress3,3740.0,0.0
Ingress4,3740.0,0.0
chain1_psfc1SF-A,3741.832913559689,0.9437325464480875
chain1_psfc1SF-B,3741.832913559689,0.0
chain1_psfc1SF-C,3741.832913559689,0.0
chain1_psfc1SF-D,3741.832913559689,1.0015921071038252
chain1_psfc2SF-A,3741.832913559689,0.0
chain1_psfc2SF-B,3741.832913559689,0.0
chain1_psfc2SF-C,3741.832913559689,0.0
chain1_psfc2SF-D,3741.832913559689,0.0
chain2_psfc1SF-A,3741.832913559689,0.0
chain2_psfc1SF-B,3741.832913559689,0.0
chain2_psfc1SF-D,3741.832913559689,0.0
chain2_psfc2SF-A,3741.832913559689,0.0
chain2_psfc2SF-B,3741.832913559689,0.0
chain2_psfc2SF-D,3741.832913559689,0.0
Egress1,3741.832913559689,0.0
Egress2,3741.832913559689,0.0
Ingress1,3741.832913559689,0.0
Ingress2,3741.832913559689,0.0
Ingress3,3741.832913559689,0.0
Ingress4,3741.832913559689,0.0
chain1_psfc1SF-A,3742.832913559689,0.3566074484848485
chain1_psfc1SF-B,3742.832913559689,0.5019584505050505
chain1_psfc1SF-C,3742.832913559689,0.0
chain1_psfc1SF-D,3742.832913559689,0.23050753131313131
chain1_psfc2SF-A,3742.832913559689,0.0
chain1_psfc2SF-B,3742.832913559689,0.0
chain1_psfc2SF-C,3742.832913559689,0.0
chain1_psfc2SF-D,3742.832913559689,0.0
chain2_psfc1SF-A,3742.832913559689,0.0
chain2_psfc1SF-B,3742.832913559689,0.0
chain2_psfc1SF-D,3742.832913559689,0.0
chain2_psfc2SF-A,3742.832913559689,0.0
chain2_psfc2SF-B,3742.832913559689,0.0
chain2_psfc2SF-D,3742.832913559689,0.0
Egress1,3742.832913559689,0.0
Egress2,3742.832913559689,0.0
Ingress1,3742.832913559689,0.0
Ingress2,3742.832913559689,0.0
Ingress3,3742.832913559689,0.0
Ingress4,3742.832913559689,0.0
chain1_psfc1SF-A,3743.9639750097826,0.0
chain1_psfc1SF-B,3743.9639750097826,1.0009393362831858
chain1_psfc1SF-C,3743.9639750097826,0.0
chain1_psfc1SF-D,3743.9639750097826,0.0
chain1_psfc2SF-A,3743.9639750097826,0.0
chain1_psfc2SF-B,3743.9639750097826,0.0
chain1_psfc2SF-C,3743.9639750097826,0.0
chain1_psfc2SF-D,3743.9639750097826,0.0
chain2_psfc1SF-A,3743.9639750097826,0.0
chain2_psfc1SF-B,3743.9639750097826,0.0
chain2_psfc1SF-D,3743.9639750097826,0.0
chain2_psfc2SF-A,3743.9639750097826,0.0
chain2_psfc2SF-B,3743.9639750097826,0.0
chain2_psfc2SF-D,3743.9639750097826,0.0
Egress1,3743.9639750097826,0.0
Egress2,3743.9639750097826,0.0
Ingress1,3743.9639750097826,0.0
Ingress2,3743.9639750097826,0.0
Ingress3,3743.9639750097826,0.0
Ingress4,3743.9639750097826,0.0
chain1_psfc1SF-A,3744.9639750097826,0.0
chain1_psfc1SF-B,3744.9639750097826,0.0
chain1_psfc1SF-C,3744.9639750097826,0.9017267715430861
chain1_psfc1SF-D,3744.9639750097826,0.0
chain1_psfc2SF-A,3744.9639750097826,0.0
chain1_psfc2SF-B,3744.9639750097826,0.0
chain1_psfc2SF-C,3744.9639750097826,0.0
chain1_psfc2SF-D,3744.9639750097826,0.0
chain2_psfc1SF-A,3744.9639750097826,0.0
chain2_psfc1SF-B,3744.9639750097826,0.0
chain2_psfc1SF-D,3744.9639750097826,0.0
chain2_psfc2SF-A,3744.9639750097826,0.0
chain2_psfc2SF-B,3744.9639750097826,0.0
chain2_psfc2SF-D,3744.9639750097826,0.0
Egress1,3744.9639750097826,0.0
Egress2,3744.9639750097826,0.0
Ingress1,3744.9639750097826,0.0
Ingress2,3744.9639750097826,0.0
Ingress3,3744.9639750097826,0.0
Ingress4,3744.9639750097826,0.0
chain1_psfc1SF-A,3745.9639750097826,0.0
chain1_psfc1SF-B,3745.9639750097826,0.0
chain1_psfc1SF-C,3745.9639750097826,1.0040160602409638
chain1_psfc1SF-D,3745.9639750097826,0.0
chain1_psfc2SF-A,3745.9639750097826,0.0
chain1_psfc2SF-B,3745.9639750097826,0.0
chain1_psfc2SF-C,3745.9639750097826,0.0
chain1_psfc2SF-D,3745.9639750097826,0.0
chain2_psfc1SF-A,3745.9639750097826,0.0
chain2_psfc1SF-B,3745.9639750097826,0.0
chain2_psfc1SF-D,3745.9639750097826,0.0
chain2_psfc2SF-A,3745.9639750097826,0.0
chain2_psfc2SF-B,3745.9639750097826,0.0
chain2_psfc2SF-D,3745.9639750097826,0.0
Egress1,3745.9639750097826,0.0
Egress2,3745.9639750097826,0.0
Ingress1,3745.9639750097826,0.0
Ingress2,3745.9639750097826,0.0
Ingress3,3745.9639750097826,0.0
Ingress4,3745.9639750097826,0.0
chain1_psfc1SF-A,3746.9639750097826,0.0
chain1_psfc1SF-B,3746.9639750097826,0.0
chain1_psfc1SF-C,3746.9639750097826,0.0702297875751503
chain1_psfc1SF-D,3746.9639750097826,0.848481366733467
chain1_psfc2SF-A,3746.9639750097826,0.0
chain1_psfc2SF-B,3746.9639750097826,0.0
chain1_psfc2SF-C,3746.9639750097826,0.0
chain1_psfc2SF-D,3746.9639750097826,0.0
chain2_psfc1SF-A,3746.9639750097826,0.0
chain2_psfc1SF-B,3746.9639750097826,0.0
chain2_psfc1SF-D,3746.9639750097826,0.0
chain2_psfc2SF-A,3746.9639750097826,0.0
chain2_psfc2SF-B,3746.9639750097826,0.0
chain2_psfc2SF-D,3746.9639750097826,0.0
Egress1,3746.9639750097826,0.0
Egress2,3746.9639750097826,0.0
Ingress1,3746.9639750097826,0.0
Ingress2,3746.9639750097826,0.0
Ingress3,3746.9639750097826,0.0
Ingress4,3746.9639750097826,0.0
chain1_psfc1SF-A,3750.0,0.0
chain1_psfc1SF-B,3750.0,0.0
chain1_psfc1SF-C,3750.0,0.0
chain1_psfc1SF-D,3750.0,1.0000082312252965
chain1_psfc2SF-A,3750.0,0.0
chain1_psfc2SF-B,3750.0,0.0
chain1_psfc2SF-C,3750.0,0.0
chain1_psfc2SF-D,3750.0,0.0
chain2_psfc1SF-A,3750.0,0.0
chain2_psfc1SF-B,3750.0,0.0
chain2_psfc1SF-D,3750.0,0.0
chain2_psfc2SF-A,3750.0,0.0
chain2_psfc2SF-B,3750.0,0.0
chain2_psfc2SF-D,3750.0,0.0
Egress1,3750.0,0.0
Egress2,3750.0,0.0
Ingress1,3750.0,0.0
Ingress2,3750.0,0.0
Ingress3,3750.0,0.0
Ingress4,3750.0,0.0
chain1_psfc1SF-A,3751.171117676667,0.9102768803418804
chain1_psfc1SF-B,3751.171117676667,0.0
chain1_psfc1SF-C,3751.171117676667,0.0
chain1_psfc1SF-D,3751.171117676667,1.000955276923077
chain1_psfc2SF-A,3751.171117676667,0.0
chain1_psfc2SF-B,3751.171117676667,0.0
chain1_psfc2SF-C,3751.171117676667,0.0
chain1_psfc2SF-D,3751.171117676667,0.0
chain2_psfc1SF-A,3751.171117676667,0.0
chain2_psfc1SF-B,3751.171117676667,0.0
chain2_psfc1SF-D,3751.171117676667,0.0
chain2_psfc2SF-A,3751.171117676667,0.0
chain2_psfc2SF-B,3751.171117676667,0.0
chain2_psfc2SF-D,3751.171117676667,0.0
Egress1,3751.171117676667,0.0
Egress2,3751.171117676667,0.0
Ingress1,3751.171117676667,0.0
Ingress2,3751.171117676667,0.0
Ingress3,3751.171117676667,0.0
Ingress4,3751.171117676667,0.0
chain1_psfc1SF-A,3752.171117676667,1.008064508064516
chain1_psfc1SF-B,3752.171117676667,0.0
chain1_psfc1SF-C,3752.171117676667,0.0
chain1_psfc1SF-D,3752.171117676667,0.988707375
chain1_psfc2SF-A,3752.171117676667,0.0
chain1_psfc2SF-B,3752.171117676667,0.0
chain1_psfc2SF-C,3752.171117676667,0.0
chain1_psfc2SF-D,3752.171117676667,0.0
chain2_psfc1SF-A,3752.171117676667,0.0
chain2_psfc1SF-B,3752.171117676667,0.0
chain2_psfc1SF-D,3752.171117676667,0.0
chain2_psfc2SF-A,3752.171117676667,0.0
chain2_psfc2SF-B,3752.171117676667,0.0
chain2_psfc2SF-D,3752.171117676667,0.0
Egress1,3752.171117676667,0.0
Egress2,3752.171117676667,0.0
Ingress1,3752.171117676667,0.0
Ingress2,3752.171117676667,0.0
Ingress3,3752.171117676667,0.0
Ingress4,3752.171117676667,0.0
chain1_psfc1SF-A,3753.171117676667,0.354695375
chain1_psfc1SF-B,3753.171117676667,0.5021431975806452
chain1_psfc1SF-C,3753.171117676667,0.0
chain1_psfc1SF-D,3753.171117676667,0.0
chain1_psfc2SF-A,3753.171117676667,0.0
chain1_psfc2SF-B,3753.171117676667,0.0
chain1_psfc2SF-C,3753.171117676667,0.0
chain1_psfc2SF-D,3753.171117676667,0.0
chain2_psfc1SF-A,3753.171117676667,0.0
chain2_psfc1SF-B,3753.171117676667,0.0
chain2_psfc1SF-D,3753.171117676667,0.0
chain2_psfc2SF-A,3753.171117676667,0.0
chain2_psfc2SF-B,3753.171117676667,0.0
chain2_psfc2SF-D,3753.171117676667,0.0
Egress1,3753.171117676667,0.0
Egress2,3753.171117676667,0.0
Ingress1,3753.171117676667,0.0
Ingress2,3753.171117676667,0.0
Ingress3,3753.171117676667,0.0
Ingress4,3753.171117676667,0.0
chain1_psfc1SF-A,3754.211605194496,0.0
chain1_psfc1SF-B,3754.211605194496,1.0004687653846154
chain1_psfc1SF-C,3754.211605194496,0.0
chain1_psfc1SF-D,3754.211605194496,0.0
chain1_psfc2SF-A,3754.211605194496,0.0
chain1_psfc2SF-B,3754.211605194496,0.0
chain1_psfc2SF-C,3754.211605194496,0.0
chain1_psfc2SF-D,3754.211605194496,0.0
chain2_psfc1SF-A,3754.211605194496,0.0
chain2_psfc1SF-B,3754.211605194496,0.0
chain2_psfc1SF-D,3754.211605194496,0.0
chain2_psfc2SF-A,3754.211605194496,0.0
chain2_psfc2SF-B,3754.211605194496,0.0
chain2_psfc2SF-D,3754.211605194496,0.0
Egress1,3754.211605194496,0.0
Egress2,3754.211605194496,0.0
Ingress1,3754.211605194496,0.0
Ingress2,3754.211605194496,0.0
Ingress3,3754.211605194496,0.0
Ingress4,3754.211605194496,0.0
chain1_psfc1SF-A,3755.211605194496,0.0
chain1_psfc1SF-B,3755.211605194496,0.25858513480885315
chain1_psfc1SF-C,3755.211605194496,0.6466773319919517
chain1_psfc1SF-D,3755.211605194496,0.0
chain1_psfc2SF-A,3755.211605194496,0.0
chain1_psfc2SF-B,3755.211605194496,0.0
chain1_psfc2SF-C,3755.211605194496,0.0
chain1_psfc2SF-D,3755.211605194496,0.0
chain2_psfc1SF-A,3755.211605194496,0.0
chain2_psfc1SF-B,3755.211605194496,0.0
chain2_psfc1SF-D,3755.211605194496,0.0
chain2_psfc2SF-A,3755.211605194496,0.0
chain2_psfc2SF-B,3755.211605194496,0.0
chain2_psfc2SF-D,3755.211605194496,0.0
Egress1,3755.211605194496,0.0
Egress2,3755.211605194496,0.0
Ingress1,3755.211605194496,0.0
Ingress2,3755.211605194496,0.0
Ingress3,3755.211605194496,0.0
Ingress4,3755.211605194496,0.0
chain1_psfc1SF-A,3756.8009569920814,0.0
chain1_psfc1SF-B,3756.8009569920814,0.0
chain1_psfc1SF-C,3756.8009569920814,1.000851256926952
chain1_psfc1SF-D,3756.8009569920814,0.0
chain1_psfc2SF-A,3756.8009569920814,0.0
chain1_psfc2SF-B,3756.8009569920814,0.0
chain1_psfc2SF-C,3756.8009569920814,0.0
chain1_psfc2SF-D,3756.8009569920814,0.0
chain2_psfc1SF-A,3756.8009569920814,0.0
chain2_psfc1SF-B,3756.8009569920814,0.0
chain2_psfc1SF-D,3756.8009569920814,0.0
chain2_psfc2SF-A,3756.8009569920814,0.0
chain2_psfc2SF-B,3756.8009569920814,0.0
chain2_psfc2SF-D,3756.8009569920814,0.0
Egress1,3756.8009569920814,0.0
Egress2,3756.8009569920814,0.0
Ingress1,3756.8009569920814,0.0
Ingress2,3756.8009569920814,0.0
Ingress3,3756.8009569920814,0.0
Ingress4,3756.8009569920814,0.0
chain1_psfc1SF-A,3757.8009569920814,0.0
chain1_psfc1SF-B,3757.8009569920814,0.0
chain1_psfc1SF-C,3757.8009569920814,0.2997979919678715
chain1_psfc1SF-D,3757.8009569920814,0.6207421004016064
chain1_psfc2SF-A,3757.8009569920814,0.0
chain1_psfc2SF-B,3757.8009569920814,0.0
chain1_psfc2SF-C,3757.8009569920814,0.0
chain1_psfc2SF-D,3757.8009569920814,0.0
chain2_psfc1SF-A,3757.8009569920814,0.0
chain2_psfc1SF-B,3757.8009569920814,0.0
chain2_psfc1SF-D,3757.8009569920814,0.0
chain2_psfc2SF-A,3757.8009569920814,0.0
chain2_psfc2SF-B,3757.8009569920814,0.0
chain2_psfc2SF-D,3757.8009569920814,0.0
Egress1,3757.8009569920814,0.0
Egress2,3757.8009569920814,0.0
Ingress1,3757.8009569920814,0.0
Ingress2,3757.8009569920814,0.0
Ingress3,3757.8009569920814,0.0
Ingress4,3757.8009569920814,0.0
chain1_psfc1SF-A,3760.0,0.0
chain1_psfc1SF-B,3760.0,0.0
chain1_psfc1SF-C,3760.0,0.0
chain1_psfc1SF-D,3760.0,1.000474525022748
chain1_psfc2SF-A,3760.0,0.0
chain1_psfc2SF-B,3760.0,0.0
chain1_psfc2SF-C,3760.0,0.0
chain1_psfc2SF-D,3760.0,0.0
chain2_psfc1SF-A,3760.0,0.0
chain2_psfc1SF-B,3760.0,0.0
chain2_psfc1SF-D,3760.0,0.0
chain2_psfc2SF-A,3760.0,0.0
chain2_psfc2SF-B,3760.0,0.0
chain2_psfc2SF-D,3760.0,0.0
Egress1,3760.0,0.0
Egress2,3760.0,0.0
Ingress1,3760.0,0.0
Ingress2,3760.0,0.0
Ingress3,3760.0,0.0
Ingress4,3760.0,0.0
chain1_psfc1SF-A,3761.977365554009,0.9480222684903749
chain1_psfc1SF-B,3761.977365554009,0.0
chain1_psfc1SF-C,3761.977365554009,0.0
chain1_psfc1SF-D,3761.977365554009,1.0017049402228977
chain1_psfc2SF-A,3761.977365554009,0.0
chain1_psfc2SF-B,3761.977365554009,0.0
chain1_psfc2SF-C,3761.977365554009,0.0
chain1_psfc2SF-D,3761.977365554009,0.0
chain2_psfc1SF-A,3761.977365554009,0.0
chain2_psfc1SF-B,3761.977365554009,0.0
chain2_psfc1SF-D,3761.977365554009,0.0
chain2_psfc2SF-A,3761.977365554009,0.0
chain2_psfc2SF-B,3761.977365554009,0.0
chain2_psfc2SF-D,3761.977365554009,0.0
Egress1,3761.977365554009,0.0
Egress2,3761.977365554009,0.0
Ingress1,3761.977365554009,0.0
Ingress2,3761.977365554009,0.0
Ingress3,3761.977365554009,0.0
Ingress4,3761.977365554009,0.0
chain1_psfc1SF-A,3762.977365554009,0.0
chain1_psfc1SF-B,3762.977365554009,0.8551548531187123
chain1_psfc1SF-C,3762.977365554009,0.0
chain1_psfc1SF-D,3762.977365554009,1.0060362112676056
chain1_psfc2SF-A,3762.977365554009,0.0
chain1_psfc2SF-B,3762.977365554009,0.0
chain1_psfc2SF-C,3762.977365554009,0.0
chain1_psfc2SF-D,3762.977365554009,0.0
chain2_psfc1SF-A,3762.977365554009,0.0
chain2_psfc1SF-B,3762.977365554009,0.0
chain2_psfc1SF-D,3762.977365554009,0.0
chain2_psfc2SF-A,3762.977365554009,0.0
chain2_psfc2SF-B,3762.977365554009,0.0
chain2_psfc2SF-D,3762.977365554009,0.0
Egress1,3762.977365554009,0.0
Egress2,3762.977365554009,0.0
Ingress1,3762.977365554009,0.0
Ingress2,3762.977365554009,0.0
Ingress3,3762.977365554009,0.0
Ingress4,3762.977365554009,0.0
chain1_psfc1SF-A,3763.977365554009,0.0
chain1_psfc1SF-B,3763.977365554009,0.8149954381338742
chain1_psfc1SF-C,3763.977365554009,0.09756827383367139
chain1_psfc1SF-D,3763.977365554009,0.1558939594320487
chain1_psfc2SF-A,3763.977365554009,0.0
chain1_psfc2SF-B,3763.977365554009,0.0
chain1_psfc2SF-C,3763.977365554009,0.0
chain1_psfc2SF-D,3763.977365554009,0.0
chain2_psfc1SF-A,3763.977365554009,0.0
chain2_psfc1SF-B,3763.977365554009,0.0
chain2_psfc1SF-D,3763.977365554009,0.0
chain2_psfc2SF-A,3763.977365554009,0.0
chain2_psfc2SF-B,3763.977365554009,0.0
chain2_psfc2SF-D,3763.977365554009,0.0
Egress1,3763.977365554009,0.0
Egress2,3763.977365554009,0.0
Ingress1,3763.977365554009,0.0
Ingress2,3763.977365554009,0.0
Ingress3,3763.977365554009,0.0
Ingress4,3763.977365554009,0.0
chain1_psfc1SF-A,3764.977365554009,0.0
chain1_psfc1SF-B,3764.977365554009,0.0
chain1_psfc1SF-C,3764.977365554009,1.002004006012024
chain1_psfc1SF-D,3764.977365554009,0.0
chain1_psfc2SF-A,3764.977365554009,0.0
chain1_psfc2SF-B,3764.977365554009,0.0
chain1_psfc2SF-C,3764.977365554009,0.0
chain1_psfc2SF-D,3764.977365554009,0.0
chain2_psfc1SF-A,3764.977365554009,0.0
chain2_psfc1SF-B,3764.977365554009,0.0
chain2_psfc1SF-D,3764.977365554009,0.0
chain2_psfc2SF-A,3764.977365554009,0.0
chain2_psfc2SF-B,3764.977365554009,0.0
chain2_psfc2SF-D,3764.977365554009,0.0
Egress1,3764.977365554009,0.0
Egress2,3764.977365554009,0.0
Ingress1,3764.977365554009,0.0
Ingress2,3764.977365554009,0.0
Ingress3,3764.977365554009,0.0
Ingress4,3764.977365554009,0.0
chain1_psfc1SF-A,3765.977365554009,0.0
chain1_psfc1SF-B,3765.977365554009,0.0
chain1_psfc1SF-C,3765.977365554009,1.0060362112676056
chain1_psfc1SF-D,3765.977365554009,0.0
chain1_psfc2SF-A,3765.977365554009,0.0
chain1_psfc2SF-B,3765.977365554009,0.0
chain1_psfc2SF-C,3765.977365554009,0.0
chain1_psfc2SF-D,3765.977365554009,0.0
chain2_psfc1SF-A,3765.977365554009,0.0
chain2_psfc1SF-B,3765.977365554009,0.0
chain2_psfc1SF-D,3765.977365554009,0.0
chain2_psfc2SF-A,3765.977365554009,0.0
chain2_psfc2SF-B,3765.977365554009,0.0
chain2_psfc2SF-D,3765.977365554009,0.0
Egress1,3765.977365554009,0.0
Egress2,3765.977365554009,0.0
Ingress1,3765.977365554009,0.0
Ingress2,3765.977365554009,0.0
Ingress3,3765.977365554009,0.0
Ingress4,3765.977365554009,0.0
chain1_psfc1SF-A,3766.977365554009,0.0
chain1_psfc1SF-B,3766.977365554009,0.0
chain1_psfc1SF-C,3766.977365554009,0.09560013306451613
chain1_psfc1SF-D,3766.977365554009,0.8286900987903225
chain1_psfc2SF-A,3766.977365554009,0.0
chain1_psfc2SF-B,3766.977365554009,0.0
chain1_psfc2SF-C,3766.977365554009,0.0
chain1_psfc2SF-D,3766.977365554009,0.0
chain2_psfc1SF-A,3766.977365554009,0.0
chain2_psfc1SF-B,3766.977365554009,0.0
chain2_psfc1SF-D,3766.977365554009,0.0
chain2_psfc2SF-A,3766.977365554009,0.0
chain2_psfc2SF-B,3766.977365554009,0.0
chain2_psfc2SF-D,3766.977365554009,0.0
Egress1,3766.977365554009,0.0
Egress2,3766.977365554009,0.0
Ingress1,3766.977365554009,0.0
Ingress2,3766.977365554009,0.0
Ingress3,3766.977365554009,0.0
Ingress4,3766.977365554009,0.0
chain1_psfc1SF-A,3770.0,0.0
chain1_psfc1SF-B,3770.0,0.0
chain1_psfc1SF-C,3770.0,0.0
chain1_psfc1SF-D,3770.0,1.0002099417604235
chain1_psfc2SF-A,3770.0,0.0
chain1_psfc2SF-B,3770.0,0.0
chain1_psfc2SF-C,3770.0,0.0
chain1_psfc2SF-D,3770.0,0.0
chain2_psfc1SF-A,3770.0,0.0
chain2_psfc1SF-B,3770.0,0.0
chain2_psfc1SF-D,3770.0,0.0
chain2_psfc2SF-A,3770.0,0.0
chain2_psfc2SF-B,3770.0,0.0
chain2_psfc2SF-D,3770.0,0.0
Egress1,3770.0,0.0
Egress2,3770.0,0.0
Ingress1,3770.0,0.0
Ingress2,3770.0,0.0
Ingress3,3770.0,0.0
Ingress4,3770.0,0.0
chain1_psfc1SF-A,3771.0,0.887556891566265
chain1_psfc1SF-B,3771.0,0.0
chain1_psfc1SF-C,3771.0,0.0
chain1_psfc1SF-D,3771.0,1.004016062248996
chain1_psfc2SF-A,3771.0,0.0
chain1_psfc2SF-B,3771.0,0.0
chain1_psfc2SF-C,3771.0,0.0
chain1_psfc2SF-D,3771.0,0.0
chain2_psfc1SF-A,3771.0,0.0
chain2_psfc1SF-B,3771.0,0.0
chain2_psfc1SF-D,3771.0,0.0
chain2_psfc2SF-A,3771.0,0.0
chain2_psfc2SF-B,3771.0,0.0
chain2_psfc2SF-D,3771.0,0.0
Egress1,3771.0,0.0
Egress2,3771.0,0.0
Ingress1,3771.0,0.0
Ingress2,3771.0,0.0
Ingress3,3771.0,0.0
Ingress4,3771.0,0.0
chain1_psfc1SF-A,3772.0,1.002004006012024
chain1_psfc1SF-B,3772.0,0.0
chain1_psfc1SF-C,3772.0,0.0
chain1_psfc1SF-D,3772.0,1.002004006012024
chain1_psfc2SF-A,3772.0,0.0
chain1_psfc2SF-B,3772.0,0.0
chain1_psfc2SF-C,3772.0,0.0
chain1_psfc2SF-D,3772.0,0.0
chain2_psfc1SF-A,3772.0,0.0
chain2_psfc1SF-B,3772.0,0.0
chain2_psfc1SF-D,3772.0,0.0
chain2_psfc2SF-A,3772.0,0.0
chain2_psfc2SF-B,3772.0,0.0
chain2_psfc2SF-D,3772.0,0.0
Egress1,3772.0,0.0
Egress2,3772.0,0.0
Ingress1,3772.0,0.0
Ingress2,3772.0,0.0
Ingress3,3772.0,0.0
Ingress4,3772.0,0.0
chain1_psfc1SF-A,3773.0,0.6603166048879837
chain1_psfc1SF-B,3773.0,0.18977533604887983
chain1_psfc1SF-C,3773.0,0.0
chain1_psfc1SF-D,3773.0,0.2516461507128309
chain1_psfc2SF-A,3773.0,0.0
chain1_psfc2SF-B,3773.0,0.0
chain1_psfc2SF-C,3773.0,0.0
chain1_psfc2SF-D,3773.0,0.0
chain2_psfc1SF-A,3773.0,0.0
chain2_psfc1SF-B,3773.0,0.0
chain2_psfc1SF-D,3773.0,0.0
chain2_psfc2SF-A,3773.0,0.0
chain2_psfc2SF-B,3773.0,0.0
chain2_psfc2SF-D,3773.0,0.0
Egress1,3773.0,0.0
Egress2,3773.0,0.0
Ingress1,3773.0,0.0
Ingress2,3773.0,0.0
Ingress3,3773.0,0.0
Ingress4,3773.0,0.0
chain1_psfc1SF-A,3774.3336387253053,0.0
chain1_psfc1SF-B,3774.3336387253053,1.0012302732732732
chain1_psfc1SF-C,3774.3336387253053,0.0
chain1_psfc1SF-D,3774.3336387253053,0.0
chain1_psfc2SF-A,3774.3336387253053,0.0
chain1_psfc2SF-B,3774.3336387253053,0.0
chain1_psfc2SF-C,3774.3336387253053,0.0
chain1_psfc2SF-D,3774.3336387253053,0.0
chain2_psfc1SF-A,3774.3336387253053,0.0
chain2_psfc1SF-B,3774.3336387253053,0.0
chain2_psfc1SF-D,3774.3336387253053,0.0
chain2_psfc2SF-A,3774.3336387253053,0.0
chain2_psfc2SF-B,3774.3336387253053,0.0
chain2_psfc2SF-D,3774.3336387253053,0.0
Egress1,3774.3336387253053,0.0
Egress2,3774.3336387253053,0.0
Ingress1,3774.3336387253053,0.0
Ingress2,3774.3336387253053,0.0
Ingress3,3774.3336387253053,0.0
Ingress4,3774.3336387253053,0.0
chain1_psfc1SF-A,3775.3336387253053,0.0
chain1_psfc1SF-B,3775.3336387253053,0.02871575702811245
chain1_psfc1SF-C,3775.3336387253053,0.864819421686747
chain1_psfc1SF-D,3775.3336387253053,0.0
chain1_psfc2SF-A,3775.3336387253053,0.0
chain1_psfc2SF-B,3775.3336387253053,0.0
chain1_psfc2SF-C,3775.3336387253053,0.0
chain1_psfc2SF-D,3775.3336387253053,0.0
chain2_psfc1SF-A,3775.3336387253053,0.0
chain2_psfc1SF-B,3775.3336387253053,0.0
chain2_psfc1SF-D,3775.3336387253053,0.0
chain2_psfc2SF-A,3775.3336387253053,0.0
chain2_psfc2SF-B,3775.3336387253053,0.0
chain2_psfc2SF-D,3775.3336387253053,0.0
Egress1,3775.3336387253053,0.0
Egress2,3775.3336387253053,0.0
Ingress1,3775.3336387253053,0.0
Ingress2,3775.3336387253053,0.0
Ingress3,3775.3336387253053,0.0
Ingress4,3775.3336387253053,0.0
chain1_psfc1SF-A,3776.339293977294,0.0
chain1_psfc1SF-B,3776.339293977294,0.0
chain1_psfc1SF-C,3776.339293977294,1.001648655378486
chain1_psfc1SF-D,3776.339293977294,0.0
chain1_psfc2SF-A,3776.339293977294,0.0
chain1_psfc2SF-B,3776.339293977294,0.0
chain1_psfc2SF-C,3776.339293977294,0.0
chain1_psfc2SF-D,3776.339293977294,0.0
chain2_psfc1SF-A,3776.339293977294,0.0
chain2_psfc1SF-B,3776.339293977294,0.0
chain2_psfc1SF-D,3776.339293977294,0.0
chain2_psfc2SF-A,3776.339293977294,0.0
chain2_psfc2SF-B,3776.339293977294,0.0
chain2_psfc2SF-D,3776.339293977294,0.0
Egress1,3776.339293977294,0.0
Egress2,3776.339293977294,0.0
Ingress1,3776.339293977294,0.0
Ingress2,3776.339293977294,0.0
Ingress3,3776.339293977294,0.0
Ingress4,3776.339293977294,0.0
chain1_psfc1SF-A,3777.339293977294,0.0
chain1_psfc1SF-B,3777.339293977294,0.0
chain1_psfc1SF-C,3777.339293977294,0.5723213199195172
chain1_psfc1SF-D,3777.339293977294,0.0
chain1_psfc2SF-A,3777.339293977294,0.0
chain1_psfc2SF-B,3777.339293977294,0.0
chain1_psfc2SF-C,3777.339293977294,0.0
chain1_psfc2SF-D,3777.339293977294,0.0
chain2_psfc1SF-A,3777.339293977294,0.0
chain2_psfc1SF-B,3777.339293977294,0.0
chain2_psfc1SF-D,3777.339293977294,0.0
chain2_psfc2SF-A,3777.339293977294,0.0
chain2_psfc2SF-B,3777.339293977294,0.0
chain2_psfc2SF-D,3777.339293977294,0.0
Egress1,3777.339293977294,0.0
Egress2,3777.339293977294,0.0
Ingress1,3777.339293977294,0.0
Ingress2,3777.339293977294,0.0
Ingress3,3777.339293977294,0.0
Ingress4,3777.339293977294,0.0
chain1_psfc1SF-A,3778.339293977294,0.0
chain1_psfc1SF-B,3778.339293977294,0.0
chain1_psfc1SF-C,3778.339293977294,0.0
chain1_psfc1SF-D,3778.339293977294,0.0
chain1_psfc2SF-A,3778.339293977294,0.0
chain1_psfc2SF-B,3778.339293977294,0.0
chain1_psfc2SF-C,3778.339293977294,0.0
chain1_psfc2SF-D,3778.339293977294,0.0
chain2_psfc1SF-A,3778.339293977294,0.0
chain2_psfc1SF-B,3778.339293977294,0.0
chain2_psfc1SF-D,3778.339293977294,0.0
chain2_psfc2SF-A,3778.339293977294,0.0
chain2_psfc2SF-B,3778.339293977294,0.0
chain2_psfc2SF-D,3778.339293977294,0.0
Egress1,3778.339293977294,0.0
Egress2,3778.339293977294,0.0
Ingress1,3778.339293977294,0.0
Ingress2,3778.339293977294,0.0
Ingress3,3778.339293977294,0.0
Ingress4,3778.339293977294,0.0
chain1_psfc1SF-A,3780.0,0.0
chain1_psfc1SF-B,3780.0,0.0
chain1_psfc1SF-C,3780.0,0.0
chain1_psfc1SF-D,3780.0,0.0
chain1_psfc2SF-A,3780.0,0.0
chain1_psfc2SF-B,3780.0,0.0
chain1_psfc2SF-C,3780.0,0.0
chain1_psfc2SF-D,3780.0,0.0
chain2_psfc1SF-A,3780.0,0.0
chain2_psfc1SF-B,3780.0,0.0
chain2_psfc1SF-D,3780.0,0.0
chain2_psfc2SF-A,3780.0,0.0
chain2_psfc2SF-B,3780.0,0.0
chain2_psfc2SF-D,3780.0,0.0
Egress1,3780.0,0.0
Egress2,3780.0,0.0
Ingress1,3780.0,0.0
Ingress2,3780.0,0.0
Ingress3,3780.0,0.0
Ingress4,3780.0,0.0
chain1_psfc1SF-A,3790.0,0.26296739019019016
chain1_psfc1SF-B,3790.0,0.1480204052052052
chain1_psfc1SF-C,3790.0,0.2249504908908909
chain1_psfc1SF-D,3790.0,0.3211006576576576
chain1_psfc2SF-A,3790.0,0.0
chain1_psfc2SF-B,3790.0,0.0
chain1_psfc2SF-C,3790.0,0.0
chain1_psfc2SF-D,3790.0,0.0
chain2_psfc1SF-A,3790.0,0.0
chain2_psfc1SF-B,3790.0,0.0
chain2_psfc1SF-D,3790.0,0.0
chain2_psfc2SF-A,3790.0,0.0
chain2_psfc2SF-B,3790.0,0.0
chain2_psfc2SF-D,3790.0,0.0
Egress1,3790.0,0.0
Egress2,3790.0,0.0
Ingress1,3790.0,0.0
Ingress2,3790.0,0.0
Ingress3,3790.0,0.0
Ingress4,3790.0,0.0
chain1_psfc1SF-A,3791.877595187948,0.9400803756670224
chain1_psfc1SF-B,3791.877595187948,0.0
chain1_psfc1SF-C,3791.877595187948,0.0
chain1_psfc1SF-D,3791.877595187948,1.0019184557097118
chain1_psfc2SF-A,3791.877595187948,0.0
chain1_psfc2SF-B,3791.877595187948,0.0
chain1_psfc2SF-C,3791.877595187948,0.0
chain1_psfc2SF-D,3791.877595187948,0.0
chain2_psfc1SF-A,3791.877595187948,0.0
chain2_psfc1SF-B,3791.877595187948,0.0
chain2_psfc1SF-D,3791.877595187948,0.0
chain2_psfc2SF-A,3791.877595187948,0.0
chain2_psfc2SF-B,3791.877595187948,0.0
chain2_psfc2SF-D,3791.877595187948,0.0
Egress1,3791.877595187948,0.0
Egress2,3791.877595187948,0.0
Ingress1,3791.877595187948,0.0
Ingress2,3791.877595187948,0.0
Ingress3,3791.877595187948,0.0
Ingress4,3791.877595187948,0.0
chain1_psfc1SF-A,3792.877595187948,0.3965047891566265
chain1_psfc1SF-B,3792.877595187948,0.441901421686747
chain1_psfc1SF-C,3792.877595187948,0.0
chain1_psfc1SF-D,3792.877595187948,0.12920216265060241
chain1_psfc2SF-A,3792.877595187948,0.0
chain1_psfc2SF-B,3792.877595187948,0.0
chain1_psfc2SF-C,3792.877595187948,0.0
chain1_psfc2SF-D,3792.877595187948,0.0
chain2_psfc1SF-A,3792.877595187948,0.0
chain2_psfc1SF-B,3792.877595187948,0.0
chain2_psfc1SF-D,3792.877595187948,0.0
chain2_psfc2SF-A,3792.877595187948,0.0
chain2_psfc2SF-B,3792.877595187948,0.0
chain2_psfc2SF-D,3792.877595187948,0.0
Egress1,3792.877595187948,0.0
Egress2,3792.877595187948,0.0
Ingress1,3792.877595187948,0.0
Ingress2,3792.877595187948,0.0
Ingress3,3792.877595187948,0.0
Ingress4,3792.877595187948,0.0
chain1_psfc1SF-A,3793.930948006308,0.0
chain1_psfc1SF-B,3793.930948006308,1.0012859486692016
chain1_psfc1SF-C,3793.930948006308,0.0
chain1_psfc1SF-D,3793.930948006308,0.0
chain1_psfc2SF-A,3793.930948006308,0.0
chain1_psfc2SF-B,3793.930948006308,0.0
chain1_psfc2SF-C,3793.930948006308,0.0
chain1_psfc2SF-D,3793.930948006308,0.0
chain2_psfc1SF-A,3793.930948006308,0.0
chain2_psfc1SF-B,3793.930948006308,0.0
chain2_psfc1SF-D,3793.930948006308,0.0
chain2_psfc2SF-A,3793.930948006308,0.0
chain2_psfc2SF-B,3793.930948006308,0.0
chain2_psfc2SF-D,3793.930948006308,0.0
Egress1,3793.930948006308,0.0
Egress2,3793.930948006308,0.0
Ingress1,3793.930948006308,0.0
Ingress2,3793.930948006308,0.0
Ingress3,3793.930948006308,0.0
Ingress4,3793.930948006308,0.0
chain1_psfc1SF-A,3794.930948006308,0.0
chain1_psfc1SF-B,3794.930948006308,0.07006485714285715
chain1_psfc1SF-C,3794.930948006308,0.8250084587525152
chain1_psfc1SF-D,3794.930948006308,0.0
chain1_psfc2SF-A,3794.930948006308,0.0
chain1_psfc2SF-B,3794.930948006308,0.0
chain1_psfc2SF-C,3794.930948006308,0.0
chain1_psfc2SF-D,3794.930948006308,0.0
chain2_psfc1SF-A,3794.930948006308,0.0
chain2_psfc1SF-B,3794.930948006308,0.0
chain2_psfc1SF-D,3794.930948006308,0.0
chain2_psfc2SF-A,3794.930948006308,0.0
chain2_psfc2SF-B,3794.930948006308,0.0
chain2_psfc2SF-D,3794.930948006308,0.0
Egress1,3794.930948006308,0.0
Egress2,3794.930948006308,0.0
Ingress1,3794.930948006308,0.0
Ingress2,3794.930948006308,0.0
Ingress3,3794.930948006308,0.0
Ingress4,3794.930948006308,0.0
chain1_psfc1SF-A,3796.0916537068692,0.0
chain1_psfc1SF-B,3796.0916537068692,0.0
chain1_psfc1SF-C,3796.0916537068692,1.0006083620689656
chain1_psfc1SF-D,3796.0916537068692,0.0
chain1_psfc2SF-A,3796.0916537068692,0.0
chain1_psfc2SF-B,3796.0916537068692,0.0
chain1_psfc2SF-C,3796.0916537068692,0.0
chain1_psfc2SF-D,3796.0916537068692,0.0
chain2_psfc1SF-A,3796.0916537068692,0.0
chain2_psfc1SF-B,3796.0916537068692,0.0
chain2_psfc1SF-D,3796.0916537068692,0.0
chain2_psfc2SF-A,3796.0916537068692,0.0
chain2_psfc2SF-B,3796.0916537068692,0.0
chain2_psfc2SF-D,3796.0916537068692,0.0
Egress1,3796.0916537068692,0.0
Egress2,3796.0916537068692,0.0
Ingress1,3796.0916537068692,0.0
Ingress2,3796.0916537068692,0.0
Ingress3,3796.0916537068692,0.0
Ingress4,3796.0916537068692,0.0
chain1_psfc1SF-A,3797.0916537068692,0.0
chain1_psfc1SF-B,3797.0916537068692,0.0
chain1_psfc1SF-C,3797.0916537068692,0.8004345613682093
chain1_psfc1SF-D,3797.0916537068692,0.0
chain1_psfc2SF-A,3797.0916537068692,0.0
chain1_psfc2SF-B,3797.0916537068692,0.0
chain1_psfc2SF-C,3797.0916537068692,0.0
chain1_psfc2SF-D,3797.0916537068692,0.0
chain2_psfc1SF-A,3797.0916537068692,0.0
chain2_psfc1SF-B,3797.0916537068692,0.0
chain2_psfc1SF-D,3797.0916537068692,0.0
chain2_psfc2SF-A,3797.0916537068692,0.0
chain2_psfc2SF-B,3797.0916537068692,0.0
chain2_psfc2SF-D,3797.0916537068692,0.0
Egress1,3797.0916537068692,0.0
Egress2,3797.0916537068692,0.0
Ingress1,3797.0916537068692,0.0
Ingress2,3797.0916537068692,0.0
Ingress3,3797.0916537068692,0.0
Ingress4,3797.0916537068692,0.0
