#======================================,,,,,,,,,,,,,,,,,
Workload_ID,    App_ID,SubmitTime,Tr:StartTime,Tr:EndTime,Tr:NetworkTime,   Tr:Size,Tr:Channel,Pr:StartTime,Pr:EndTime,Pr:CPUTime,   Pr:Size,Tr:StartTime,Tr:EndTime,Tr:NetworkTime,   Tr:Size,Tr:Channel,ResponseTime
0,2,0,0,0.775,0.775,10000,0,0.775,2.402,1.626,1058,2.402,3.118,0.716,10000,0,1.626
1,2,1,1,2.083,1.083,14000,0,2.083,4.309,2.226,1448,4.309,5.311,1.002,14000,0,2.226
2,2,2,2,3.16,1.16,14000,0,3.16,5.368,2.208,1436,5.368,6.37,1.002,14000,0,2.208
3,2,3,3,4.083,1.083,12000,0,4.083,6.223,2.14,1245,6.223,7.227,1.004,12000,0,2.14
4,2,4,4,5.16,1.16,14000,0,5.16,7.526,2.366,1403,7.526,8.528,1.002,14000,0,2.366
5,2,5,5,6.237,1.237,14000,0,6.237,8.511,2.274,1479,8.511,9.528,1.017,14000,0,2.274
6,2,6,6,7.237,1.237,13000,0,7.237,9.67,2.433,1394,9.67,10.601,0.931,13000,0,2.433
7,2,7,7,8.237,1.237,13000,0,8.237,10.62,2.383,1371,10.62,11.55,0.931,13000,0,2.383
8,2,8,8,9.16,1.16,12000,0,9.16,11.584,2.425,1245,11.584,12.444,0.859,12000,0,2.425
9,2,9,9,9.929,0.929,10000,0,9.929,12.251,2.322,1061,12.251,13.158,0.907,10000,0,2.322
10,2,10,10,11.006,1.006,13000,0,11.006,13.692,2.686,1371,13.692,14.633,0.941,13000,0,2.686
11,2,11,11,12.006,1.006,13000,0,12.006,14.365,2.359,1375,14.365,15.561,1.197,13000,0,2.359
12,2,12,12,12.929,0.929,12000,0,12.929,15.618,2.689,1253,15.618,16.482,0.864,12000,0,2.689
13,2,13,13,13.852,0.852,11000,0,13.852,16.096,2.243,1126,16.096,17.268,1.172,11000,0,2.243
14,2,14,14,14.775,0.775,10000,0,14.775,17.306,2.531,1098,17.306,18.023,0.716,10000,0,2.531
15,2,15,15,16.16,1.16,15000,0,16.16,18.475,2.315,1505,18.475,19.549,1.073,15000,0,2.315
16,2,16,16,17.083,1.083,12000,0,17.083,19.246,2.163,1261,19.246,20.406,1.16,12000,0,2.163
17,2,17,17,18.083,1.083,13000,0,18.083,20.561,2.479,1357,20.561,21.492,0.931,13000,0,2.479
18,2,18,18,19.16,1.16,14000,0,19.16,21.489,2.329,1459,21.489,22.492,1.003,14000,0,2.329
19,2,19,19,20.083,1.083,12000,0,20.083,22.458,2.375,1234,22.458,23.359,0.901,12000,0,2.375
20,2,20,20,21.083,1.083,13000,0,21.083,23.515,2.432,1318,23.515,24.446,0.931,13000,0,2.432
21,2,21,21,22.083,1.083,13000,0,22.083,24.495,2.412,1325,24.495,25.426,0.931,13000,0,2.412
22,2,22,22,23.16,1.16,14000,0,23.16,25.732,2.572,1442,25.732,26.734,1.002,14000,0,2.572
23,2,23,23,24.314,1.314,15000,0,24.314,26.823,2.509,1514,26.823,27.896,1.074,15000,0,2.509
24,2,24,24,25.314,1.314,13000,0,25.314,27.844,2.53,1373,27.844,28.825,0.981,13000,0,2.53
25,2,25,25,26.16,1.16,11000,0,26.16,28.654,2.494,1191,28.654,29.611,0.957,11000,0,2.494
26,2,26,26,27.237,1.237,14000,0,27.237,30.015,2.778,1412,30.015,31.017,1.002,14000,0,2.778
27,2,27,27,28.391,1.391,15000,0,28.391,31.065,2.674,1556,31.065,32.138,1.073,15000,0,2.674
28,2,28,28,29.314,1.314,12000,0,29.314,31.938,2.625,1251,31.938,32.995,1.057,12000,0,2.625
29,2,29,29,30.391,1.391,14000,0,30.391,33.364,2.974,1495,33.364,34.366,1.002,14000,0,2.974
30,2,30,30,31.544,1.544,15000,0,31.544,34.323,2.779,1551,34.323,35.438,1.115,15000,0,2.779
31,2,31,31,32.314,1.314,10000,0,32.314,34.98,2.666,1051,34.98,36.152,1.172,10000,0,2.666
32,2,32,32,33.083,1.083,10000,0,33.083,35.936,2.853,1049,35.936,36.866,0.93,10000,0,2.853
33,2,33,33,33.936,0.936,11000,0,33.936,36.709,2.773,1124,36.709,37.652,0.943,11000,0,2.773
34,2,34,34,34.933,0.933,12000,0,34.933,37.792,2.859,1207,37.792,38.651,0.859,12000,0,2.859
35,2,35,35,36.006,1.006,13000,0,36.006,38.814,2.808,1369,38.814,39.744,0.931,13000,0,2.808
36,2,36,36,36.852,0.852,11000,0,36.852,39.543,2.691,1139,39.543,40.53,0.987,11000,0,2.691
37,2,37,37,38.16,1.16,15000,0,38.16,41.146,2.986,1517,41.146,42.219,1.073,15000,0,2.986
38,2,38,38,39.16,1.16,13000,0,39.16,41.545,2.385,1302,41.545,43.148,1.603,13000,0,2.385
39,2,39,39,40.083,1.083,12000,0,40.083,43.117,3.034,1271,43.117,44.005,0.888,12000,0,3.034
40,2,40,40,41.16,1.16,14000,0,41.16,43.741,2.582,1421,43.741,45.005,1.264,14000,0,2.582
41,2,41,41,41.929,0.929,10000,0,41.929,44.716,2.787,1040,44.716,45.719,1.003,10000,0,2.787
42,2,42,42,43.16,1.16,15000,0,43.16,46.111,2.951,1541,46.111,47.185,1.073,15000,0,2.951
43,2,43,43,44.237,1.237,14000,0,44.237,47.016,2.779,1494,47.016,48.185,1.169,14000,0,2.779
44,2,44,44,45.083,1.083,11000,0,45.083,47.856,2.773,1134,47.856,48.97,1.115,11000,0,2.773
45,2,45,45,46.083,1.083,13000,0,46.083,49.024,2.941,1306,49.024,49.955,0.931,13000,0,2.941
46,2,46,46,47.006,1.006,12000,0,47.006,49.847,2.841,1295,49.847,50.812,0.965,12000,0,2.841
47,2,47,47,48.006,1.006,13000,0,48.006,51.171,3.165,1396,51.171,52.101,0.931,13000,0,3.165
48,2,48,48,49.006,1.006,13000,0,49.006,51.862,2.856,1308,51.862,53.03,1.168,13000,0,2.856
49,2,49,49,50.006,1.006,13000,0,50.006,53.243,3.237,1347,53.243,54.173,0.93,13000,0,3.237
50,2,50,50,51.083,1.083,14000,0,51.083,54.092,3.009,1450,54.092,55.183,1.091,14000,0,3.009
51,2,51,51,51.852,0.852,10000,0,51.852,54.937,3.085,1092,54.937,55.897,0.961,10000,0,3.085
52,2,52,52,52.929,0.929,12000,0,52.929,56.034,3.105,1263,56.034,56.893,0.859,12000,0,3.105
53,2,53,53,53.929,0.929,12000,0,53.929,56.863,2.934,1253,56.863,57.75,0.887,12000,0,2.934
54,2,54,54,54.775,0.775,10000,0,54.775,57.684,2.908,1073,57.684,58.464,0.781,10000,0,2.908
55,2,55,55,56.083,1.083,14000,0,56.083,59.058,2.975,1427,59.058,60.06,1.002,14000,0,2.975
56,2,56,56,57.083,1.083,13000,0,57.083,59.711,2.628,1319,59.711,60.989,1.278,13000,0,2.628
57,2,57,57,57.852,0.852,10000,0,57.852,60.68,2.827,1044,60.68,61.704,1.024,10000,0,2.827
58,2,58,58,58.852,0.852,11000,0,58.852,61.45,2.598,1131,61.45,62.489,1.039,11000,0,2.598
59,2,59,59,60.006,1.006,13000,0,60.006,62.824,2.818,1395,62.824,63.755,0.931,13000,0,2.818
60,2,60,60,60.852,0.852,11000,0,60.852,63.244,2.392,1167,63.244,64.541,1.296,11000,0,2.392
61,2,61,61,61.852,0.852,11000,0,61.852,64.605,2.752,1158,64.605,65.392,0.788,11000,0,2.752
62,2,62,62,62.929,0.929,12000,0,62.929,65.137,2.208,1231,65.137,66.259,1.123,12000,0,2.208
64,2,64,64,65.006,1.006,11000,0,65.006,66.945,1.939,1176,66.945,67.733,0.788,11000,0,1.939
63,2,63,63,64.16,1.16,15000,0,64.16,67.006,2.846,1559,67.006,68.805,1.799,15000,0,2.846
66,2,66,66,67.006,1.006,12000,0,67.006,68.904,1.898,1235,68.904,69.764,0.859,12000,0,1.898
65,2,65,65,66.083,1.083,14000,0,66.083,69.143,3.06,1429,69.143,70.774,1.631,14000,0,3.06
68,2,68,68,69.006,1.006,12000,0,69.006,71.01,2.004,1214,71.01,71.869,0.859,12000,0,2.004
67,2,67,67,68.083,1.083,14000,0,68.083,71.098,3.015,1426,71.098,72.869,1.771,14000,0,3.015
69,2,69,69,69.852,0.852,11000,0,69.852,72.751,2.898,1132,72.751,73.655,0.904,11000,0,2.898
70,2,70,70,71.006,1.006,13000,0,71.006,73.137,2.131,1314,73.137,74.584,1.447,13000,0,2.131
72,2,72,72,72.775,0.775,10000,0,72.775,74.765,1.99,1059,74.765,75.481,0.716,10000,0,1.99
71,2,71,71,72.006,1.006,13000,0,72.006,74.827,2.821,1350,74.827,76.42,1.593,13000,0,2.821
73,2,73,73,73.929,0.929,12000,0,73.929,76.61,2.681,1200,76.61,77.469,0.859,12000,0,2.681
74,2,74,74,75.083,1.083,14000,0,75.083,77.34,2.257,1468,77.34,78.469,1.129,14000,0,2.257
75,2,75,75,75.852,0.852,10000,0,75.852,78.264,2.412,1076,78.264,79.183,0.919,10000,0,2.412
76,2,76,76,76.852,0.852,11000,0,76.852,79.158,2.306,1183,79.158,79.969,0.81,11000,0,2.306
77,2,77,77,77.929,0.929,12000,0,77.929,80.215,2.286,1269,80.215,81.074,0.859,12000,0,2.286
78,2,78,78,79.083,1.083,14000,0,79.083,81.379,2.297,1444,81.379,82.381,1.002,14000,0,2.297
79,2,79,79,79.929,0.929,11000,0,79.929,82.044,2.115,1189,82.044,83.167,1.123,11000,0,2.115
80,2,80,80,80.929,0.929,12000,0,80.929,83.335,2.406,1272,83.335,84.194,0.859,12000,0,2.406
81,2,81,81,82.083,1.083,14000,0,82.083,84.251,2.168,1409,84.251,85.253,1.002,14000,0,2.168
82,2,82,82,82.936,0.936,11000,0,82.936,85.101,2.165,1149,85.101,86.038,0.937,11000,0,2.165
83,2,83,83,84.083,1.083,14000,0,84.083,86.507,2.424,1467,86.507,87.509,1.002,14000,0,2.424
84,2,84,84,85.16,1.16,14000,0,85.16,87.457,2.297,1494,87.457,88.509,1.053,14000,0,2.297
85,2,85,85,86.006,1.006,11000,0,86.006,88.223,2.217,1116,88.223,89.295,1.072,11000,0,2.217
86,2,86,86,86.852,0.852,11000,0,86.852,89.158,2.306,1107,89.158,90.081,0.922,11000,0,2.306
87,2,87,87,87.852,0.852,11000,0,87.852,89.974,2.122,1139,89.974,90.867,0.892,11000,0,2.122
88,2,88,88,88.929,0.929,12000,0,88.929,91.093,2.164,1252,91.093,91.952,0.859,12000,0,2.164
89,2,89,89,90.083,1.083,14000,0,90.083,92.328,2.245,1460,92.328,93.33,1.002,14000,0,2.245
90,2,90,90,91.083,1.083,13000,0,91.083,93.244,2.161,1399,93.244,94.258,1.014,13000,0,2.161
91,2,91,91,92.16,1.16,14000,0,92.16,94.624,2.464,1493,94.624,95.626,1.002,14000,0,2.464
92,2,92,92,93.006,1.006,11000,0,93.006,95.032,2.026,1163,95.032,96.411,1.379,11000,0,2.026
94,2,94,94,94.775,0.775,10000,0,94.775,96.721,1.946,1098,96.721,97.437,0.716,10000,0,1.946
93,2,93,93,94.006,1.006,13000,0,94.006,96.747,2.741,1381,96.747,98.366,1.619,13000,0,2.741
96,2,96,96,97.083,1.083,12000,0,97.083,99.054,1.971,1286,99.054,99.913,0.859,12000,0,1.971
95,2,95,95,96.16,1.16,15000,0,96.16,99.109,2.949,1541,99.109,100.984,1.875,15000,0,2.949
97,2,97,97,97.852,0.852,10000,0,97.852,100.667,2.815,1049,100.667,101.699,1.032,10000,0,2.815
98,2,98,98,98.775,0.775,10000,0,98.775,100.759,1.984,1073,100.759,102.413,1.654,10000,0,1.984
99,2,99,99,99.929,0.929,12000,0,99.929,102.536,2.607,1216,102.536,103.395,0.859,12000,0,2.607
100,2,100,100,101.006,1.006,13000,0,101.006,103.125,2.119,1382,103.125,104.324,1.198,13000,0,2.119
101,2,101,101,101.852,0.852,11000,0,101.852,104.304,2.452,1150,104.304,105.109,0.806,11000,0,2.452
102,2,102,102,103.006,1.006,13000,0,103.006,105.181,2.175,1331,105.181,106.111,0.931,13000,0,2.175
103,2,103,103,104.006,1.006,13000,0,104.006,106.37,2.364,1332,106.37,107.301,0.93,13000,0,2.364
104,2,104,104,104.852,0.852,11000,0,104.852,106.939,2.087,1138,106.939,108.087,1.148,11000,0,2.087
106,2,106,106,106.929,0.929,10000,0,106.929,108.539,1.61,1041,108.539,109.255,0.716,10000,0,1.61
105,2,105,105,106.16,1.16,15000,0,106.16,108.71,2.55,1521,108.71,110.327,1.616,15000,0,2.55
107,2,107,107,107.852,0.852,11000,0,107.852,110.311,2.458,1152,110.311,111.112,0.802,11000,0,2.458
108,2,108,108,109.006,1.006,13000,0,109.006,111.104,2.098,1368,111.104,112.041,0.937,13000,0,2.098
109,2,109,109,109.852,0.852,11000,0,109.852,112.02,2.168,1102,112.02,112.827,0.807,11000,0,2.168
110,2,110,110,111.16,1.16,15000,0,111.16,113.511,2.351,1529,113.511,114.584,1.073,15000,0,2.351
111,2,111,111,111.929,0.929,10000,0,111.929,113.685,1.756,1083,113.685,115.299,1.614,10000,0,1.756
112,2,112,112,112.775,0.775,10000,0,112.775,115.13,2.354,1053,115.13,116.014,0.885,10000,0,2.354
113,2,113,113,114.006,1.006,13000,0,114.006,116.066,2.06,1344,116.066,116.997,0.931,13000,0,2.06
114,2,114,114,115.083,1.083,14000,0,115.083,117.424,2.341,1492,117.424,118.426,1.002,14000,0,2.341
115,2,115,115,116.237,1.237,15000,0,116.237,118.605,2.368,1540,118.605,119.678,1.073,15000,0,2.368
116,2,116,116,117.314,1.314,14000,0,117.314,119.694,2.38,1475,119.694,120.696,1.002,14000,0,2.38
117,2,117,117,118.083,1.083,10000,0,118.083,120.269,2.186,1082,120.269,121.41,1.141,10000,0,2.186
118,2,118,118,118.852,0.852,10000,0,118.852,121.381,2.529,1098,121.381,122.134,0.753,10000,0,2.529
119,2,119,119,119.852,0.852,11000,0,119.852,122.035,2.183,1149,122.035,122.92,0.884,11000,0,2.183
120,2,120,120,121.16,1.16,15000,0,121.16,123.706,2.546,1512,123.706,124.78,1.073,15000,0,2.546
121,2,121,121,122.083,1.083,12000,0,122.083,124.013,1.93,1255,124.013,125.637,1.624,12000,0,1.93
123,2,123,123,124.006,1.006,11000,0,124.006,125.843,1.837,1190,125.843,126.631,0.788,11000,0,1.837
122,2,122,122,123.16,1.16,14000,0,123.16,126.011,2.851,1499,126.011,127.631,1.62,14000,0,2.851
124,2,124,124,125.006,1.006,13000,0,125.006,127.868,2.861,1317,127.868,128.798,0.931,13000,0,2.861
125,2,125,125,126.083,1.083,14000,0,126.083,128.241,2.158,1403,128.241,129.798,1.557,14000,0,2.158
126,2,126,126,126.929,0.929,11000,0,126.929,129.565,2.636,1104,129.565,130.584,1.019,11000,0,2.636
127,2,127,127,127.775,0.775,10000,0,127.775,129.925,2.15,1093,129.925,131.298,1.373,10000,0,2.15
129,2,129,129,129.775,0.775,10000,0,129.775,131.527,1.752,1042,131.527,132.243,0.716,10000,0,1.752
128,2,128,128,129.006,1.006,13000,0,129.006,131.592,2.586,1318,131.592,133.172,1.58,13000,0,2.586
130,2,130,130,131.16,1.16,15000,0,131.16,133.9,2.74,1543,133.9,134.973,1.073,15000,0,2.74
131,2,131,131,132.237,1.237,14000,0,132.237,134.48,2.243,1459,134.48,135.973,1.493,14000,0,2.243
132,2,132,132,133.16,1.16,12000,0,133.16,135.84,2.68,1262,135.84,136.83,0.99,12000,0,2.68
133,2,133,133,133.929,0.929,10000,0,133.929,136.17,2.241,1096,136.17,137.545,1.375,10000,0,2.241
134,2,134,134,135.083,1.083,14000,0,135.083,138.091,3.008,1454,138.091,139.093,1.002,14000,0,3.008
135,2,135,135,136.16,1.16,14000,0,136.16,138.443,2.283,1478,138.443,140.093,1.651,14000,0,2.283
136,2,136,136,137.016,1.016,11000,0,137.016,139.889,2.873,1169,139.889,140.879,0.99,11000,0,2.873
137,2,137,137,138.17,1.17,15000,0,138.17,140.777,2.607,1506,140.777,141.951,1.174,15000,0,2.607
138,2,138,138,139.247,1.247,14000,0,139.247,142.109,2.862,1444,142.109,143.111,1.002,14000,0,2.862
139,2,139,139,140.016,1.016,10000,0,140.016,142.432,2.416,1076,142.432,143.826,1.394,10000,0,2.416
140,2,140,140,140.862,0.862,11000,0,140.862,143.849,2.986,1131,143.849,144.636,0.788,11000,0,2.986
141,2,141,141,141.929,0.929,12000,0,141.929,144.283,2.354,1204,144.283,145.498,1.215,12000,0,2.354
142,2,142,142,143.083,1.083,14000,0,143.083,146.043,2.96,1418,146.043,147.045,1.002,14000,0,2.96
143,2,143,143,144.006,1.006,12000,0,144.006,146.132,2.126,1202,146.132,147.902,1.77,12000,0,2.126
144,2,144,144,144.852,0.852,11000,0,144.852,147.769,2.917,1123,147.769,148.687,0.918,11000,0,2.917
145,2,145,145,146.16,1.16,15000,0,146.16,148.493,2.333,1517,148.493,149.759,1.266,15000,0,2.333
146,2,146,146,147.083,1.083,12000,0,147.083,149.614,2.531,1200,149.614,150.616,1.002,12000,0,2.531
147,2,147,147,148.16,1.16,14000,0,148.16,150.796,2.636,1498,150.796,151.798,1.002,14000,0,2.636
148,2,148,148,148.929,0.929,10000,0,148.929,151.251,2.322,1065,151.251,152.512,1.261,10000,0,2.322
149,2,149,149,150.016,1.016,13000,0,150.016,152.867,2.851,1347,152.867,153.798,0.931,13000,0,2.851
150,2,150,150,151.093,1.093,14000,0,151.093,153.435,2.342,1420,153.435,154.797,1.362,14000,0,2.342
151,2,151,151,152.022,1.022,12000,0,152.022,154.753,2.731,1227,154.753,155.655,0.901,12000,0,2.731
152,2,152,152,152.791,0.791,10000,0,152.791,155.071,2.28,1064,155.071,156.369,1.298,10000,0,2.28
154,2,154,154,154.929,0.929,11000,0,154.929,156.913,1.984,1198,156.913,157.701,0.788,11000,0,1.984
153,2,153,153,154.083,1.083,14000,0,154.083,156.964,2.881,1437,156.964,158.701,1.737,14000,0,2.881
155,2,155,155,155.852,0.852,11000,0,155.852,158.604,2.752,1100,158.604,159.492,0.888,11000,0,2.752
156,2,156,156,157.006,1.006,13000,0,157.006,159.023,2.017,1316,159.023,160.421,1.398,13000,0,2.017
157,2,157,157,158.083,1.083,14000,0,158.083,160.787,2.705,1420,160.787,161.79,1.002,14000,0,2.705
158,2,158,158,158.929,0.929,11000,0,158.929,160.843,1.914,1181,160.843,162.575,1.732,11000,0,1.914
160,2,160,160,160.852,0.852,11000,0,160.852,162.541,1.689,1104,162.541,163.361,0.82,11000,0,1.689
159,2,159,159,159.929,0.929,12000,0,159.929,162.719,2.79,1256,162.719,164.222,1.502,12000,0,2.79
162,2,162,162,162.852,0.852,10000,0,162.852,164.5,1.648,1072,164.5,165.216,0.716,10000,0,1.648
161,2,161,161,162.083,1.083,14000,0,162.083,164.845,2.762,1498,164.845,166.226,1.381,14000,0,2.762
163,2,163,163,164.006,1.006,13000,0,164.006,166.642,2.635,1393,166.642,167.572,0.931,13000,0,2.635
164,2,164,164,165.006,1.006,13000,0,165.006,167.028,2.022,1319,167.028,168.501,1.473,13000,0,2.022
165,2,165,165,166.006,1.006,13000,0,166.006,168.744,2.738,1367,168.744,169.674,0.931,13000,0,2.738
166,2,166,166,167.083,1.083,14000,0,167.083,169.237,2.154,1401,169.237,170.674,1.437,14000,0,2.154
167,2,167,167,168.16,1.16,14000,0,168.16,170.914,2.754,1411,170.914,171.916,1.002,14000,0,2.754
168,2,168,168,169.16,1.16,13000,0,169.16,171.257,2.097,1314,171.257,172.844,1.587,13000,0,2.097
169,2,169,169,170.006,1.006,11000,0,170.006,172.658,2.652,1135,172.658,173.63,0.972,11000,0,2.652
170,2,170,170,171.083,1.083,14000,0,171.083,173.545,2.462,1488,173.545,174.63,1.085,14000,0,2.462
171,2,171,171,172.16,1.16,14000,0,172.16,174.829,2.669,1412,174.829,175.831,1.002,14000,0,2.669
172,2,172,172,173.16,1.16,13000,0,173.16,175.595,2.435,1334,175.595,176.76,1.164,13000,0,2.435
173,2,173,173,174.083,1.083,12000,0,174.083,176.732,2.649,1237,176.732,177.617,0.885,12000,0,2.649
174,2,174,174,174.929,0.929,11000,0,174.929,177.31,2.381,1115,177.31,178.404,1.094,11000,0,2.381
175,2,175,175,175.929,0.929,12000,0,175.929,178.675,2.746,1263,178.675,179.534,0.859,12000,0,2.746
176,2,176,176,177.006,1.006,13000,0,177.006,179.446,2.44,1389,179.446,180.463,1.017,13000,0,2.44
177,2,177,177,178.006,1.006,13000,0,178.006,180.674,2.668,1300,180.674,181.604,0.93,13000,0,2.668
178,2,178,178,179.083,1.083,14000,0,179.083,181.688,2.605,1458,181.688,182.69,1.002,14000,0,2.605
179,2,179,179,179.852,0.852,10000,0,179.852,182.301,2.448,1058,182.301,183.404,1.103,10000,0,2.448
180,2,180,180,181.083,1.083,14000,0,181.083,183.993,2.91,1499,183.993,184.995,1.002,14000,0,2.91
181,2,181,181,182.16,1.16,14000,0,182.16,184.598,2.438,1494,184.598,185.995,1.397,14000,0,2.438
182,2,182,182,183.083,1.083,12000,0,183.083,185.961,2.878,1280,185.961,186.852,0.891,12000,0,2.878
183,2,183,183,184.237,1.237,15000,0,184.237,186.995,2.758,1559,186.995,188.068,1.073,15000,0,2.758
184,2,184,184,185.083,1.083,11000,0,185.083,187.669,2.586,1111,187.669,188.854,1.186,11000,0,2.586
185,2,185,185,186.083,1.083,13000,0,186.083,189.035,2.952,1327,189.035,189.966,0.931,13000,0,2.952
186,2,186,186,186.936,0.936,11000,0,186.936,189.504,2.568,1194,189.504,190.751,1.247,11000,0,2.568
188,2,188,188,188.852,0.852,10000,0,188.852,191.14,2.288,1064,191.14,191.856,0.716,10000,0,2.288
187,2,187,187,188.083,1.083,14000,0,188.083,191.249,3.166,1440,191.249,192.856,1.607,14000,0,3.166
190,2,190,190,191.086,1.086,12000,0,191.086,193.244,2.158,1297,193.244,194.113,0.869,12000,0,2.158
189,2,189,189,190.16,1.16,15000,0,190.16,193.522,3.362,1539,193.522,195.185,1.662,15000,0,3.362
192,2,192,192,192.855,0.855,10000,0,192.855,195.211,2.355,1098,195.211,195.927,0.716,10000,0,2.355
191,2,191,191,192.086,1.086,13000,0,192.086,195.275,3.189,1321,195.275,196.855,1.58,13000,0,3.189
193,2,193,193,194.083,1.083,14000,0,194.083,197.389,3.306,1417,197.389,198.391,1.002,14000,0,3.306
194,2,194,194,195.16,1.16,14000,0,195.16,197.517,2.357,1458,197.517,199.391,1.874,14000,0,2.357
196,2,196,196,196.775,0.775,10000,0,196.775,199.153,2.378,1064,199.153,200.105,0.952,10000,0,2.378
195,2,195,195,196.006,1.006,11000,0,196.006,199.182,3.176,1166,199.182,200.891,1.708,11000,0,3.176
197,2,197,197,197.852,0.852,11000,0,197.852,200.964,3.112,1178,200.964,201.752,0.788,11000,0,3.112
198,2,198,198,199.006,1.006,13000,0,199.006,201.294,2.288,1373,201.294,202.681,1.387,13000,0,2.288
199,2,199,199,200.006,1.006,13000,0,200.006,202.974,2.968,1307,202.974,203.904,0.93,13000,0,2.968
200,2,201,201,201.852,0.852,11000,0,201.852,203.654,1.802,1172,203.654,204.69,1.036,11000,0,1.802
201,2,202,202,203.083,1.083,14000,0,203.083,205.311,2.228,1454,205.311,206.313,1.002,14000,0,2.228
202,2,203,203,203.929,0.929,11000,0,203.929,205.68,1.751,1138,205.68,207.098,1.418,11000,0,1.751
203,2,204,204,205.006,1.006,13000,0,205.006,207.394,2.388,1355,207.394,208.324,0.931,13000,0,2.388
204,2,205,205,205.852,0.852,11000,0,205.852,207.59,1.738,1130,207.59,209.11,1.52,11000,0,1.738
205,2,206,206,207.16,1.16,15000,0,207.16,209.741,2.582,1516,209.741,210.815,1.073,15000,0,2.582
206,2,207,207,208.083,1.083,12000,0,208.083,209.955,1.872,1213,209.955,211.672,1.717,12000,0,1.872
208,2,209,209,209.775,0.775,10000,0,209.775,211.58,1.805,1046,211.58,212.386,0.806,10000,0,1.805
207,2,208,208,209.006,1.006,12000,0,209.006,211.637,2.631,1233,211.637,213.243,1.606,12000,0,2.631
209,2,210,210,211.083,1.083,14000,0,211.083,213.751,2.668,1411,213.751,214.752,1.002,14000,0,2.668
210,2,211,211,212.083,1.083,13000,0,212.083,214.095,2.013,1302,214.095,215.681,1.586,13000,0,2.013
211,2,212,212,213.083,1.083,13000,0,213.083,215.793,2.71,1328,215.793,216.723,0.931,13000,0,2.71
212,2,213,213,214.16,1.16,14000,0,214.16,216.441,2.282,1484,216.441,217.723,1.282,14000,0,2.282
213,2,214,214,215.006,1.006,11000,0,215.006,217.492,2.486,1105,217.492,218.509,1.017,11000,0,2.486
214,2,215,215,216.083,1.083,14000,0,216.083,218.604,2.522,1407,218.604,219.607,1.002,14000,0,2.522
215,2,216,216,217.006,1.006,12000,0,217.006,219.394,2.388,1237,219.394,220.464,1.07,12000,0,2.388
216,2,217,217,217.775,0.775,10000,0,217.775,220.21,2.434,1044,220.21,221.178,0.968,10000,0,2.434
217,2,218,218,219.006,1.006,13000,0,219.006,221.541,2.535,1397,221.541,222.472,0.931,13000,0,2.535
218,2,219,219,219.933,0.933,12000,0,219.933,222.067,2.134,1208,222.067,223.329,1.262,12000,0,2.134
219,2,220,220,221.006,1.006,13000,0,221.006,223.587,2.581,1330,223.587,224.517,0.931,13000,0,2.581
220,2,221,221,222.083,1.083,14000,0,222.083,224.383,2.3,1496,224.383,225.517,1.134,14000,0,2.3
221,2,222,222,223.006,1.006,12000,0,223.006,225.457,2.451,1216,225.457,226.381,0.924,12000,0,2.451
222,2,223,223,223.852,0.852,11000,0,223.852,226.191,2.339,1176,226.191,227.166,0.975,11000,0,2.339
223,2,224,224,225.083,1.083,14000,0,225.083,227.637,2.554,1418,227.637,228.639,1.002,14000,0,2.554
224,2,225,225,226.237,1.237,15000,0,226.237,228.546,2.309,1502,228.546,229.72,1.174,15000,0,2.309
225,2,226,226,227.16,1.16,12000,0,227.16,229.585,2.425,1267,229.585,230.577,0.992,12000,0,2.425
226,2,227,227,228.16,1.16,13000,0,228.16,230.582,2.422,1324,230.582,231.512,0.931,13000,0,2.422
227,2,228,228,229.083,1.083,12000,0,229.083,231.452,2.369,1214,231.452,232.37,0.918,12000,0,2.369
228,2,229,229,229.933,0.933,11000,0,229.933,232.418,2.485,1194,232.418,233.205,0.788,11000,0,2.485
229,2,230,230,230.775,0.775,10000,0,230.775,233.055,2.28,1043,233.055,233.919,0.864,10000,0,2.28
230,2,231,231,231.775,0.775,10000,0,231.775,234.038,2.263,1054,234.038,234.764,0.726,10000,0,2.263
231,2,232,232,232.933,0.933,12000,0,232.933,234.945,2.012,1229,234.945,235.804,0.859,12000,0,2.012
232,2,233,233,233.929,0.929,12000,0,233.929,236.023,2.094,1291,236.023,236.882,0.859,12000,0,2.094
233,2,234,234,234.852,0.852,11000,0,234.852,236.66,1.808,1115,236.66,237.668,1.008,11000,0,1.808
234,2,235,235,236.16,1.16,15000,0,236.16,238.509,2.349,1528,238.509,239.593,1.083,15000,0,2.349
235,2,236,236,237.16,1.16,13000,0,237.16,239.164,2.005,1303,239.164,240.521,1.357,13000,0,2.005
236,2,237,237,238.16,1.16,13000,0,238.16,240.65,2.49,1392,240.65,241.58,0.931,13000,0,2.49
237,2,238,238,239.006,1.006,11000,0,239.006,240.952,1.946,1163,240.952,242.376,1.424,11000,0,1.946
238,2,239,239,239.852,0.852,11000,0,239.852,242.343,2.491,1101,242.343,243.161,0.819,11000,0,2.491
239,2,240,240,240.929,0.929,12000,0,240.929,242.883,1.954,1255,242.883,244.019,1.136,12000,0,1.954
241,2,242,242,242.929,0.929,10000,0,242.929,244.552,1.623,1056,244.552,245.269,0.716,10000,0,1.623
240,2,241,241,242.16,1.16,15000,0,242.16,244.734,2.574,1555,244.734,246.34,1.606,15000,0,2.574
242,2,243,243,244.083,1.083,14000,0,244.083,246.837,2.754,1486,246.837,247.839,1.002,14000,0,2.754
243,2,244,244,245.16,1.16,14000,0,245.16,247.418,2.258,1469,247.418,248.839,1.421,14000,0,2.258
244,2,245,245,246.237,1.237,14000,0,246.237,249.014,2.777,1416,249.014,250.016,1.002,14000,0,2.777
245,2,246,246,247.314,1.314,14000,0,247.314,249.68,2.366,1471,249.68,251.026,1.346,14000,0,2.366
246,2,247,247,248.468,1.468,15000,0,248.468,251.373,2.905,1534,251.373,252.446,1.073,15000,0,2.905
247,2,248,248,249.468,1.468,13000,0,249.468,251.691,2.223,1308,251.691,253.382,1.691,13000,0,2.223
249,2,250,250,251.314,1.314,10000,0,251.314,253.352,2.038,1080,253.352,254.096,0.745,10000,0,2.038
248,2,249,249,250.545,1.545,14000,0,250.545,253.544,2.999,1412,253.544,255.096,1.553,14000,0,2.999
250,2,251,251,252.16,1.16,11000,0,252.16,255.138,2.978,1162,255.138,255.926,0.788,11000,0,2.978
251,2,252,252,253.083,1.083,12000,0,253.083,255.528,2.445,1290,255.528,256.783,1.255,12000,0,2.445
252,2,253,253,254.006,1.006,12000,0,254.006,257.097,3.091,1274,257.097,257.956,0.859,12000,0,3.091
253,2,254,254,254.852,0.852,11000,0,254.852,257.328,2.476,1171,257.328,258.742,1.413,11000,0,2.476
255,2,256,256,256.775,0.775,10000,0,256.775,258.936,2.161,1046,258.936,259.652,0.716,10000,0,2.161
254,2,255,255,255.935,0.935,12000,0,255.935,259.017,3.083,1249,259.017,260.509,1.492,12000,0,3.083
256,2,257,257,257.852,0.852,11000,0,257.852,260.736,2.884,1171,260.736,261.524,0.788,11000,0,2.884
257,2,258,258,259.006,1.006,13000,0,259.006,261.159,2.153,1393,261.159,262.452,1.293,13000,0,2.153
258,2,259,259,259.933,0.933,12000,0,259.933,262.709,2.776,1283,262.709,263.568,0.859,12000,0,2.776
259,2,260,260,261.083,1.083,14000,0,261.083,263.401,2.318,1458,263.401,264.568,1.167,14000,0,2.318
260,2,261,261,261.929,0.929,11000,0,261.929,264.435,2.506,1123,264.435,265.354,0.918,11000,0,2.506
261,2,262,262,263.083,1.083,14000,0,263.083,265.654,2.571,1465,265.654,266.656,1.002,14000,0,2.571
262,2,263,263,264.006,1.006,12000,0,264.006,266.346,2.34,1243,266.346,267.513,1.167,12000,0,2.34
263,2,264,264,265.006,1.006,13000,0,265.006,267.688,2.682,1323,267.688,268.618,0.931,13000,0,2.682
264,2,265,265,266.16,1.16,15000,0,266.16,268.717,2.557,1542,268.717,269.791,1.073,15000,0,2.557
265,2,266,266,267.083,1.083,12000,0,267.083,269.665,2.582,1286,269.665,270.648,0.983,12000,0,2.582
266,2,267,267,267.929,0.929,11000,0,267.929,270.553,2.624,1194,270.553,271.433,0.881,11000,0,2.624
267,2,268,268,269.083,1.083,14000,0,269.083,271.909,2.826,1460,271.909,272.911,1.002,14000,0,2.826
268,2,269,269,270.006,1.006,12000,0,270.006,272.532,2.526,1287,272.532,273.768,1.236,12000,0,2.526
269,2,270,270,270.852,0.852,11000,0,270.852,273.732,2.88,1185,273.732,274.554,0.822,11000,0,2.88
270,2,271,271,271.852,0.852,11000,0,271.852,274.317,2.465,1161,274.317,275.34,1.022,11000,0,2.465
271,2,272,272,273.083,1.083,14000,0,273.083,275.9,2.817,1410,275.9,276.907,1.007,14000,0,2.817
272,2,273,273,274.006,1.006,12000,0,274.006,276.263,2.257,1265,276.263,277.764,1.501,12000,0,2.257
273,2,274,274,275.083,1.083,14000,0,275.083,278.068,2.985,1410,278.068,279.07,1.002,14000,0,2.985
274,2,275,275,276.006,1.006,12000,0,276.006,278.131,2.125,1215,278.131,279.927,1.796,12000,0,2.125
275,2,276,276,276.775,0.775,10000,0,276.775,279.71,2.935,1068,279.71,280.648,0.938,10000,0,2.935
276,2,277,277,277.929,0.929,12000,0,277.929,280.075,2.146,1265,280.075,281.505,1.429,12000,0,2.146
278,2,279,279,280.006,1.006,11000,0,280.006,281.794,1.788,1117,281.794,282.581,0.788,11000,0,1.788
277,2,278,278,279.16,1.16,15000,0,279.16,282.092,2.932,1549,282.092,283.653,1.561,15000,0,2.932
279,2,280,280,280.775,0.775,10000,0,280.775,283.414,2.638,1054,283.414,284.367,0.954,10000,0,2.638
280,2,281,281,281.929,0.929,12000,0,281.929,284.049,2.12,1273,284.049,285.224,1.175,12000,0,2.12
281,2,282,282,283.083,1.083,14000,0,283.083,285.643,2.56,1450,285.643,286.645,1.002,14000,0,2.56
282,2,283,283,284.083,1.083,13000,0,284.083,286.19,2.107,1370,286.19,287.574,1.384,13000,0,2.107
283,2,284,284,284.852,0.852,10000,0,284.852,287.328,2.476,1096,287.328,288.288,0.96,10000,0,2.476
284,2,285,285,285.933,0.933,12000,0,285.933,288.069,2.136,1222,288.069,289.145,1.076,12000,0,2.136
285,2,286,286,286.775,0.775,10000,0,286.775,288.977,2.202,1073,288.977,289.859,0.882,10000,0,2.202
286,2,287,287,287.852,0.852,11000,0,287.852,289.792,1.94,1121,289.792,290.645,0.853,11000,0,1.94
287,2,288,288,289.083,1.083,14000,0,289.083,291.387,2.304,1498,291.387,292.389,1.002,14000,0,2.304
288,2,289,289,290.006,1.006,12000,0,290.006,291.997,1.991,1299,291.997,293.255,1.258,12000,0,1.991
289,2,290,290,291.083,1.083,14000,0,291.083,293.56,2.477,1413,293.56,294.562,1.002,14000,0,2.477
290,2,291,291,291.929,0.929,11000,0,291.929,293.753,1.824,1142,293.753,295.348,1.595,11000,0,1.824
291,2,292,292,293.006,1.006,13000,0,293.006,295.674,2.668,1366,295.674,296.604,0.931,13000,0,2.668
292,2,293,293,294.083,1.083,14000,0,294.083,296.261,2.178,1416,296.261,297.604,1.344,14000,0,2.178
293,2,294,294,295.16,1.16,14000,0,295.16,297.949,2.789,1480,297.949,298.951,1.002,14000,0,2.789
294,2,295,295,296.093,1.093,12000,0,296.093,298.218,2.125,1263,298.218,299.808,1.591,12000,0,2.125
296,2,297,297,298.026,1.026,11000,0,298.026,299.998,1.972,1158,299.998,300.786,0.788,11000,0,1.972
295,2,296,296,297.17,1.17,14000,0,297.17,300.23,3.06,1483,300.23,301.786,1.556,14000,0,3.06
297,2,298,298,299.026,1.026,13000,0,299.026,302.016,2.99,1312,302.016,302.947,0.931,13000,0,2.99
298,2,299,299,299.949,0.949,12000,0,299.949,302.087,2.138,1208,302.087,303.804,1.717,12000,0,2.138
299,2,300,300,300.935,0.935,12000,0,300.935,303.934,2.999,1247,303.934,304.793,0.859,12000,0,2.999
300,2,301,301,302.16,1.16,15000,0,302.16,304.535,2.375,1533,304.535,305.864,1.329,15000,0,2.375
301,2,302,302,303.083,1.083,12000,0,303.083,305.898,2.815,1277,305.898,306.757,0.859,12000,0,2.815
302,2,303,303,304.16,1.16,14000,0,304.16,306.735,2.575,1431,306.735,307.757,1.022,14000,0,2.575
303,2,304,304,305.237,1.237,14000,0,305.237,308.189,2.952,1490,308.189,309.191,1.002,14000,0,2.952
304,2,305,305,306.083,1.083,11000,0,306.083,308.518,2.435,1159,308.518,309.987,1.469,11000,0,2.435
306,2,307,307,308.083,1.083,12000,0,308.083,310.418,2.335,1236,310.418,311.287,0.869,12000,0,2.335
305,2,306,306,307.16,1.16,14000,0,307.16,310.466,3.306,1481,310.466,312.287,1.821,14000,0,3.306
308,2,309,309,310.006,1.006,12000,0,310.006,312.417,2.411,1269,312.417,313.276,0.859,12000,0,2.411
307,2,308,308,309.083,1.083,13000,0,309.083,312.458,3.375,1327,312.458,314.205,1.746,13000,0,3.375
309,2,310,310,310.852,0.852,11000,0,310.852,314.24,3.388,1186,314.24,315.028,0.788,11000,0,3.388
310,2,311,311,312.006,1.006,13000,0,312.006,314.579,2.573,1379,314.579,315.956,1.377,13000,0,2.573
312,2,313,313,314.006,1.006,11000,0,314.006,316.321,2.315,1133,316.321,317.119,0.798,11000,0,2.315
311,2,312,312,313.16,1.16,15000,0,313.16,316.561,3.401,1509,316.561,318.19,1.629,15000,0,3.401
313,2,314,314,315.083,1.083,14000,0,315.083,318.508,3.425,1422,318.508,319.51,1.002,14000,0,3.425
314,2,315,315,316.16,1.16,14000,0,316.16,318.808,2.648,1461,318.808,320.51,1.701,14000,0,2.648
315,2,316,316,317.006,1.006,11000,0,317.006,320.25,3.244,1123,320.25,321.295,1.045,11000,0,3.244
316,2,317,317,317.775,0.775,10000,0,317.775,320.49,2.715,1094,320.49,322.01,1.519,10000,0,2.715
317,2,318,318,318.852,0.852,11000,0,318.852,322.051,3.198,1171,322.051,322.84,0.79,11000,0,3.198
318,2,319,319,319.929,0.929,12000,0,319.929,322.444,2.515,1271,322.444,323.698,1.253,12000,0,2.515
319,2,320,320,320.929,0.929,12000,0,320.929,324.011,3.081,1274,324.011,324.87,0.859,12000,0,3.081
320,2,321,321,321.852,0.852,11000,0,321.852,324.221,2.369,1156,324.221,325.655,1.434,11000,0,2.369
321,2,322,322,323.16,1.16,15000,0,323.16,326.377,3.217,1539,326.377,327.45,1.073,15000,0,3.217
322,2,323,323,324.237,1.237,14000,0,324.237,326.435,2.198,1429,326.435,328.45,2.015,14000,0,2.198
323,2,324,324,325.16,1.16,12000,0,325.16,328.277,3.117,1236,328.277,329.307,1.03,12000,0,3.117
324,2,325,325,326.237,1.237,14000,0,326.237,328.703,2.466,1475,328.703,330.317,1.614,14000,0,2.466
325,2,326,326,327.314,1.314,14000,0,327.314,330.495,3.181,1442,330.495,331.497,1.002,14000,0,3.181
326,2,327,327,328.391,1.391,14000,0,328.391,330.88,2.489,1410,330.88,332.501,1.621,14000,0,2.489
328,2,329,329,330.314,1.314,10000,0,330.314,332.499,2.185,1045,332.499,333.215,0.716,10000,0,2.185
327,2,328,328,329.544,1.544,15000,0,329.544,332.877,3.332,1548,332.877,334.286,1.41,15000,0,3.332
329,2,330,330,331.083,1.083,10000,0,331.083,334.162,3.079,1082,334.162,335.001,0.839,10000,0,3.079
330,2,331,331,332.083,1.083,13000,0,332.083,334.91,2.828,1323,334.91,335.929,1.019,13000,0,2.828
331,2,332,332,333.16,1.16,14000,0,333.16,336.323,3.164,1400,336.323,337.325,1.002,14000,0,3.164
332,2,333,333,334.313,1.313,15000,0,334.313,337.227,2.914,1506,337.227,338.397,1.169,15000,0,2.914
333,2,334,334,335.237,1.237,12000,0,335.237,338.174,2.938,1204,338.174,339.254,1.079,12000,0,2.938
334,2,335,335,336.313,1.313,14000,0,336.313,339.467,3.154,1457,339.467,340.476,1.008,14000,0,3.154
335,2,336,336,337.16,1.16,11000,0,337.16,340.016,2.856,1198,340.016,341.261,1.246,11000,0,2.856
336,2,337,337,337.929,0.929,10000,0,337.929,341.153,3.224,1088,341.153,341.976,0.823,10000,0,3.224
337,2,338,338,338.775,0.775,10000,0,338.775,341.647,2.872,1061,341.647,342.69,1.043,10000,0,2.872
338,2,339,339,339.929,0.929,12000,0,339.929,343.103,3.174,1268,343.103,343.962,0.859,12000,0,3.174
339,2,340,340,340.852,0.852,11000,0,340.852,343.424,2.571,1155,343.424,344.748,1.324,11000,0,2.571
340,2,341,341,341.929,0.929,12000,0,341.929,344.998,3.069,1233,344.998,345.857,0.859,12000,0,3.069
341,2,342,342,342.929,0.929,12000,0,342.929,345.406,2.477,1289,345.406,346.725,1.319,12000,0,2.477
342,2,343,343,343.852,0.852,11000,0,343.852,346.806,2.954,1176,346.806,347.594,0.788,11000,0,2.954
343,2,344,344,344.929,0.929,12000,0,344.929,347.294,2.365,1228,347.294,348.451,1.157,12000,0,2.365
344,2,345,345,346.16,1.16,15000,0,346.16,349.163,3.003,1533,349.163,350.237,1.073,15000,0,3.003
345,2,346,346,347.237,1.237,14000,0,347.237,349.56,2.323,1474,349.56,351.245,1.685,14000,0,2.323
346,2,347,347,348.16,1.16,12000,0,348.16,351.142,2.983,1287,351.142,352.102,0.96,12000,0,2.983
347,2,348,348,349.006,1.006,11000,0,349.006,351.376,2.37,1181,351.376,352.888,1.512,11000,0,2.37
348,2,349,349,349.929,0.929,12000,0,349.929,353.04,3.111,1234,353.04,353.899,0.859,12000,0,3.111
349,2,350,350,350.935,0.935,12000,0,350.935,353.255,2.32,1216,353.255,354.756,1.501,12000,0,2.32
350,2,351,351,352.006,1.006,13000,0,352.006,355.191,3.185,1399,355.191,356.121,0.931,13000,0,3.185
351,2,352,352,353.006,1.006,13000,0,353.006,355.333,2.327,1352,355.333,357.05,1.717,13000,0,2.327
352,2,353,353,354.083,1.083,14000,0,354.083,357.451,3.369,1458,357.451,358.453,1.002,14000,0,3.369
353,2,354,354,355.16,1.16,14000,0,355.16,357.568,2.408,1453,357.568,359.453,1.885,14000,0,2.408
354,2,355,355,355.929,0.929,10000,0,355.929,359.109,3.18,1078,359.109,360.168,1.058,10000,0,3.18
355,2,356,356,356.852,0.852,11000,0,356.852,359.362,2.51,1167,359.362,360.953,1.591,11000,0,2.51
356,2,357,357,358.006,1.006,13000,0,358.006,361.157,3.151,1332,361.157,362.087,0.931,13000,0,3.151
357,2,358,358,358.929,0.929,12000,0,358.929,361.295,2.366,1257,361.295,362.945,1.649,12000,0,2.366
359,2,360,360,361.006,1.006,12000,0,361.006,363.14,2.134,1200,363.14,363.999,0.859,12000,0,2.134
358,2,359,359,360.083,1.083,14000,0,360.083,363.426,3.343,1475,363.426,364.999,1.573,14000,0,3.343
360,2,361,361,361.852,0.852,11000,0,361.852,364.897,3.045,1143,364.897,365.785,0.888,11000,0,3.045
361,2,362,362,362.852,0.852,11000,0,362.852,365.226,2.374,1171,365.226,366.571,1.344,11000,0,2.374
363,2,364,364,364.775,0.775,10000,0,364.775,366.907,2.132,1093,366.907,367.623,0.716,10000,0,2.132
362,2,363,363,364.006,1.006,13000,0,364.006,367.042,3.036,1395,367.042,368.552,1.509,13000,0,3.036
365,2,366,366,367.16,1.16,13000,0,367.16,369.251,2.091,1360,369.251,370.181,0.931,13000,0,2.091
364,2,365,365,366.16,1.16,15000,0,366.16,369.289,3.129,1549,369.289,371.253,1.964,15000,0,3.129
367,2,368,368,369.391,1.391,14000,0,369.391,371.638,2.248,1462,371.638,372.641,1.002,14000,0,2.248
366,2,367,367,368.314,1.314,15000,0,368.314,371.658,3.345,1554,371.658,373.712,2.053,15000,0,3.345
369,2,370,370,371.391,1.391,12000,0,371.391,373.528,2.137,1207,373.528,374.569,1.041,12000,0,2.137
368,2,369,369,370.468,1.468,14000,0,370.468,373.93,3.462,1490,373.93,375.579,1.649,14000,0,3.462
371,2,372,372,373.237,1.237,10000,0,373.237,375.558,2.321,1059,375.558,376.293,0.735,10000,0,2.321
370,2,371,371,372.468,1.468,14000,0,372.468,375.763,3.295,1453,375.763,377.293,1.53,14000,0,3.295
373,2,374,374,375.083,1.083,11000,0,375.083,377.578,2.495,1181,377.578,378.366,0.788,11000,0,2.495
372,2,373,373,374.237,1.237,13000,0,374.237,377.598,3.361,1325,377.598,379.295,1.696,13000,0,3.361
374,2,375,375,376.006,1.006,12000,0,376.006,379.452,3.446,1219,379.452,380.321,0.869,12000,0,3.446
375,2,376,376,376.929,0.929,12000,0,376.929,379.495,2.566,1234,379.495,381.183,1.688,12000,0,2.566
376,2,377,377,378.083,1.083,14000,0,378.083,381.665,3.582,1439,381.665,382.667,1.002,14000,0,3.582
377,2,378,378,379.16,1.16,14000,0,379.16,381.761,2.601,1473,381.761,383.667,1.906,14000,0,2.601
378,2,379,379,380.083,1.083,12000,0,380.083,383.517,3.435,1205,383.517,384.524,1.007,12000,0,3.435
379,2,380,380,380.929,0.929,11000,0,380.929,383.561,2.632,1170,383.561,385.31,1.749,11000,0,2.632
380,2,381,381,381.929,0.929,12000,0,381.929,385.498,3.569,1288,385.498,386.357,0.859,12000,0,3.569
381,2,382,382,383.083,1.083,14000,0,383.083,385.798,2.715,1455,385.798,387.357,1.559,14000,0,2.715
382,2,383,383,384.083,1.083,13000,0,384.083,387.532,3.449,1323,387.532,388.463,0.931,13000,0,3.449
383,2,384,384,385.083,1.083,13000,0,385.083,387.829,2.747,1313,387.829,389.391,1.562,13000,0,2.747
385,2,386,386,387.16,1.16,12000,0,387.16,389.721,2.561,1230,389.721,390.58,0.859,12000,0,2.561
384,2,385,385,386.237,1.237,15000,0,386.237,389.882,3.646,1528,389.882,391.651,1.769,15000,0,3.646
386,2,387,387,387.929,0.929,10000,0,387.929,391.338,3.409,1052,391.338,392.366,1.028,10000,0,3.409
387,2,388,388,389.16,1.16,15000,0,389.16,392.257,3.097,1544,392.257,393.447,1.191,15000,0,3.097
388,2,389,389,390.006,1.006,11000,0,390.006,393.05,3.044,1114,393.05,394.233,1.183,11000,0,3.044
389,2,390,390,391.16,1.16,15000,0,391.16,394.58,3.42,1511,394.58,395.653,1.073,15000,0,3.42
390,2,391,391,392.314,1.314,15000,0,392.314,395.43,3.117,1548,395.43,396.724,1.294,15000,0,3.117
391,2,392,392,393.391,1.391,14000,0,393.391,396.831,3.44,1464,396.831,397.833,1.002,14000,0,3.44
392,2,393,393,394.237,1.237,11000,0,394.237,397.151,2.914,1119,397.151,398.618,1.468,11000,0,2.914
393,2,394,394,395.006,1.006,10000,0,395.006,398.503,3.497,1080,398.503,399.333,0.83,10000,0,3.497
394,2,395,395,395.775,0.775,10000,0,395.775,398.778,3.003,1058,398.778,400.047,1.269,10000,0,3.003
395,2,396,396,396.929,0.929,12000,0,396.929,400.461,3.532,1274,400.461,401.32,0.859,12000,0,3.532
396,2,397,397,398.083,1.083,14000,0,398.083,401.022,2.939,1459,401.022,402.32,1.299,14000,0,2.939
397,2,398,398,398.933,0.933,11000,0,398.933,402.281,3.349,1184,402.281,403.106,0.825,11000,0,3.349
398,2,399,399,399.929,0.929,12000,0,399.929,403.02,3.091,1287,403.02,403.963,0.943,12000,0,3.091
399,2,400,400,401.083,1.083,14000,0,401.083,404.563,3.48,1484,404.563,405.565,1.002,14000,0,3.48
400,2,402,402,402.852,0.852,11000,0,402.852,404.796,1.944,1155,404.796,406.351,1.555,11000,0,1.944
401,2,403,403,404.16,1.16,15000,0,404.16,406.896,2.736,1517,406.896,407.969,1.073,15000,0,2.736
402,2,404,404,405.314,1.314,15000,0,405.314,407.682,2.368,1540,407.682,409.041,1.359,15000,0,2.368
403,2,405,405,406.237,1.237,12000,0,406.237,408.762,2.525,1213,408.762,409.898,1.136,12000,0,2.525
404,2,406,406,407.237,1.237,13000,0,407.237,409.821,2.584,1391,409.821,410.826,1.005,13000,0,2.584
405,2,407,407,408.391,1.391,15000,0,408.391,411.149,2.759,1553,411.149,412.223,1.073,15000,0,2.759
406,2,408,408,409.16,1.16,10000,0,409.16,411.491,2.331,1086,411.491,412.937,1.447,10000,0,2.331
407,2,409,409,410.083,1.083,12000,0,410.083,413.024,2.94,1219,413.024,413.883,0.859,12000,0,2.94
408,2,410,410,411.237,1.237,15000,0,411.237,413.821,2.584,1515,413.821,414.954,1.133,15000,0,2.584
409,2,411,411,412.083,1.083,11000,0,412.083,414.719,2.636,1103,414.719,415.74,1.02,11000,0,2.636
410,2,412,412,413.239,1.239,15000,0,413.239,416.13,2.891,1502,416.13,417.204,1.073,15000,0,2.891
411,2,413,413,414.239,1.239,13000,0,414.239,416.778,2.539,1339,416.778,418.132,1.354,13000,0,2.539
412,2,414,414,415.163,1.163,12000,0,415.163,418.032,2.869,1237,418.032,418.989,0.957,12000,0,2.869
413,2,415,415,416.086,1.086,12000,0,416.086,418.721,2.636,1253,418.721,419.846,1.125,12000,0,2.636
414,2,416,416,416.935,0.935,11000,0,416.935,419.746,2.811,1115,419.746,420.632,0.886,11000,0,2.811
415,2,417,417,418.16,1.16,15000,0,418.16,421.109,2.949,1553,421.109,422.183,1.074,15000,0,2.949
416,2,418,418,419.006,1.006,11000,0,419.006,421.454,2.448,1111,421.454,422.969,1.514,11000,0,2.448
418,2,420,420,420.929,0.929,11000,0,420.929,423.227,2.298,1153,423.227,424.014,0.788,11000,0,2.298
417,2,419,419,420.083,1.083,14000,0,420.083,423.289,3.206,1418,423.289,425.014,1.725,14000,0,3.206
419,2,421,421,422.006,1.006,13000,0,422.006,425.355,3.349,1384,425.355,426.285,0.931,13000,0,3.349
420,2,422,422,423.083,1.083,14000,0,423.083,425.516,2.433,1448,425.516,427.285,1.77,14000,0,2.433
421,2,423,423,423.852,0.852,10000,0,423.852,426.967,3.115,1049,426.967,428,1.032,10000,0,3.115
422,2,424,424,425.006,1.006,13000,0,425.006,427.576,2.57,1340,427.576,428.928,1.352,13000,0,2.57
423,2,425,425,425.929,0.929,12000,0,425.929,428.938,3.009,1282,428.938,429.797,0.859,12000,0,3.009
424,2,426,426,426.852,0.852,11000,0,426.852,429.302,2.449,1122,429.302,430.593,1.291,11000,0,2.449
426,2,428,428,428.852,0.852,10000,0,428.852,430.905,2.052,1043,430.905,431.621,0.716,10000,0,2.052
425,2,427,427,428.083,1.083,14000,0,428.083,431.123,3.04,1421,431.123,432.621,1.498,14000,0,3.04
427,2,429,429,429.775,0.775,10000,0,429.775,432.52,2.745,1050,432.52,433.335,0.815,10000,0,2.745
428,2,430,430,430.775,0.775,10000,0,430.775,432.755,1.98,1061,432.755,434.05,1.295,10000,0,1.98
429,2,431,431,432.083,1.083,14000,0,432.083,434.726,2.643,1435,434.726,435.728,1.002,14000,0,2.643
430,2,432,432,433.006,1.006,12000,0,433.006,434.879,1.873,1222,434.879,436.585,1.706,12000,0,1.873
431,2,433,433,433.852,0.852,11000,0,433.852,436.562,2.71,1194,436.562,437.371,0.809,11000,0,2.71
432,2,434,434,435.083,1.083,14000,0,435.083,437.251,2.168,1410,437.251,438.371,1.12,14000,0,2.168
433,2,435,435,435.929,0.929,11000,0,435.929,438.39,2.461,1189,438.39,439.178,0.788,11000,0,2.461
434,2,436,436,436.933,0.933,12000,0,436.933,439.153,2.22,1237,439.153,440.035,0.882,12000,0,2.22
435,2,437,437,438.083,1.083,14000,0,438.083,440.677,2.594,1487,440.677,441.679,1.002,14000,0,2.594
436,2,438,438,439.006,1.006,12000,0,439.006,441.077,2.07,1251,441.077,442.536,1.46,12000,0,2.07
437,2,439,439,439.929,0.929,12000,0,439.929,442.576,2.647,1235,442.576,443.441,0.865,12000,0,2.647
438,2,440,440,440.929,0.929,12000,0,440.929,443.013,2.084,1259,443.013,444.298,1.286,12000,0,2.084
439,2,441,441,442.16,1.16,15000,0,442.16,444.935,2.775,1523,444.935,446.009,1.073,15000,0,2.775
440,2,442,442,443.314,1.314,15000,0,443.314,445.666,2.352,1530,445.666,447.08,1.414,15000,0,2.352
441,2,443,443,444.314,1.314,13000,0,444.314,447.023,2.709,1358,447.023,448.009,0.986,13000,0,2.709
442,2,444,444,445.314,1.314,13000,0,445.314,447.758,2.444,1360,447.758,448.937,1.18,13000,0,2.444
443,2,445,445,446.16,1.16,11000,0,446.16,448.737,2.577,1115,448.737,449.723,0.986,11000,0,2.577
444,2,446,446,446.929,0.929,10000,0,446.929,449.404,2.475,1063,449.404,450.437,1.033,10000,0,2.475
445,2,447,447,447.775,0.775,10000,0,447.775,450.399,2.623,1081,450.399,451.151,0.753,10000,0,2.623
446,2,448,448,449.16,1.16,15000,0,449.16,451.798,2.638,1557,451.798,452.872,1.073,15000,0,2.638
447,2,449,449,450.083,1.083,12000,0,450.083,452.306,2.223,1241,452.306,453.729,1.422,12000,0,2.223
448,2,450,450,450.929,0.929,11000,0,450.929,453.546,2.617,1137,453.546,454.514,0.968,11000,0,2.617
449,2,451,451,451.775,0.775,10000,0,451.775,453.941,2.166,1063,453.941,455.229,1.288,10000,0,2.166
450,2,452,452,452.929,0.929,12000,0,452.929,455.534,2.605,1293,455.534,456.393,0.859,12000,0,2.605
451,2,453,453,454.16,1.16,15000,0,454.16,456.514,2.354,1531,456.514,457.587,1.073,15000,0,2.354
452,2,454,454,455.16,1.16,13000,0,455.16,457.632,2.472,1364,457.632,458.562,0.931,13000,0,2.472
453,2,455,455,456.314,1.314,15000,0,456.314,458.903,2.59,1545,458.903,459.977,1.073,15000,0,2.59
454,2,456,456,457.083,1.083,10000,0,457.083,459.292,2.209,1080,459.292,460.691,1.399,10000,0,2.209
455,2,457,457,458.006,1.006,12000,0,458.006,460.889,2.883,1291,460.889,461.748,0.859,12000,0,2.883
456,2,458,458,458.933,0.933,12000,0,458.933,461.166,2.233,1216,461.166,462.605,1.439,12000,0,2.233
457,2,459,459,459.929,0.929,12000,0,459.929,462.751,2.822,1211,462.751,463.61,0.859,12000,0,2.822
458,2,460,460,460.852,0.852,11000,0,460.852,462.988,2.135,1185,462.988,464.395,1.408,11000,0,2.135
460,2,462,462,462.775,0.775,10000,0,462.775,464.596,1.821,1046,464.596,465.312,0.716,10000,0,1.821
459,2,461,461,462.006,1.006,13000,0,462.006,464.787,2.781,1324,464.787,466.241,1.453,13000,0,2.781
461,2,463,463,464.006,1.006,13000,0,464.006,466.718,2.712,1380,466.718,467.648,0.931,13000,0,2.712
462,2,464,464,465.006,1.006,13000,0,465.006,467.015,2.009,1310,467.015,468.577,1.562,13000,0,2.009
463,2,465,465,466.006,1.006,13000,0,466.006,468.719,2.713,1302,468.719,469.65,0.931,13000,0,2.713
464,2,466,466,466.929,0.929,12000,0,466.929,468.966,2.037,1258,468.966,470.507,1.541,12000,0,2.037
465,2,467,467,467.852,0.852,11000,0,467.852,470.545,2.693,1188,470.545,471.333,0.788,11000,0,2.693
466,2,468,468,468.852,0.852,11000,0,468.852,470.688,1.836,1120,470.688,472.119,1.431,11000,0,1.836
468,2,470,470,470.775,0.775,10000,0,470.775,472.415,1.64,1067,472.415,473.132,0.716,10000,0,1.64
467,2,469,469,469.929,0.929,12000,0,469.929,472.481,2.552,1259,472.481,473.989,1.507,12000,0,2.552
469,2,471,471,471.852,0.852,11000,0,471.852,474.155,2.303,1132,474.155,474.943,0.788,11000,0,2.303
470,2,472,472,472.775,0.775,10000,0,472.775,474.426,1.651,1073,474.426,475.657,1.232,10000,0,1.651
471,2,473,473,474.006,1.006,13000,0,474.006,476.189,2.183,1323,476.189,477.12,0.931,13000,0,2.183
472,2,474,474,475.16,1.16,15000,0,475.16,477.478,2.318,1502,477.478,478.551,1.073,15000,0,2.318
473,2,475,475,476.314,1.314,15000,0,476.314,478.623,2.309,1502,478.623,479.696,1.073,15000,0,2.309
474,2,476,476,477.468,1.468,15000,0,477.468,479.86,2.392,1549,479.86,480.933,1.073,15000,0,2.392
475,2,477,477,478.391,1.391,12000,0,478.391,480.506,2.116,1225,480.506,481.791,1.284,12000,0,2.116
476,2,478,478,479.237,1.237,11000,0,479.237,481.592,2.356,1127,481.592,482.576,0.984,11000,0,2.356
477,2,479,479,480.16,1.16,12000,0,480.16,482.367,2.207,1210,482.367,483.433,1.067,12000,0,2.207
478,2,480,480,481.006,1.006,11000,0,481.006,483.37,2.364,1156,483.37,484.219,0.849,11000,0,2.364
479,2,481,481,481.852,0.852,11000,0,481.852,484.159,2.307,1166,484.159,485.005,0.846,11000,0,2.307
480,2,482,482,483.006,1.006,13000,0,483.006,485.388,2.382,1312,485.388,486.318,0.931,13000,0,2.382
481,2,483,483,484.083,1.083,14000,0,484.083,486.371,2.288,1438,486.371,487.373,1.002,14000,0,2.288
482,2,484,484,484.852,0.852,10000,0,484.852,486.997,2.145,1047,486.997,488.087,1.09,10000,0,2.145
483,2,485,485,485.852,0.852,11000,0,485.852,488.108,2.256,1130,488.108,488.895,0.788,11000,0,2.256
484,2,486,486,487.16,1.16,15000,0,487.16,489.538,2.379,1547,489.538,490.622,1.084,15000,0,2.379
485,2,487,487,488.237,1.237,14000,0,488.237,490.488,2.251,1464,490.488,491.622,1.134,14000,0,2.251
486,2,488,488,489.237,1.237,13000,0,489.237,491.553,2.316,1310,491.553,492.551,0.998,13000,0,2.316
487,2,489,489,490.16,1.16,12000,0,490.16,492.467,2.307,1287,492.467,493.408,0.94,12000,0,2.307
488,2,490,490,491.314,1.314,15000,0,491.314,493.874,2.56,1510,493.874,494.948,1.073,15000,0,2.56
489,2,491,491,492.391,1.391,14000,0,492.391,494.766,2.375,1495,494.766,495.948,1.182,14000,0,2.375
490,2,492,492,493.16,1.16,10000,0,493.16,495.503,2.343,1059,495.503,496.662,1.159,10000,0,2.343
491,2,493,493,494.083,1.083,12000,0,494.083,496.719,2.636,1270,496.719,497.588,0.869,12000,0,2.636
492,2,494,494,495.237,1.237,15000,0,495.237,497.862,2.625,1534,497.862,498.935,1.074,15000,0,2.625
493,2,495,495,496.314,1.314,14000,0,496.314,499.018,2.704,1495,499.018,500.02,1.002,14000,0,2.704
494,2,496,496,497.083,1.083,10000,0,497.083,499.483,2.401,1055,499.483,500.734,1.251,10000,0,2.401
496,2,498,498,499.006,1.006,10000,0,499.006,501.173,2.167,1099,501.173,501.889,0.716,10000,0,2.167
495,2,497,497,498.237,1.237,15000,0,498.237,501.39,3.154,1543,501.39,502.961,1.571,15000,0,3.154
497,2,499,499,499.929,0.929,12000,0,499.929,503.053,3.124,1223,503.053,503.913,0.859,12000,0,3.124
498,2,500,500,500.852,0.852,11000,0,500.852,503.096,2.244,1110,503.096,504.698,1.602,11000,0,2.244
499,2,501,501,501.852,0.852,11000,0,501.852,504.76,2.908,1110,504.76,505.548,0.788,11000,0,2.908
500,2,502,502,502.933,0.933,12000,0,502.933,505.016,2.083,1248,505.016,506.405,1.389,12000,0,2.083
501,2,503,503,503.852,0.852,11000,0,503.852,506.54,2.688,1158,506.54,507.328,0.788,11000,0,2.688
502,2,504,504,505.083,1.083,14000,0,505.083,507.378,2.296,1493,507.378,508.381,1.002,14000,0,2.296
503,2,505,505,506.016,1.016,12000,0,506.016,508.457,2.441,1247,508.457,509.316,0.859,12000,0,2.441
504,2,506,506,507.093,1.093,14000,0,507.093,509.596,2.503,1442,509.596,510.598,1.002,14000,0,2.503
505,2,507,507,508.17,1.17,14000,0,508.17,510.754,2.584,1494,510.754,511.756,1.002,14000,0,2.584
506,2,508,508,509.17,1.17,13000,0,509.17,511.753,2.583,1395,511.753,512.685,0.932,13000,0,2.583
507,2,509,509,510.17,1.17,13000,0,510.17,512.78,2.611,1318,512.78,513.711,0.931,13000,0,2.611
508,2,510,510,511.17,1.17,13000,0,511.17,513.867,2.697,1375,513.867,514.797,0.931,13000,0,2.697
509,2,511,511,512.016,1.016,11000,0,512.016,514.562,2.546,1159,514.562,515.583,1.021,11000,0,2.546
510,2,512,512,513.016,1.016,13000,0,513.016,515.948,2.932,1354,515.948,516.879,0.931,13000,0,2.932
511,2,513,513,514.016,1.016,13000,0,514.016,516.703,2.687,1392,516.703,517.808,1.105,13000,0,2.687
512,2,514,514,514.939,0.939,12000,0,514.939,517.81,2.871,1211,517.81,518.669,0.859,12000,0,2.871
513,2,515,515,515.775,0.775,10000,0,515.775,518.309,2.534,1045,518.309,519.384,1.074,10000,0,2.534
514,2,516,516,517.083,1.083,14000,0,517.083,520.068,2.985,1457,520.068,521.07,1.002,14000,0,2.985
515,2,517,517,518.083,1.083,13000,0,518.083,520.428,2.345,1378,520.428,521.998,1.571,13000,0,2.345
516,2,518,518,518.852,0.852,10000,0,518.852,521.712,2.859,1069,521.712,522.713,1.001,10000,0,2.859
517,2,519,519,519.852,0.852,11000,0,519.852,522.156,2.304,1124,522.156,523.498,1.342,11000,0,2.304
518,2,520,520,521.006,1.006,13000,0,521.006,523.777,2.771,1343,523.777,524.707,0.931,13000,0,2.771
519,2,521,521,522.083,1.083,14000,0,522.083,524.418,2.335,1471,524.418,525.707,1.289,14000,0,2.335
520,2,522,522,523.083,1.083,13000,0,523.083,525.811,2.728,1322,525.811,526.741,0.931,13000,0,2.728
521,2,523,523,524.083,1.083,13000,0,524.083,526.466,2.383,1332,526.466,527.67,1.204,13000,0,2.383
522,2,524,524,525.083,1.083,13000,0,525.083,527.823,2.74,1309,527.823,528.754,0.931,13000,0,2.74
523,2,525,525,526.006,1.006,12000,0,526.006,528.443,2.437,1285,528.443,529.611,1.168,12000,0,2.437
524,2,526,526,526.929,0.929,12000,0,526.929,529.689,2.76,1213,529.689,530.556,0.867,12000,0,2.76
525,2,527,527,527.852,0.852,11000,0,527.852,530.138,2.286,1103,530.138,531.341,1.203,11000,0,2.286
526,2,528,528,529.083,1.083,14000,0,529.083,531.924,2.841,1454,531.924,532.926,1.002,14000,0,2.841
527,2,529,529,530.237,1.237,15000,0,530.237,532.632,2.395,1558,532.632,533.998,1.366,15000,0,2.395
528,2,530,530,531.391,1.391,15000,0,531.391,534.3,2.909,1545,534.3,535.383,1.083,15000,0,2.909
529,2,531,531,532.237,1.237,11000,0,532.237,534.385,2.148,1140,534.385,536.169,1.784,11000,0,2.148
531,2,533,533,534.237,1.237,11000,0,534.237,536.176,1.939,1165,536.176,536.966,0.79,11000,0,1.939
530,2,532,532,533.391,1.391,15000,0,533.391,536.651,3.26,1529,536.651,538.037,1.386,15000,0,3.26
532,2,534,534,535.314,1.314,14000,0,535.314,538.413,3.1,1455,538.413,539.415,1.002,14000,0,3.1
533,2,535,535,536.237,1.237,12000,0,536.237,538.582,2.346,1244,538.582,540.277,1.694,12000,0,2.346
534,2,536,536,537.237,1.237,13000,0,537.237,540.557,3.32,1394,540.557,541.497,0.941,13000,0,3.32
535,2,537,537,538.237,1.237,13000,0,538.237,540.664,2.428,1354,540.664,542.426,1.761,13000,0,2.428
536,2,538,538,539.391,1.391,15000,0,539.391,542.908,3.517,1529,542.908,543.981,1.073,15000,0,3.517
537,2,539,539,540.545,1.545,15000,0,540.545,543.062,2.517,1559,543.062,545.052,1.991,15000,0,2.517
538,2,540,540,541.698,1.698,15000,0,541.698,545.263,3.565,1532,545.263,546.337,1.073,15000,0,3.565
539,2,541,541,542.775,1.775,14000,0,542.775,545.306,2.531,1459,545.306,547.337,2.03,14000,0,2.531
540,2,542,542,543.775,1.775,13000,0,543.775,547.268,3.492,1304,547.268,548.275,1.007,13000,0,3.492
541,2,543,543,544.852,1.852,14000,0,544.852,547.57,2.718,1472,547.57,549.275,1.705,14000,0,2.718
542,2,544,544,545.852,1.852,13000,0,545.852,549.291,3.438,1316,549.291,550.221,0.931,13000,0,3.438
543,2,545,545,546.852,1.852,13000,0,546.852,549.706,2.854,1389,549.706,551.15,1.444,13000,0,2.854
544,2,546,546,547.699,1.699,11000,0,547.699,551.036,3.338,1135,551.036,551.936,0.899,11000,0,3.338
545,2,547,547,548.468,1.468,10000,0,548.468,551.369,2.901,1081,551.369,552.65,1.281,10000,0,2.901
547,2,549,549,550.391,1.391,11000,0,550.391,553.212,2.821,1199,553.212,554,0.788,11000,0,2.821
546,2,548,548,549.545,1.545,14000,0,549.545,553.267,3.722,1438,553.267,555,1.733,14000,0,3.722
548,2,550,550,551.237,1.237,11000,0,551.237,554.931,3.694,1118,554.931,555.785,0.855,11000,0,3.694
549,2,551,551,552.237,1.237,13000,0,552.237,555.409,3.172,1393,555.409,556.714,1.305,13000,0,3.172
550,2,552,552,553.314,1.314,14000,0,553.314,557.223,3.909,1491,557.223,558.225,1.002,14000,0,3.909
551,2,553,553,554.391,1.391,14000,0,554.391,557.566,3.175,1402,557.566,559.225,1.659,14000,0,3.175
552,2,554,554,555.314,1.314,12000,0,555.314,559.163,3.849,1262,559.163,560.082,0.919,12000,0,3.849
553,2,555,555,556.391,1.391,14000,0,556.391,559.834,3.444,1475,559.834,561.092,1.258,14000,0,3.444
554,2,556,556,557.467,1.467,14000,0,557.467,561.436,3.968,1478,561.436,562.438,1.002,14000,0,3.968
555,2,557,557,558.621,1.621,15000,0,558.621,562.189,3.567,1531,562.189,563.509,1.32,15000,0,3.567
556,2,558,558,559.552,1.552,12000,0,559.552,563.321,3.769,1226,563.321,564.366,1.045,12000,0,3.769
557,2,559,559,560.475,1.475,12000,0,560.475,564.111,3.636,1250,564.111,565.223,1.113,12000,0,3.636
558,2,560,560,561.244,1.244,10000,0,561.244,564.93,3.686,1046,564.93,565.938,1.008,10000,0,3.686
559,2,561,561,562.09,1.09,11000,0,562.09,565.854,3.764,1134,565.854,566.724,0.869,11000,0,3.764
560,2,562,562,563.167,1.167,14000,0,563.167,567.147,3.98,1442,567.147,568.149,1.002,14000,0,3.98
561,2,563,563,564.167,1.167,13000,0,564.167,567.881,3.714,1318,567.881,569.078,1.197,13000,0,3.714
562,2,564,564,565.09,1.09,12000,0,565.09,569.055,3.965,1241,569.055,569.935,0.88,12000,0,3.965
563,2,565,565,565.936,0.936,11000,0,565.936,569.714,3.777,1192,569.714,570.721,1.007,11000,0,3.777
564,2,566,566,567.083,1.083,14000,0,567.083,571.312,4.229,1468,571.312,572.314,1.002,14000,0,4.229
565,2,567,567,567.929,0.929,11000,0,567.929,571.458,3.529,1135,571.458,573.1,1.642,11000,0,3.529
567,2,569,569,570.006,1.006,11000,0,570.006,573.199,3.193,1132,573.199,573.986,0.788,11000,0,3.193
566,2,568,568,569.16,1.16,15000,0,569.16,573.696,4.536,1550,573.696,575.058,1.362,15000,0,4.536
568,2,570,570,571.006,1.006,13000,0,571.006,575.27,4.264,1347,575.27,576.201,0.931,13000,0,4.264
569,2,571,571,572.083,1.083,14000,0,572.083,575.966,3.883,1476,575.966,577.201,1.236,14000,0,3.883
570,2,572,572,573.16,1.16,14000,0,573.16,577.426,4.266,1402,577.426,578.428,1.002,14000,0,4.266
571,2,573,573,574.16,1.16,13000,0,574.16,578.035,3.875,1346,578.035,579.356,1.322,13000,0,3.875
572,2,574,574,575.006,1.006,11000,0,575.006,579.217,4.211,1165,579.217,580.142,0.925,11000,0,4.211
573,2,575,575,575.929,0.929,12000,0,575.929,579.995,4.066,1274,579.995,580.999,1.005,12000,0,4.066
574,2,576,576,576.852,0.852,11000,0,576.852,581.015,4.163,1170,581.015,581.803,0.788,11000,0,4.163
575,2,577,577,577.929,0.929,12000,0,577.929,581.943,4.014,1267,581.943,582.802,0.859,12000,0,4.014
576,2,578,578,578.933,0.933,12000,0,578.933,582.904,3.972,1228,582.904,583.763,0.859,12000,0,3.972
577,2,579,579,580.006,1.006,13000,0,580.006,584.064,4.058,1380,584.064,584.995,0.931,13000,0,4.058
578,2,580,580,581.083,1.083,14000,0,581.083,585.204,4.122,1496,585.204,586.206,1.002,14000,0,4.122
579,2,581,581,582.006,1.006,12000,0,582.006,585.96,3.954,1233,585.96,587.064,1.104,12000,0,3.954
580,2,582,582,583.083,1.083,14000,0,583.083,587.423,4.34,1443,587.423,588.425,1.002,14000,0,4.34
581,2,583,583,584.083,1.083,13000,0,584.083,588.1,4.017,1392,588.1,589.354,1.254,13000,0,4.017
582,2,584,584,584.929,0.929,11000,0,584.929,589.17,4.241,1136,589.17,590.139,0.969,11000,0,4.241
583,2,585,585,585.852,0.852,11000,0,585.852,589.858,4.006,1143,589.858,590.925,1.067,11000,0,4.006
584,2,586,586,586.775,0.775,10000,0,586.775,590.78,4.005,1047,590.78,591.639,0.86,10000,0,4.005
585,2,587,587,588.006,1.006,13000,0,588.006,592.01,4.004,1399,592.01,592.941,0.931,13000,0,4.004
586,2,588,588,589.16,1.16,15000,0,589.16,593.114,3.954,1518,593.114,594.187,1.073,15000,0,3.954
587,2,589,589,589.929,0.929,10000,0,589.929,593.62,3.691,1047,593.62,594.901,1.281,10000,0,3.691
588,2,590,590,591.006,1.006,13000,0,591.006,595.223,4.217,1372,595.223,596.154,0.931,13000,0,4.217
589,2,591,591,591.852,0.852,11000,0,591.852,595.445,3.593,1186,595.445,596.939,1.494,11000,0,3.593
590,2,592,592,592.852,0.852,11000,0,592.852,597.035,4.183,1179,597.035,597.823,0.788,11000,0,4.183
591,2,593,593,593.775,0.775,10000,0,593.775,597.055,3.28,1045,597.055,598.547,1.492,10000,0,3.28
593,2,595,595,596.006,1.006,11000,0,596.006,598.761,2.755,1110,598.761,599.549,0.788,11000,0,2.755
592,2,594,594,595.16,1.16,15000,0,595.16,599.429,4.269,1547,599.429,600.63,1.201,15000,0,4.269
594,2,596,596,597.083,1.083,14000,0,597.083,600.964,3.881,1432,600.964,601.966,1.002,14000,0,3.881
595,2,597,597,598.083,1.083,13000,0,598.083,601.449,3.366,1314,601.449,602.895,1.446,13000,0,3.366
596,2,598,598,599.16,1.16,14000,0,599.16,603.241,4.082,1481,603.241,604.243,1.002,14000,0,4.082
597,2,599,599,600.16,1.16,13000,0,600.16,603.523,3.364,1349,603.523,605.172,1.649,13000,0,3.364
598,2,600,600,601.083,1.083,12000,0,601.083,605.168,4.085,1253,605.168,606.029,0.861,12000,0,4.085
599,2,601,601,601.929,0.929,11000,0,601.929,605.356,3.427,1192,605.356,606.815,1.459,11000,0,3.427
601,2,604,604,604.852,0.852,10000,0,604.852,606.977,2.125,1046,606.977,607.693,0.716,10000,0,2.125
600,2,603,603,604.083,1.083,14000,0,604.083,607.344,3.261,1403,607.344,608.693,1.349,14000,0,3.261
602,2,605,605,605.775,0.775,10000,0,605.775,608.641,2.866,1082,608.641,609.408,0.767,10000,0,2.866
603,2,606,606,607.006,1.006,13000,0,607.006,609.369,2.363,1317,609.369,610.336,0.967,13000,0,2.363
604,2,607,607,608.16,1.16,15000,0,608.16,610.961,2.801,1509,610.961,612.034,1.073,15000,0,2.801
605,2,608,608,609.083,1.083,12000,0,609.083,611.365,2.282,1298,611.365,612.892,1.526,12000,0,2.282
607,2,610,610,610.929,0.929,10000,0,610.929,612.983,2.054,1052,612.983,613.701,0.718,10000,0,2.054
606,2,609,609,610.16,1.16,14000,0,610.16,613.237,3.077,1480,613.237,614.703,1.467,14000,0,3.077
609,2,612,612,612.852,0.852,11000,0,612.852,614.943,2.091,1110,614.943,615.731,0.788,11000,0,2.091
608,2,611,611,612.006,1.006,13000,0,612.006,615.011,3.005,1319,615.011,616.659,1.649,13000,0,3.005
610,2,613,613,613.852,0.852,11000,0,613.852,616.634,2.782,1100,616.634,617.445,0.811,11000,0,2.782
611,2,614,614,615.006,1.006,13000,0,615.006,617.121,2.114,1372,617.121,618.384,1.263,13000,0,2.114
612,2,615,615,615.775,0.775,10000,0,615.775,618.232,2.457,1040,618.232,619.108,0.876,10000,0,2.457
613,2,616,616,617.16,1.16,15000,0,617.16,619.496,2.336,1519,619.496,620.569,1.073,15000,0,2.336
614,2,617,617,618.016,1.016,11000,0,618.016,619.988,1.973,1136,619.988,621.355,1.366,11000,0,1.973
615,2,618,618,619.093,1.093,14000,0,619.093,621.656,2.563,1405,621.656,622.658,1.002,14000,0,2.563
616,2,619,619,620.246,1.246,15000,0,620.246,622.596,2.35,1528,622.596,623.729,1.133,15000,0,2.35
617,2,620,620,621.093,1.093,11000,0,621.093,623.455,2.362,1170,623.455,624.515,1.06,11000,0,2.362
618,2,621,621,622.022,1.022,12000,0,622.022,624.445,2.423,1202,624.445,625.372,0.928,12000,0,2.423
619,2,622,622,623.022,1.022,13000,0,623.022,625.478,2.456,1316,625.478,626.409,0.931,13000,0,2.456
620,2,623,623,623.791,0.791,10000,0,623.791,626.063,2.272,1053,626.063,627.123,1.06,10000,0,2.272
621,2,624,624,624.852,0.852,11000,0,624.852,627.304,2.451,1187,627.304,628.091,0.788,11000,0,2.451
622,2,625,625,626.016,1.016,13000,0,626.016,628.197,2.181,1388,628.197,629.128,0.931,13000,0,2.181
623,2,626,626,626.785,0.785,10000,0,626.785,628.947,2.162,1069,628.947,629.842,0.895,10000,0,2.162
624,2,627,627,628.16,1.16,15000,0,628.16,630.587,2.427,1554,630.587,631.66,1.073,15000,0,2.427
625,2,628,628,629.083,1.083,12000,0,629.083,630.939,1.856,1211,630.939,632.517,1.578,12000,0,1.856
626,2,629,629,629.929,0.929,11000,0,629.929,632.41,2.481,1186,632.41,633.303,0.893,11000,0,2.481
627,2,630,630,630.929,0.929,12000,0,630.929,632.939,2.01,1295,632.939,634.16,1.221,12000,0,2.01
628,2,631,631,632.083,1.083,14000,0,632.083,634.655,2.572,1460,634.655,635.657,1.002,14000,0,2.572
629,2,632,632,632.929,0.929,11000,0,632.929,634.675,1.746,1117,634.675,636.443,1.768,11000,0,1.746
630,2,633,633,633.775,0.775,10000,0,633.775,636.3,2.525,1070,636.3,637.157,0.857,10000,0,2.525
631,2,634,634,634.775,0.775,10000,0,634.775,636.424,1.648,1072,636.424,637.871,1.448,10000,0,1.648
632,2,635,635,636.083,1.083,14000,0,636.083,638.594,2.511,1492,638.594,639.596,1.002,14000,0,2.511
633,2,636,636,637.006,1.006,12000,0,637.006,638.987,1.981,1292,638.987,640.463,1.476,12000,0,1.981
634,2,637,637,637.929,0.929,12000,0,637.929,640.533,2.604,1261,640.533,641.392,0.859,12000,0,2.604
635,2,638,638,638.852,0.852,11000,0,638.852,640.682,1.83,1102,640.682,642.178,1.496,11000,0,1.83
636,2,639,639,639.852,0.852,11000,0,639.852,642.314,2.462,1159,642.314,643.102,0.788,11000,0,2.462
637,2,640,640,641.16,1.16,15000,0,641.16,643.536,2.376,1534,643.536,644.609,1.073,15000,0,2.376
638,2,641,641,642.006,1.006,11000,0,642.006,644.078,2.072,1147,644.078,645.395,1.317,11000,0,2.072
639,2,642,642,642.929,0.929,12000,0,642.929,645.405,2.476,1216,645.405,646.264,0.859,12000,0,2.476
640,2,643,643,643.929,0.929,12000,0,643.929,645.977,2.048,1235,645.977,647.121,1.144,12000,0,2.048
641,2,644,644,644.775,0.775,10000,0,644.775,647.062,2.287,1078,647.062,647.836,0.774,10000,0,2.287
642,2,645,645,646.006,1.006,13000,0,646.006,648.027,2.021,1318,648.027,648.958,0.931,13000,0,2.021
643,2,646,646,647.006,1.006,13000,0,647.006,649.072,2.066,1307,649.072,650.009,0.937,13000,0,2.066
644,2,647,647,648.006,1.006,13000,0,648.006,650.093,2.087,1339,650.093,651.024,0.931,13000,0,2.087
645,2,648,648,648.852,0.852,11000,0,648.852,650.874,2.022,1172,650.874,651.809,0.935,11000,0,2.022
646,2,649,649,650.083,1.083,14000,0,650.083,652.275,2.192,1419,652.275,653.277,1.002,14000,0,2.192
647,2,650,650,650.933,0.933,11000,0,650.933,652.673,1.741,1132,652.673,654.067,1.394,11000,0,1.741
648,2,651,651,652.083,1.083,14000,0,652.083,654.478,2.395,1433,654.478,655.48,1.002,14000,0,2.395
649,2,652,652,652.929,0.929,11000,0,652.929,654.624,1.695,1102,654.624,656.266,1.642,11000,0,1.695
650,2,653,653,654.006,1.006,13000,0,654.006,656.495,2.489,1312,656.495,657.426,0.931,13000,0,2.489
651,2,654,654,654.929,0.929,12000,0,654.929,656.909,1.98,1287,656.909,658.283,1.374,12000,0,1.98
652,2,655,655,656.16,1.16,15000,0,656.16,658.844,2.684,1519,658.844,659.918,1.073,15000,0,2.684
653,2,656,656,657.083,1.083,12000,0,657.083,659.02,1.937,1260,659.02,660.785,1.765,12000,0,1.937
654,2,657,657,657.929,0.929,11000,0,657.929,660.637,2.708,1166,660.637,661.57,0.934,11000,0,2.708
655,2,658,658,658.929,0.929,12000,0,658.929,660.874,1.945,1206,660.874,662.427,1.553,12000,0,1.945
656,2,659,659,659.775,0.775,10000,0,659.775,662.295,2.52,1079,662.295,663.142,0.847,10000,0,2.52
657,2,660,660,660.929,0.929,12000,0,660.929,662.813,1.883,1225,662.813,663.999,1.186,12000,0,1.883
658,2,661,661,662.006,1.006,13000,0,662.006,664.3,2.294,1304,664.3,665.23,0.93,13000,0,2.294
659,2,662,662,663.16,1.16,15000,0,663.16,665.537,2.377,1546,665.537,666.61,1.073,15000,0,2.377
660,2,663,663,664.314,1.314,15000,0,664.314,666.634,2.32,1509,666.634,667.707,1.073,15000,0,2.32
661,2,664,664,665.083,1.083,10000,0,665.083,667.157,2.074,1053,667.157,668.424,1.267,10000,0,2.074
662,2,665,665,666.083,1.083,13000,0,666.083,668.688,2.606,1336,668.688,669.619,0.93,13000,0,2.606
663,2,666,666,667.16,1.16,14000,0,667.16,669.4,2.24,1459,669.4,670.619,1.219,14000,0,2.24
664,2,667,667,668.236,1.236,14000,0,668.236,670.947,2.711,1469,670.947,671.95,1.002,14000,0,2.711
665,2,668,668,669.006,1.006,10000,0,669.006,671.035,2.03,1064,671.035,672.664,1.628,10000,0,2.03
667,2,670,670,670.929,0.929,12000,0,670.929,672.907,1.978,1217,672.907,673.767,0.859,12000,0,1.978
666,2,669,669,670.006,1.006,13000,0,670.006,673.095,3.089,1397,673.095,674.695,1.6,13000,0,3.089
668,2,671,671,672.083,1.083,14000,0,672.083,675.128,3.045,1444,675.128,676.13,1.002,14000,0,3.045
669,2,672,672,673.16,1.16,14000,0,673.16,675.346,2.186,1422,675.346,677.13,1.783,14000,0,2.186
670,2,673,673,674.237,1.237,14000,0,674.237,677.385,3.148,1468,677.385,678.387,1.002,14000,0,3.148
671,2,674,674,675.237,1.237,13000,0,675.237,677.448,2.211,1366,677.448,679.315,1.868,13000,0,2.211
672,2,675,675,676.237,1.237,13000,0,676.237,679.427,3.19,1328,679.427,680.358,0.931,13000,0,3.19
673,2,676,676,677.391,1.391,15000,0,677.391,679.835,2.445,1553,679.835,681.437,1.602,15000,0,2.445
675,2,678,678,679.468,1.468,12000,0,679.468,681.752,2.285,1247,681.752,682.611,0.859,12000,0,2.285
674,2,677,677,678.544,1.544,15000,0,678.544,681.78,3.235,1530,681.78,683.683,1.903,15000,0,3.235
677,2,680,680,681.544,1.544,13000,0,681.544,683.798,2.254,1313,683.798,684.729,0.931,13000,0,2.254
676,2,679,679,680.544,1.544,14000,0,680.544,683.923,3.379,1412,683.923,685.729,1.806,14000,0,3.379
678,2,681,681,682.391,1.391,11000,0,682.391,685.512,3.122,1115,685.512,686.515,1.002,11000,0,3.122
679,2,682,682,683.237,1.237,11000,0,683.237,685.748,2.511,1187,685.748,687.301,1.553,11000,0,2.511
680,2,683,683,684.314,1.314,14000,0,684.314,687.784,3.47,1477,687.784,688.786,1.002,14000,0,3.47
681,2,684,684,685.314,1.314,13000,0,685.314,687.886,2.573,1391,687.886,689.714,1.828,13000,0,2.573
683,2,686,686,687.16,1.16,11000,0,687.16,689.617,2.457,1126,689.617,690.5,0.882,11000,0,2.457
682,2,685,685,686.314,1.314,13000,0,686.314,689.821,3.507,1325,689.821,691.428,1.608,13000,0,3.507
685,2,688,688,689.083,1.083,12000,0,689.083,691.717,2.634,1233,691.717,692.576,0.859,12000,0,2.634
684,2,687,687,688.16,1.16,13000,0,688.16,691.737,3.577,1369,691.737,693.504,1.768,13000,0,3.577
686,2,689,689,689.929,0.929,11000,0,689.929,693.48,3.551,1147,693.48,694.29,0.811,11000,0,3.551
687,2,690,690,690.935,0.935,12000,0,690.935,693.73,2.795,1296,693.73,695.155,1.425,12000,0,2.795
689,2,692,692,693.006,1.006,12000,0,693.006,695.632,2.626,1237,695.632,696.491,0.859,12000,0,2.626
688,2,691,691,692.083,1.083,14000,0,692.083,695.673,3.59,1426,695.673,697.498,1.825,14000,0,3.59
690,2,693,693,694.083,1.083,14000,0,694.083,697.841,3.758,1437,697.841,698.843,1.002,14000,0,3.758
691,2,694,694,695.237,1.237,15000,0,695.237,698.069,2.832,1558,698.069,699.915,1.846,15000,0,2.832
692,2,695,695,696.391,1.391,15000,0,696.391,700.251,3.86,1555,700.251,701.324,1.074,15000,0,3.86
693,2,696,696,697.544,1.544,15000,0,697.544,700.405,2.861,1519,700.405,702.396,1.991,15000,0,2.861
694,2,697,697,698.468,1.468,12000,0,698.468,702.21,3.743,1266,702.21,703.253,1.043,12000,0,3.743
695,2,698,698,699.545,1.545,14000,0,699.545,702.69,3.146,1486,702.69,704.263,1.573,14000,0,3.146
696,2,699,699,700.545,1.545,13000,0,700.545,704.287,3.742,1342,704.287,705.217,0.931,13000,0,3.742
697,2,700,700,701.622,1.622,14000,0,701.622,704.989,3.368,1495,704.989,706.217,1.228,14000,0,3.368
698,2,701,701,702.698,1.698,14000,0,702.698,706.577,3.879,1489,706.577,707.579,1.002,14000,0,3.879
699,2,702,702,703.775,1.775,14000,0,703.775,707.231,3.455,1458,707.231,708.589,1.358,14000,0,3.455
700,2,703,703,704.775,1.775,13000,0,704.775,708.668,3.892,1360,708.668,709.598,0.931,13000,0,3.892
701,2,704,704,705.775,1.775,13000,0,705.775,709.368,3.592,1390,709.368,710.527,1.159,13000,0,3.592
702,2,705,705,706.621,1.621,11000,0,706.621,710.478,3.856,1171,710.478,711.313,0.835,11000,0,3.856
703,2,706,706,707.621,1.621,13000,0,707.621,711.412,3.791,1329,711.412,712.343,0.931,13000,0,3.791
704,2,707,707,708.775,1.775,15000,0,708.775,712.868,4.092,1554,712.868,713.941,1.073,15000,0,4.092
705,2,708,708,709.545,1.545,10000,0,709.545,713.055,3.511,1069,713.055,714.655,1.6,10000,0,3.511
707,2,710,710,711.237,1.237,10000,0,711.237,714.712,3.476,1078,714.712,715.429,0.716,10000,0,3.476
706,2,709,709,710.468,1.468,12000,0,710.468,714.779,4.311,1243,714.779,716.286,1.507,12000,0,4.311
709,2,712,712,713.314,1.314,13000,0,713.314,716.833,3.519,1336,716.833,717.763,0.93,13000,0,3.519
708,2,711,711,712.314,1.314,14000,0,712.314,716.925,4.611,1439,716.925,718.763,1.838,14000,0,4.611
710,2,713,713,714.314,1.314,13000,0,714.314,718.969,4.655,1390,718.969,719.9,0.931,13000,0,4.655
711,2,714,714,715.391,1.391,14000,0,715.391,719.19,3.799,1473,719.19,720.9,1.71,14000,0,3.799
713,2,716,716,717.391,1.391,11000,0,717.391,720.93,3.539,1121,720.93,721.718,0.788,11000,0,3.539
712,2,715,715,716.545,1.545,15000,0,716.545,721.289,4.744,1508,721.289,722.789,1.5,15000,0,4.744
714,2,717,717,718.314,1.314,12000,0,718.314,722.872,4.558,1251,722.872,723.731,0.859,12000,0,4.558
715,2,718,718,719.391,1.391,14000,0,719.391,723.442,4.051,1400,723.442,724.741,1.299,14000,0,4.051
716,2,719,719,720.314,1.314,12000,0,720.314,724.856,4.542,1290,724.856,725.715,0.859,12000,0,4.542
717,2,720,720,721.468,1.468,15000,0,721.468,725.802,4.334,1535,725.802,726.88,1.078,15000,0,4.334
718,2,721,721,722.468,1.468,13000,0,722.468,726.997,4.529,1393,726.997,727.928,0.931,13000,0,4.529
719,2,722,722,723.468,1.468,13000,0,723.468,727.893,4.425,1360,727.893,728.859,0.966,13000,0,4.425
720,2,723,723,724.545,1.545,14000,0,724.545,729.213,4.668,1441,729.213,730.215,1.002,14000,0,4.668
721,2,724,724,725.468,1.468,12000,0,725.468,729.77,4.302,1220,729.77,731.082,1.312,12000,0,4.302
722,2,725,725,726.237,1.237,10000,0,726.237,730.841,4.604,1059,730.841,731.796,0.955,10000,0,4.604
723,2,726,726,727.314,1.314,14000,0,727.314,732.012,4.698,1458,732.012,733.014,1.002,14000,0,4.698
724,2,727,727,728.083,1.083,10000,0,728.083,732.503,4.42,1081,732.503,733.728,1.225,10000,0,4.42
726,2,729,729,729.853,0.853,10000,0,729.853,734.123,4.271,1054,734.123,734.84,0.716,10000,0,4.271
725,2,728,728,729.083,1.083,13000,0,729.083,734.143,5.06,1380,734.143,735.768,1.625,13000,0,5.06
727,2,730,730,730.775,0.775,10000,0,730.775,735.759,4.984,1064,735.759,736.483,0.724,10000,0,4.984
728,2,731,731,731.929,0.929,12000,0,731.929,735.99,4.061,1201,735.99,737.34,1.35,12000,0,4.061
729,2,732,732,732.775,0.775,10000,0,732.775,737.406,4.631,1071,737.406,738.122,0.716,10000,0,4.631
730,2,733,733,733.852,0.852,11000,0,733.852,737.709,3.857,1118,737.709,738.908,1.199,11000,0,3.857
731,2,734,734,735.083,1.083,14000,0,735.083,739.686,4.603,1483,739.686,740.698,1.012,14000,0,4.603
732,2,735,735,736.237,1.237,15000,0,736.237,740.047,3.811,1521,740.047,741.77,1.722,15000,0,3.811
734,2,737,737,738.083,1.083,10000,0,738.083,741.698,3.615,1073,741.698,742.484,0.786,10000,0,3.615
733,2,736,736,737.314,1.314,14000,0,737.314,741.94,4.626,1466,741.94,743.484,1.544,14000,0,4.626
736,2,739,739,740.083,1.083,11000,0,740.083,743.731,3.648,1165,743.731,744.518,0.788,11000,0,3.648
735,2,738,738,739.237,1.237,15000,0,739.237,744.067,4.83,1540,744.067,745.59,1.523,15000,0,4.83
738,2,741,741,742.006,1.006,11000,0,742.006,745.786,3.78,1118,745.786,746.574,0.788,11000,0,3.78
737,2,740,740,741.16,1.16,14000,0,741.16,745.97,4.81,1456,745.97,747.574,1.604,14000,0,4.81
739,2,742,742,742.852,0.852,11000,0,742.852,747.612,4.76,1188,747.612,748.4,0.788,11000,0,4.76
740,2,743,743,744.16,1.16,15000,0,744.16,748.307,4.148,1520,748.307,749.471,1.164,15000,0,4.148
741,2,744,744,745.16,1.16,13000,0,745.16,749.763,4.603,1399,749.763,750.694,0.931,13000,0,4.603
742,2,745,745,746.006,1.006,11000,0,746.006,750.143,4.137,1194,750.143,751.479,1.336,11000,0,4.137
744,2,747,747,748.006,1.006,12000,0,748.006,752.012,4.006,1216,752.012,752.872,0.859,12000,0,4.006
743,2,746,746,747.083,1.083,14000,0,747.083,752.057,4.974,1492,752.057,753.872,1.815,14000,0,4.974
746,2,749,749,750.006,1.006,12000,0,750.006,753.923,3.917,1214,753.923,754.783,0.859,12000,0,3.917
745,2,748,748,749.083,1.083,14000,0,749.083,754.262,5.179,1463,754.262,755.783,1.521,14000,0,5.179
747,2,750,750,750.936,0.936,12000,0,750.936,755.865,4.929,1263,755.865,756.724,0.859,12000,0,4.929
748,2,751,751,751.933,0.933,12000,0,751.933,756.199,4.266,1260,756.199,757.586,1.387,12000,0,4.266
750,2,753,753,754.083,1.083,12000,0,754.083,758.115,4.032,1246,758.115,758.974,0.859,12000,0,4.032
749,2,752,752,753.16,1.16,15000,0,753.16,758.212,5.052,1526,758.212,760.055,1.844,15000,0,5.052
752,2,755,755,755.775,0.775,10000,0,755.775,759.861,4.086,1073,759.861,760.77,0.908,10000,0,4.086
751,2,754,754,754.929,0.929,11000,0,754.929,759.926,4.997,1178,759.926,761.555,1.63,11000,0,4.997
753,2,756,756,757.083,1.083,14000,0,757.083,762.12,5.037,1469,762.12,763.122,1.002,14000,0,5.037
754,2,757,757,758.237,1.237,15000,0,758.237,762.256,4.019,1515,762.256,764.193,1.937,15000,0,4.019
755,2,758,758,759.16,1.16,12000,0,759.16,763.986,4.826,1214,763.986,765.05,1.064,12000,0,4.826
756,2,759,759,760.314,1.314,15000,0,760.314,764.609,4.296,1530,764.609,766.122,1.513,15000,0,4.296
757,2,760,760,761.083,1.083,10000,0,761.083,765.592,4.509,1045,765.592,766.836,1.244,10000,0,4.509
758,2,761,761,762.083,1.083,13000,0,762.083,766.718,4.635,1371,766.718,767.765,1.047,13000,0,4.635
759,2,762,762,763.006,1.006,12000,0,763.006,767.532,4.526,1262,767.532,768.622,1.09,12000,0,4.526
760,2,763,763,763.852,0.852,11000,0,763.852,768.426,4.574,1111,768.426,769.408,0.981,11000,0,4.574
761,2,764,764,765.083,1.083,14000,0,765.083,769.797,4.714,1473,769.797,770.799,1.002,14000,0,4.714
762,2,765,765,766.006,1.006,12000,0,766.006,770.281,4.275,1206,770.281,771.658,1.377,12000,0,4.275
763,2,766,766,767.083,1.083,14000,0,767.083,772.039,4.956,1458,772.039,773.041,1.002,14000,0,4.956
764,2,767,767,768.083,1.083,13000,0,768.083,772.294,4.211,1309,772.294,773.969,1.675,13000,0,4.211
765,2,768,768,768.929,0.929,11000,0,768.929,773.874,4.945,1194,773.874,774.755,0.881,11000,0,4.945
766,2,769,769,769.852,0.852,11000,0,769.852,774.136,4.284,1198,774.136,775.541,1.405,11000,0,4.284
767,2,770,770,770.852,0.852,11000,0,770.852,775.684,4.832,1177,775.684,776.472,0.788,11000,0,4.832
768,2,771,771,772.006,1.006,13000,0,772.006,776.188,4.182,1334,776.188,777.401,1.212,13000,0,4.182
769,2,772,772,773.083,1.083,14000,0,773.083,777.94,4.857,1467,777.94,778.942,1.002,14000,0,4.857
770,2,773,773,774.237,1.237,15000,0,774.237,778.569,4.332,1548,778.569,780.013,1.445,15000,0,4.332
771,2,774,774,775.314,1.314,14000,0,775.314,780.135,4.822,1428,780.135,781.147,1.012,14000,0,4.822
772,2,775,775,776.391,1.391,14000,0,776.391,780.816,4.426,1462,780.816,782.147,1.331,14000,0,4.426
773,2,776,776,777.16,1.16,10000,0,777.16,781.743,4.583,1046,781.743,782.872,1.129,10000,0,4.583
774,2,777,777,778.083,1.083,12000,0,778.083,782.77,4.688,1271,782.77,783.729,0.958,12000,0,4.688
775,2,778,778,779.083,1.083,13000,0,779.083,783.883,4.8,1392,783.883,784.814,0.931,13000,0,4.8
776,2,779,779,780.083,1.083,13000,0,780.083,784.901,4.818,1374,784.901,785.832,0.931,13000,0,4.818
777,2,780,780,780.852,0.852,10000,0,780.852,785.532,4.68,1073,785.532,786.546,1.013,10000,0,4.68
778,2,781,781,782.16,1.16,15000,0,782.16,787.289,5.129,1553,787.289,788.363,1.073,15000,0,5.129
779,2,782,782,783.083,1.083,12000,0,783.083,787.4,4.317,1214,787.4,789.22,1.82,12000,0,4.317
780,2,783,783,784.237,1.237,15000,0,784.237,789.597,5.36,1501,789.597,790.67,1.073,15000,0,5.36
781,2,784,784,785.314,1.314,14000,0,785.314,789.696,4.382,1486,789.696,791.67,1.975,14000,0,4.382
782,2,785,785,786.083,1.083,10000,0,786.083,791.272,5.189,1090,791.272,792.385,1.112,10000,0,5.189
783,2,786,786,787.006,1.006,12000,0,787.006,791.673,4.667,1286,791.673,793.242,1.568,12000,0,4.667
784,2,787,787,787.775,0.775,10000,0,787.775,792.951,5.176,1092,792.951,793.956,1.005,10000,0,5.176
785,2,788,788,789.16,1.16,15000,0,789.16,794.046,4.886,1543,794.046,795.119,1.073,15000,0,4.886
786,2,789,789,790.16,1.16,13000,0,790.16,795.048,4.888,1364,795.048,796.048,1,13000,0,4.888
787,2,790,790,791.006,1.006,11000,0,791.006,795.785,4.779,1126,795.785,796.834,1.049,11000,0,4.779
788,2,791,791,791.775,0.775,10000,0,791.775,796.738,4.963,1099,796.738,797.548,0.81,10000,0,4.963
789,2,792,792,792.775,0.775,10000,0,792.775,797.431,4.655,1070,797.431,798.262,0.832,10000,0,4.655
790,2,793,793,793.852,0.852,11000,0,793.852,798.451,4.598,1114,798.451,799.238,0.788,11000,0,4.598
791,2,794,794,795.006,1.006,13000,0,795.006,799.504,4.499,1349,799.504,800.435,0.931,13000,0,4.499
792,2,795,795,795.775,0.775,10000,0,795.775,800.134,4.358,1095,800.134,801.149,1.016,10000,0,4.358
793,2,796,796,796.929,0.929,12000,0,796.929,801.394,4.465,1229,801.394,802.254,0.859,12000,0,4.465
794,2,797,797,797.852,0.852,11000,0,797.852,801.927,4.075,1166,801.927,803.039,1.112,11000,0,4.075
795,2,798,798,798.852,0.852,11000,0,798.852,803.149,4.297,1141,803.149,803.936,0.788,11000,0,4.297
796,2,799,799,799.852,0.852,11000,0,799.852,803.697,3.845,1149,803.697,804.722,1.025,11000,0,3.845
797,2,800,800,801.083,1.083,14000,0,801.083,805.303,4.22,1401,805.303,806.305,1.002,14000,0,4.22
798,2,801,801,802.083,1.083,13000,0,802.083,805.721,3.638,1316,805.721,807.234,1.512,13000,0,3.638
799,2,802,802,803.237,1.237,15000,0,803.237,807.64,4.403,1520,807.64,808.713,1.073,15000,0,4.403
800,2,804,804,804.933,0.933,12000,0,804.933,807.668,2.735,1266,807.668,809.571,1.903,12000,0,2.735
801,2,805,805,805.852,0.852,11000,0,805.852,809.353,3.501,1114,809.353,810.356,1.003,11000,0,3.501
802,2,806,806,807.083,1.083,14000,0,807.083,809.964,2.881,1493,809.964,811.356,1.392,14000,0,2.881
803,2,807,807,807.852,0.852,10000,0,807.852,810.957,3.105,1043,810.957,812.07,1.113,10000,0,3.105
804,2,808,808,808.775,0.775,10000,0,808.775,811.577,2.802,1049,811.577,812.785,1.208,10000,0,2.802
805,2,809,809,809.936,0.936,12000,0,809.936,812.905,2.969,1267,812.905,813.764,0.859,12000,0,2.969
806,2,810,810,811.006,1.006,13000,0,811.006,813.689,2.683,1374,813.689,814.693,1.004,13000,0,2.683
807,2,811,811,812.006,1.006,13000,0,812.006,815.02,3.014,1363,815.02,815.951,0.931,13000,0,3.014
808,2,812,812,813.16,1.16,15000,0,813.16,816.02,2.86,1516,816.02,817.093,1.073,15000,0,2.86
809,2,813,813,814.314,1.314,15000,0,814.314,817.407,3.093,1552,817.407,818.48,1.073,15000,0,3.093
810,2,814,814,815.16,1.16,11000,0,815.16,817.834,2.674,1180,817.834,819.266,1.432,11000,0,2.674
811,2,815,815,816.314,1.314,15000,0,816.314,819.743,3.429,1519,819.743,820.817,1.074,15000,0,3.429
812,2,816,816,817.237,1.237,12000,0,817.237,819.821,2.585,1292,819.821,821.684,1.863,12000,0,2.585
814,2,818,818,819.16,1.16,12000,0,819.16,821.717,2.557,1233,821.717,822.576,0.859,12000,0,2.557
813,2,817,817,818.237,1.237,13000,0,818.237,821.844,3.608,1367,821.844,823.504,1.66,13000,0,3.608
815,2,819,819,820.16,1.16,13000,0,820.16,823.849,3.689,1387,823.849,824.779,0.931,13000,0,3.689
816,2,820,820,821.16,1.16,13000,0,821.16,823.972,2.812,1384,823.972,825.708,1.736,13000,0,2.812
818,2,822,822,823.006,1.006,11000,0,823.006,825.755,2.749,1160,825.755,826.543,0.788,11000,0,2.749
817,2,821,821,822.16,1.16,13000,0,822.16,825.877,3.717,1319,825.877,827.473,1.596,13000,0,3.717
820,2,824,824,824.775,0.775,10000,0,824.775,827.513,2.738,1064,827.513,828.229,0.716,10000,0,2.738
819,2,823,823,823.929,0.929,12000,0,823.929,827.711,3.781,1272,827.711,829.086,1.376,12000,0,3.781
822,2,826,826,826.785,0.785,10000,0,826.785,829.311,2.525,1041,829.311,830.027,0.716,10000,0,2.525
821,2,825,825,826.016,1.016,13000,0,826.016,829.587,3.571,1348,829.587,830.955,1.369,13000,0,3.571
823,2,827,827,827.852,0.852,11000,0,827.852,831.125,3.272,1180,831.125,831.912,0.788,11000,0,3.272
824,2,828,828,828.929,0.929,12000,0,828.929,831.543,2.614,1272,831.543,832.769,1.226,12000,0,2.614
825,2,829,829,830.083,1.083,14000,0,830.083,833.332,3.249,1436,833.332,834.334,1.002,14000,0,3.249
826,2,830,830,831.16,1.16,14000,0,831.16,833.845,2.685,1497,833.845,835.334,1.49,14000,0,2.685
827,2,831,831,832.16,1.16,13000,0,832.16,835.47,3.311,1390,835.47,836.401,0.931,13000,0,3.311
828,2,832,832,833.16,1.16,13000,0,833.16,835.993,2.834,1397,835.993,837.33,1.336,13000,0,2.834
829,2,833,833,834.083,1.083,12000,0,834.083,837.384,3.301,1245,837.384,838.244,0.859,12000,0,3.301
830,2,834,834,835.237,1.237,15000,0,835.237,838.34,3.103,1526,838.34,839.413,1.073,15000,0,3.103
831,2,835,835,836.237,1.237,13000,0,836.237,839.444,3.208,1340,839.444,840.375,0.931,13000,0,3.208
832,2,836,836,837.16,1.16,12000,0,837.16,840.247,3.087,1239,840.247,841.232,0.986,12000,0,3.087
833,2,837,837,838.16,1.16,13000,0,838.16,841.512,3.352,1345,841.512,842.443,0.931,13000,0,3.352
834,2,838,838,839.083,1.083,12000,0,839.083,842.112,3.029,1213,842.112,843.3,1.188,12000,0,3.029
835,2,839,839,840.237,1.237,15000,0,840.237,843.872,3.635,1534,843.872,844.945,1.073,15000,0,3.635
836,2,840,840,841.391,1.391,15000,0,841.391,844.424,3.034,1504,844.424,846.016,1.592,15000,0,3.034
837,2,841,841,842.16,1.16,10000,0,842.16,845.517,3.357,1070,845.517,846.731,1.214,10000,0,3.357
838,2,842,842,843.314,1.314,15000,0,843.314,846.778,3.465,1531,846.778,847.852,1.073,15000,0,3.465
839,2,843,843,844.391,1.391,14000,0,844.391,847.739,3.348,1445,847.739,848.852,1.113,14000,0,3.348
840,2,844,844,845.16,1.16,10000,0,845.16,848.378,3.218,1040,848.378,849.566,1.188,10000,0,3.218
842,2,846,846,847.083,1.083,10000,0,847.083,849.988,2.905,1047,849.988,850.704,0.716,10000,0,2.905
841,2,845,845,846.314,1.314,15000,0,846.314,850.06,3.746,1509,850.06,851.775,1.715,15000,0,3.746
843,2,847,847,848.006,1.006,12000,0,848.006,851.884,3.878,1233,851.884,852.743,0.859,12000,0,3.878
844,2,848,848,848.929,0.929,12000,0,848.929,851.978,3.049,1247,851.978,853.6,1.622,12000,0,3.049
846,2,850,850,851.237,1.237,14000,0,851.237,854.208,2.971,1443,854.208,855.21,1.002,14000,0,2.971
845,2,849,849,850.16,1.16,15000,0,850.16,854.237,4.077,1530,854.237,856.281,2.044,15000,0,4.077
847,2,851,851,852.314,1.314,14000,0,852.314,856.444,4.13,1454,856.444,857.446,1.002,14000,0,4.13
848,2,852,852,853.39,1.39,14000,0,853.39,856.464,3.073,1448,856.464,858.446,1.982,14000,0,3.073
849,2,853,853,854.16,1.16,10000,0,854.16,858.056,3.896,1049,858.056,859.16,1.104,10000,0,3.896
850,2,854,854,855.006,1.006,11000,0,855.006,858.299,3.293,1194,858.299,859.946,1.647,11000,0,3.293
852,2,856,856,856.852,0.852,10000,0,856.852,859.919,3.067,1054,859.919,860.66,0.741,10000,0,3.067
851,2,855,855,856.083,1.083,14000,0,856.083,860.272,4.189,1441,860.272,861.66,1.388,14000,0,4.189
853,2,857,857,857.775,0.775,10000,0,857.775,861.528,3.753,1047,861.528,862.374,0.846,10000,0,3.753
854,2,858,858,859.083,1.083,14000,0,859.083,862.449,3.367,1416,862.449,863.451,1.002,14000,0,3.367
855,2,859,859,860.09,1.09,13000,0,860.09,863.575,3.484,1331,863.575,864.505,0.931,13000,0,3.484
856,2,860,860,861.167,1.167,14000,0,861.167,864.696,3.528,1461,864.696,865.698,1.002,14000,0,3.528
857,2,861,861,861.937,0.937,10000,0,861.937,865.203,3.266,1059,865.203,866.416,1.214,10000,0,3.266
858,2,862,862,863.006,1.006,13000,0,863.006,866.735,3.729,1326,866.735,867.665,0.931,13000,0,3.729
859,2,863,863,864.16,1.16,15000,0,864.16,867.581,3.422,1547,867.581,868.737,1.155,15000,0,3.422
860,2,864,864,865.237,1.237,14000,0,865.237,869.026,3.789,1490,869.026,870.028,1.002,14000,0,3.789
861,2,865,865,866.314,1.314,14000,0,866.314,869.872,3.559,1490,869.872,871.028,1.156,14000,0,3.559
862,2,866,866,867.237,1.237,12000,0,867.237,870.935,3.698,1242,870.935,871.885,0.95,12000,0,3.698
863,2,867,867,868.083,1.083,11000,0,868.083,871.648,3.565,1155,871.648,872.67,1.023,11000,0,3.565
864,2,868,868,868.929,0.929,11000,0,868.929,872.731,3.802,1168,872.731,873.519,0.788,11000,0,3.802
865,2,869,869,869.852,0.852,11000,0,869.852,873.454,3.601,1174,873.454,874.304,0.851,11000,0,3.601
866,2,870,870,871.006,1.006,13000,0,871.006,874.752,3.745,1314,874.752,875.682,0.931,13000,0,3.745
867,2,871,871,871.852,0.852,11000,0,871.852,875.154,3.301,1106,875.154,876.468,1.314,11000,0,3.301
868,2,872,872,872.852,0.852,11000,0,872.852,876.592,3.74,1197,876.592,877.38,0.788,11000,0,3.74
869,2,873,873,873.929,0.929,12000,0,873.929,877.131,3.202,1286,877.131,878.247,1.116,12000,0,3.202
870,2,874,874,875.006,1.006,13000,0,875.006,878.617,3.611,1317,878.617,879.547,0.931,13000,0,3.611
871,2,875,875,876.006,1.006,13000,0,876.006,879.209,3.203,1351,879.209,880.476,1.267,13000,0,3.203
872,2,876,876,877.16,1.16,15000,0,877.16,880.977,3.817,1535,880.977,882.05,1.073,15000,0,3.817
873,2,877,877,878.314,1.314,15000,0,878.314,881.528,3.215,1508,881.528,883.122,1.593,15000,0,3.215
874,2,878,878,879.16,1.16,11000,0,879.16,882.805,3.645,1189,882.805,883.907,1.102,11000,0,3.645
875,2,879,879,880.006,1.006,11000,0,880.006,883.268,3.261,1131,883.268,884.693,1.425,11000,0,3.261
876,2,880,880,881.016,1.016,13000,0,881.016,884.807,3.791,1302,884.807,885.738,0.931,13000,0,3.791
877,2,881,881,881.862,0.862,11000,0,881.862,885,3.138,1118,885,886.523,1.523,11000,0,3.138
878,2,882,882,883.083,1.083,14000,0,883.083,887.111,4.028,1498,887.111,888.112,1.002,14000,0,4.028
879,2,883,883,884.16,1.16,14000,0,884.16,887.155,2.995,1401,887.155,889.112,1.957,14000,0,2.995
881,2,885,885,885.862,0.862,11000,0,885.862,888.886,3.024,1126,888.886,889.898,1.012,11000,0,3.024
880,2,884,884,885.016,1.016,11000,0,885.016,888.928,3.912,1182,888.928,890.684,1.756,11000,0,3.912
882,2,886,886,887.083,1.083,14000,0,887.083,891.117,4.034,1451,891.117,892.119,1.002,14000,0,4.034
883,2,887,887,888.16,1.16,14000,0,888.16,891.225,3.065,1494,891.225,893.119,1.894,14000,0,3.065
884,2,888,888,889.16,1.16,13000,0,889.16,893.167,4.008,1333,893.167,894.098,0.931,13000,0,4.008
885,2,889,889,890.16,1.16,13000,0,890.16,893.355,3.196,1386,893.355,895.026,1.671,13000,0,3.196
887,2,891,891,892.083,1.083,11000,0,892.083,895.142,3.059,1162,895.142,895.93,0.788,11000,0,3.059
886,2,890,890,891.237,1.237,14000,0,891.237,895.374,4.137,1435,895.374,896.93,1.556,14000,0,4.137
888,2,892,892,892.852,0.852,10000,0,892.852,896.774,3.922,1061,896.774,897.644,0.871,10000,0,3.922
889,2,893,893,894.083,1.083,14000,0,894.083,897.608,3.525,1453,897.608,898.644,1.037,14000,0,3.525
890,2,894,894,895.237,1.237,15000,0,895.237,899.122,3.886,1519,899.122,900.196,1.073,15000,0,3.886
891,2,895,895,896.237,1.237,13000,0,896.237,899.678,3.442,1346,899.678,901.13,1.452,13000,0,3.442
892,2,896,896,897.083,1.083,11000,0,897.083,900.895,3.812,1146,900.895,901.916,1.022,11000,0,3.812
893,2,897,897,898.006,1.006,12000,0,898.006,901.668,3.662,1293,901.668,902.773,1.106,12000,0,3.662
894,2,898,898,899.16,1.16,15000,0,899.16,903.274,4.114,1547,903.274,904.347,1.073,15000,0,4.114
895,2,899,899,900.006,1.006,11000,0,900.006,903.455,3.449,1162,903.455,905.133,1.677,11000,0,3.449
896,2,900,900,900.929,0.929,12000,0,900.929,905.123,4.194,1203,905.123,905.99,0.867,12000,0,4.194
897,2,901,901,902.006,1.006,13000,0,902.006,905.487,3.481,1321,905.487,906.927,1.441,13000,0,3.481
898,2,902,902,903.093,1.093,14000,0,903.093,907.277,4.184,1401,907.277,908.279,1.002,14000,0,4.184
899,2,903,903,904.016,1.016,12000,0,904.016,907.378,3.363,1230,907.378,909.136,1.758,12000,0,3.363
901,2,905,905,906.093,1.093,12000,0,906.093,909.32,3.228,1263,909.32,910.18,0.859,12000,0,3.228
900,2,904,904,905.17,1.17,15000,0,905.17,909.587,4.417,1502,909.587,911.251,1.664,15000,0,4.417
902,2,906,906,907.17,1.17,14000,0,907.17,911.616,4.446,1485,911.616,912.618,1.002,14000,0,4.446
903,2,907,907,908.247,1.247,14000,0,908.247,911.755,3.508,1410,911.755,913.618,1.864,14000,0,3.508
904,2,908,908,909.247,1.247,13000,0,909.247,913.689,4.443,1348,913.689,914.62,0.931,13000,0,4.443
905,2,909,909,910.247,1.247,13000,0,910.247,913.894,3.647,1391,913.894,915.548,1.654,13000,0,3.647
906,2,910,910,911.247,1.247,13000,0,911.247,915.782,4.535,1361,915.782,916.718,0.936,13000,0,4.535
907,2,911,911,912.247,1.247,13000,0,912.247,915.979,3.732,1356,915.979,917.647,1.668,13000,0,3.732
909,2,913,913,914.016,1.016,10000,0,914.016,917.652,3.636,1088,917.652,918.368,0.716,10000,0,3.636
908,2,912,912,913.247,1.247,13000,0,913.247,917.836,4.59,1336,917.836,919.297,1.46,13000,0,4.59
911,2,915,915,916.093,1.093,13000,0,916.093,919.848,3.755,1308,919.848,920.778,0.931,13000,0,3.755
910,2,914,914,915.093,1.093,14000,0,915.093,919.915,4.822,1472,919.915,921.778,1.863,14000,0,4.822
912,2,916,916,917.093,1.093,13000,0,917.093,921.997,4.904,1398,921.997,922.928,0.93,13000,0,4.904
913,2,917,917,918.093,1.093,13000,0,918.093,922.045,3.952,1385,922.045,923.856,1.811,13000,0,3.952
915,2,919,919,920.093,1.093,11000,0,920.093,923.773,3.68,1124,923.773,924.642,0.869,11000,0,3.68
914,2,918,918,919.247,1.247,15000,0,919.247,924.331,5.084,1518,924.331,925.713,1.382,15000,0,5.084
916,2,920,920,921.17,1.17,14000,0,921.17,925.964,4.794,1425,925.964,926.966,1.002,14000,0,4.794
917,2,921,921,922.17,1.17,13000,0,922.17,926.341,4.171,1307,926.341,927.894,1.553,13000,0,4.171
918,2,922,922,923.016,1.016,11000,0,923.016,927.687,4.672,1121,927.687,928.68,0.993,11000,0,4.672
919,2,923,923,923.862,0.862,11000,0,923.862,928.138,4.276,1169,928.138,929.466,1.328,11000,0,4.276
920,2,924,924,925.083,1.083,14000,0,925.083,929.989,4.906,1497,929.989,930.991,1.002,14000,0,4.906
921,2,925,925,926.006,1.006,12000,0,926.006,930.046,4.04,1241,930.046,931.848,1.802,12000,0,4.04
922,2,926,926,926.775,0.775,10000,0,926.775,931.645,4.869,1065,931.645,932.562,0.918,10000,0,4.869
923,2,927,927,927.775,0.775,10000,0,927.775,931.691,3.916,1070,931.691,933.277,1.586,10000,0,3.916
924,2,928,928,929.16,1.16,15000,0,929.16,934.02,4.86,1532,934.02,935.093,1.073,15000,0,4.86
925,2,929,929,930.314,1.314,15000,0,930.314,934.046,3.732,1531,934.046,936.165,2.119,15000,0,3.732
926,2,930,930,931.237,1.237,12000,0,931.237,935.915,4.679,1232,935.915,937.022,1.107,12000,0,4.679
927,2,931,931,932.237,1.237,13000,0,932.237,936.172,3.935,1382,936.172,937.961,1.789,13000,0,3.935
928,2,932,932,933.083,1.083,11000,0,933.083,937.725,4.642,1177,937.725,938.746,1.022,11000,0,4.642
929,2,933,933,933.929,0.929,11000,0,933.929,937.944,4.015,1152,937.944,939.532,1.588,11000,0,4.015
930,2,934,934,935.006,1.006,13000,0,935.006,939.855,4.849,1386,939.855,940.786,0.931,13000,0,4.849
931,2,935,935,936.083,1.083,14000,0,936.083,940.158,4.075,1440,940.158,941.786,1.628,14000,0,4.075
933,2,937,937,938.016,1.016,10000,0,938.016,941.764,3.749,1045,941.764,942.5,0.736,10000,0,3.749
932,2,936,936,937.237,1.237,15000,0,937.237,942.249,5.012,1556,942.249,943.571,1.322,15000,0,5.012
935,2,939,939,939.862,0.862,10000,0,939.862,943.912,4.05,1082,943.912,944.629,0.716,10000,0,4.05
934,2,938,938,939.093,1.093,14000,0,939.093,943.932,4.839,1402,943.932,945.629,1.696,14000,0,4.839
937,2,941,941,942.083,1.083,12000,0,942.083,945.857,3.775,1252,945.857,946.717,0.859,12000,0,3.775
936,2,940,940,941.16,1.16,15000,0,941.16,946.308,5.148,1548,946.308,947.788,1.48,15000,0,5.148
938,2,942,942,943.006,1.006,12000,0,943.006,947.741,4.735,1225,947.741,948.655,0.914,12000,0,4.735
939,2,943,943,944.083,1.083,14000,0,944.083,948.612,4.529,1498,948.612,949.655,1.043,14000,0,4.529
940,2,944,944,944.929,0.929,11000,0,944.929,949.548,4.619,1175,949.548,950.444,0.896,11000,0,4.619
941,2,945,945,946.083,1.083,14000,0,946.083,950.846,4.763,1453,950.846,951.858,1.012,14000,0,4.763
942,2,946,946,946.929,0.929,11000,0,946.929,951.312,4.383,1138,951.312,952.644,1.331,11000,0,4.383
943,2,947,947,947.852,0.852,11000,0,947.852,952.554,4.702,1111,952.554,953.433,0.879,11000,0,4.702
944,2,948,948,949.16,1.16,15000,0,949.16,953.661,4.502,1527,953.661,954.735,1.074,15000,0,4.502
945,2,949,949,950.16,1.16,13000,0,950.16,954.593,4.433,1326,954.593,955.664,1.071,13000,0,4.433
946,2,950,950,951.16,1.16,13000,0,951.16,955.712,4.553,1334,955.712,956.643,0.931,13000,0,4.553
947,2,951,951,952.006,1.006,11000,0,952.006,956.317,4.311,1121,956.317,957.429,1.112,11000,0,4.311
948,2,952,952,952.929,0.929,12000,0,952.929,957.634,4.705,1250,957.634,958.493,0.859,12000,0,4.705
949,2,953,953,953.933,0.933,12000,0,953.933,958.249,4.316,1257,958.249,959.35,1.101,12000,0,4.316
950,2,954,954,955.083,1.083,14000,0,955.083,959.82,4.737,1422,959.82,960.822,1.002,14000,0,4.737
951,2,955,955,956.16,1.16,14000,0,956.16,960.516,4.356,1474,960.516,961.822,1.307,14000,0,4.356
952,2,956,956,956.929,0.929,10000,0,956.929,961.454,4.525,1063,961.454,962.536,1.082,10000,0,4.525
953,2,957,957,957.939,0.939,12000,0,957.939,962.48,4.541,1278,962.48,963.394,0.913,12000,0,4.541
954,2,958,958,958.929,0.929,12000,0,958.929,963.385,4.456,1256,963.385,964.251,0.866,12000,0,4.456
955,2,959,959,959.929,0.929,12000,0,959.929,964.425,4.496,1265,964.425,965.284,0.859,12000,0,4.496
956,2,960,960,961.016,1.016,13000,0,961.016,965.49,4.474,1369,965.49,966.421,0.931,13000,0,4.474
957,2,961,961,962.093,1.093,14000,0,962.093,966.632,4.539,1435,966.632,967.634,1.002,14000,0,4.539
958,2,962,962,963.247,1.247,15000,0,963.247,967.87,4.624,1548,967.87,968.944,1.073,15000,0,4.624
959,2,963,963,964.401,1.401,15000,0,964.401,969.024,4.624,1556,969.024,970.098,1.073,15000,0,4.624
960,2,964,964,965.478,1.478,14000,0,965.478,970.169,4.692,1495,970.169,971.171,1.002,14000,0,4.692
961,2,965,965,966.324,1.324,11000,0,966.324,970.753,4.429,1124,970.753,971.957,1.204,11000,0,4.429
962,2,966,966,967.093,1.093,10000,0,967.093,971.8,4.707,1060,971.8,972.671,0.872,10000,0,4.707
963,2,967,967,968.17,1.17,14000,0,968.17,973.021,4.851,1475,973.021,974.023,1.002,14000,0,4.851
964,2,968,968,969.093,1.093,12000,0,969.093,973.68,4.587,1223,973.68,974.88,1.2,12000,0,4.587
965,2,969,969,969.862,0.862,10000,0,969.862,974.695,4.833,1089,974.695,975.594,0.899,10000,0,4.833
966,2,970,970,971.083,1.083,14000,0,971.083,975.937,4.854,1468,975.937,976.939,1.002,14000,0,4.854
967,2,971,971,972.006,1.006,12000,0,972.006,976.675,4.669,1287,976.675,977.796,1.122,12000,0,4.669
968,2,972,972,973.083,1.083,14000,0,973.083,978.152,5.069,1441,978.152,979.154,1.002,14000,0,5.069
969,2,973,973,974.237,1.237,15000,0,974.237,979.035,4.798,1535,979.035,980.226,1.191,15000,0,4.798
970,2,974,974,975.16,1.16,12000,0,975.16,980.02,4.86,1207,980.02,981.083,1.063,12000,0,4.86
971,2,975,975,976.083,1.083,12000,0,976.083,980.894,4.811,1209,980.894,981.94,1.046,12000,0,4.811
972,2,976,976,976.929,0.929,11000,0,976.929,981.838,4.909,1182,981.838,982.726,0.888,11000,0,4.909
973,2,977,977,978.16,1.16,15000,0,978.16,983.22,5.06,1513,983.22,984.303,1.083,15000,0,5.06
974,2,978,978,979.237,1.237,14000,0,979.237,983.993,4.756,1401,983.993,985.303,1.311,14000,0,4.756
975,2,979,979,980.314,1.314,14000,0,980.314,985.45,5.136,1450,985.45,986.452,1.002,14000,0,5.136
976,2,980,980,981.237,1.237,12000,0,981.237,985.923,4.686,1255,985.923,987.309,1.386,12000,0,4.686
977,2,981,981,982.391,1.391,15000,0,982.391,987.769,5.378,1508,987.769,988.842,1.073,15000,0,5.378
978,2,982,982,983.391,1.391,13000,0,983.391,987.986,4.595,1341,987.986,989.771,1.785,13000,0,4.595
980,2,984,984,985.314,1.314,11000,0,985.314,989.772,4.459,1162,989.772,990.56,0.788,11000,0,4.459
979,2,983,983,984.468,1.468,14000,0,984.468,990.026,5.558,1468,990.026,991.56,1.534,14000,0,5.558
981,2,985,985,986.083,1.083,10000,0,986.083,991.418,5.336,1071,991.418,992.284,0.866,10000,0,5.336
982,2,986,986,986.929,0.929,11000,0,986.929,991.721,4.792,1103,991.721,993.07,1.348,11000,0,4.792
983,2,987,987,987.852,0.852,11000,0,987.852,993.227,5.375,1176,993.227,994.015,0.788,11000,0,5.375
984,2,988,988,988.933,0.933,12000,0,988.933,993.567,4.634,1200,993.567,994.872,1.305,12000,0,4.634
985,2,989,989,989.929,0.929,12000,0,989.929,995.168,5.238,1262,995.168,996.032,0.864,12000,0,5.238
986,2,990,990,990.852,0.852,11000,0,990.852,995.303,4.45,1128,995.303,996.818,1.515,11000,0,4.45
988,2,992,992,992.852,0.852,11000,0,992.852,997.049,4.197,1136,997.049,997.838,0.789,11000,0,4.197
987,2,991,991,992.006,1.006,13000,0,992.006,997.223,5.217,1337,997.223,998.766,1.543,13000,0,5.217
990,2,994,994,994.852,0.852,11000,0,994.852,998.929,4.077,1110,998.929,999.717,0.788,11000,0,4.077
989,2,993,993,994.006,1.006,13000,0,994.006,999.108,5.102,1339,999.108,1000.646,1.538,13000,0,5.102
991,2,995,995,996.006,1.006,13000,0,996.006,1001.052,5.046,1380,1001.052,1001.992,0.94,13000,0,5.046
992,2,996,996,997.083,1.083,14000,0,997.083,1001.411,4.328,1498,1001.411,1002.992,1.581,14000,0,4.328
993,2,997,997,997.852,0.852,10000,0,997.852,1002.684,4.831,1061,1002.684,1003.706,1.023,10000,0,4.831
994,2,998,998,999.083,1.083,14000,0,999.083,1003.694,4.611,1484,1003.694,1004.706,1.012,14000,0,4.611
995,2,999,999,1000.16,1.16,14000,0,1000.16,1004.883,4.723,1430,1004.883,1005.884,1.002,14000,0,4.723
996,2,1000,1000,1000.929,0.929,10000,0,1000.929,1005.323,4.394,1060,1005.323,1006.599,1.276,10000,0,4.394
#======================================,,,,,,,,,,,,,,,,,
#Number of workloads:997,,,,,,,,,,,,,,,,,
#Timeout workloads:0,,,,,,,,,,,,,,,,,
#Timeout workloads per cent:0.0,,,,,,,,,,,,,,,,,
#Over workloads:0,,,,,,,,,,,,,,,,,
#Over workloads per cent:0.0,,,,,,,,,,,,,,,,,
#Number of Cloudlets:997,,,,,,,,,,,,,,,,,
#Over Cloudlets:0,,,,,,,,,,,,,,,,,
#Over Cloudlets per cent:0.0,,,,,,,,,,,,,,,,,
#Number of transmissions:1994,,,,,,,,,,,,,,,,,
#Over transmissions:0,,,,,,,,,,,,,,,,,
#Over transmissions per cent:0.0,,,,,,,,,,,,,,,,,
#======================================,,,,,,,,,,,,,,,,,
#Total serve time:3087.7980673512293,,,,,,,,,,,,,,,,,
#CPU serve time:3087.7980673512293,,,,,,,,,,,,,,,,,
#Network serve time:2210.2404127519617,,,,,,,,,,,,,,,,,
#Average total serve time:3.097089335357301,,,,,,,,,,,,,,,,,
#Average CPU serve time per workload:3.097089335357301,,,,,,,,,,,,,,,,,
#Average network serve time per workload:2.2168910860099915,,,,,,,,,,,,,,,,,
#Average CPU serve time per Cloudlet:3.097089335357301,,,,,,,,,,,,,,,,,
#Average network serve time per transmission:1.1084455430049958,,,,,,,,,,,,,,,,,
