event_arrival_time,HostName,failure_time,recovery_time
0.0,DC1-HRG1-1,0.42538526008801253,2.7361579199759136
0.0,DC1-HRG2-1,1.3797000643708026,3.143964722163954
0.0,DC2-HRG5-6,2.3984884892039937,4.729517421806815
0.0,DC1-HRG2-4,2.970129444061973,5.8518027455221215
0.0,DC1-HRG2-4,2.094027806002166,4.257309775574569
0.0,DC1-HRG1-6,2.1929583227691913,4.992227104649578
0.0,DC2-HRG5-3,5.812143025366289,7.731583043960455
0.0,DC2-HRG5-3,5.150681690841383,7.822680943376655
0.0,DC1-HRG2-4,4.266638259637095,6.27122055930914
0.0,DC1-HRG2-2,3.57830448654128,5.833942809888791
0.0,DC1-HRG2-3,4.84610309420352,7.461165801907088
0.0,DC2-HRG5-1,6.333650480641591,7.686722195522567
0.0,DC1-HRG2-6,6.217779785069739,9.203415639103795
0.0,DC2-HRG5-5,8.745528018572276,10.526870020483749
0.0,DC1-HRG1-8,8.137564055821425,9.385992339691363
0.0,DC1-HRG2-2,7.599643469691913,9.446175582622384
0.0,DC1-HRG2-2,8.183399951045896,9.928167894269333
0.0,DC2-HRG5-2,9.873974004754151,11.99852160332367
0.0,DC2-HRG5-5,10.879887053191135,13.44305300209972
0.0,DC1-HRG1-4,9.963192730314567,11.40691160032063
0.0,DC1-HRG2-6,11.33267995493529,13.464340971289587
0.0,DC1-HRG2-2,11.040706707282666,12.791811954468908
0.0,DC1-HRG2-2,10.476640050314131,13.753260337998555
0.0,DC2-HRG5-5,14.102527499558771,16.315321333982496
0.0,DC1-HRG2-6,14.239966528413037,16.661163617913434
0.0,DC1-HRG2-3,13.485267378656786,14.936757740167607
0.0,DC2-HRG5-4,16.11822147336798,18.810837689088793
0.0,DC2-HRG5-4,15.38459229017738,16.906025249792307
0.0,DC2-HRG5-5,14.55257268169029,17.15560201963077
0.0,DC1-HRG2-6,14.094551085277413,16.96780309378417
0.0,DC1-HRG2-5,13.962107378632682,15.69030500646365
0.0,DC1-HRG2-3,15.52816474532242,17.12586436571506
0.0,DC2-HRG5-2,16.54769886622416,18.06621337518171
0.0,DC2-HRG5-2,17.422814124588438,19.884434800704415
0.0,DC2-HRG5-1,16.56113243678837,19.33289367161014
0.0,DC1-HRG2-6,16.00364690748292,18.44861033647825
0.0,DC1-HRG2-5,17.36192930546071,19.81830748895278
0.0,DC1-HRG2-5,17.319963205260468,20.41111075890914
0.0,DC1-HRG2-2,17.091228361341607,18.679768238629215
0.0,DC2-HRG5-2,22.00293862861983,23.604745539350706
0.0,DC2-HRG5-5,22.160216611718965,24.696963332716336
0.0,DC1-HRG2-8,22.10404990757681,23.955535920917853
0.0,DC1-HRG2-2,22.135586965482254,24.105561020562025
0.0,DC1-HRG1-6,24.398187293693432,26.125137854836794
0.0,DC1-HRG1-3,25.597541854322042,27.39599241914132
0.0,DC1-HRG1-5,27.010459005588444,28.404746912670188
0.0,DC1-HRG2-2,28.60075757156166,30.884235443887697
0.0,DC1-HRG2-5,28.750565577793743,30.76791521599538
0.0,DC1-HRG2-1,30.481958077868086,32.586148347476396
0.0,DC1-HRG1-6,30.359389623215453,31.96892930968754
0.0,DC1-HRG2-5,30.56278107935723,33.44501670445049
0.0,DC1-HRG2-4,30.161895134131537,32.689770223494385
0.0,DC1-HRG2-2,30.525515487894168,33.68352920063945
0.0,DC1-HRG2-5,31.92254912030957,34.31859834247124
0.0,DC1-HRG1-8,32.572890088532546,35.974111700192886
0.0,DC2-HRG5-2,34.21498468047929,37.24611827323442
0.0,DC1-HRG1-4,34.967028899700736,38.29219390900789
0.0,DC1-HRG2-2,34.539042634870825,37.529373819220034
0.0,DC1-HRG2-5,37.54138263804969,39.82827093032809
0.0,DC1-HRG2-5,37.93858226892367,40.832492136617745
0.0,DC1-HRG2-2,36.9591221958797,38.35751848552572
0.0,DC1-HRG2-3,42.29131241629204,43.650086318741494
0.0,DC1-HRG1-5,42.78664882012946,44.73529747719582
0.0,DC2-HRG5-5,44.6033818291646,46.69338422626341
0.0,DC1-HRG2-3,44.310916813650515,45.78348789134672
0.0,DC1-HRG2-8,46.58868511283277,48.9263798901431
0.0,DC1-HRG2-7,46.779462614675246,49.748010951175466
0.0,DC1-HRG2-6,45.890894983685925,47.52841090049127
0.0,DC1-HRG2-1,47.370925159314226,48.870851589447796
0.0,DC1-HRG1-4,49.201502171795006,51.94052011554187
0.0,DC1-HRG2-7,49.06910849471314,51.88695719464768
0.0,DC2-HRG5-2,51.56417029824082,53.04188779454264
0.0,DC1-HRG2-1,52.85747426299257,54.70541408832038
0.0,DC1-HRG2-6,52.33928814711964,54.53892192565215
0.0,DC1-HRG2-6,52.260753108699134,53.90373054239802
0.0,DC2-HRG5-4,54.45453241206853,56.33635086065846
0.0,DC1-HRG2-6,53.70574650689464,55.75182256096159
0.0,DC2-HRG5-6,55.44190514360116,57.196854477633174
0.0,DC1-HRG1-3,55.056131365740896,56.748322637109055
0.0,DC1-HRG2-8,56.360980673899206,58.47283892449474
0.0,DC1-HRG1-2,59.46381781954931,61.32957242819925
0.0,DC2-HRG5-6,61.64637212884007,64.1430880573131
0.0,DC1-HRG2-2,61.1423784570674,63.42443593955418
0.0,DC2-HRG5-6,62.88207743391846,64.89998038207742
0.0,DC1-HRG1-4,62.00397262746921,63.80210647507119
0.0,DC1-HRG2-1,63.01755396736646,64.49971528270935
0.0,DC1-HRG2-3,63.834423889630216,65.30370892606807
0.0,DC1-HRG1-4,63.62937833746554,66.15849430126178
0.0,DC1-HRG2-4,66.07170182249946,68.76219845753958
0.0,DC1-HRG2-4,65.46553111922438,67.53215894774996
0.0,DC1-HRG1-6,64.94441373908568,66.66258399964666
0.0,DC1-HRG2-1,66.58621970395829,68.45686297149186
0.0,DC1-HRG2-8,66.4575784243729,68.36236887496898
0.0,DC2-HRG5-4,70.06994456459323,72.7552245529474
0.0,DC2-HRG5-2,70.17627969217708,71.62003422968613
0.0,DC2-HRG5-1,72.79230878903878,74.70487577510531
0.0,DC1-HRG2-2,72.2741159949746,74.84126035557875
0.0,DC2-HRG5-1,74.02938395104742,75.45872232878344
0.0,DC1-HRG1-7,73.74595824960878,75.42142917564685
0.0,DC1-HRG2-5,74.64867282921291,76.4872866310907
0.0,DC1-HRG2-4,74.23070501782405,76.22823843593522
0.0,DC2-HRG5-6,75.9073897914613,77.85128636136783
0.0,DC2-HRG5-1,75.78974799922565,79.17317776953037
0.0,DC1-HRG2-1,75.49201612028611,77.3144141064909
0.0,DC1-HRG2-4,76.02011183124004,78.09481762818866
0.0,DC1-HRG1-1,77.16348219467501,79.52137520972393
0.0,DC1-HRG2-3,78.25313447363065,79.98462699046136
0.0,DC1-HRG2-2,80.90502739996711,82.67601384597982
0.0,DC1-HRG2-3,80.16471442706971,81.78913635904229
0.0,DC1-HRG1-1,79.2782464558608,81.8304571334001
0.0,DC1-HRG2-3,80.29477689874201,83.53323546381426
0.0,DC1-HRG2-1,80.37402247619681,83.26608829970569
0.0,DC1-HRG2-3,83.36732916244662,85.25081556044852
0.0,DC1-HRG2-6,88.01001834599319,90.30908881331347
0.0,DC1-HRG2-4,87.34915737707264,89.37850540790105
0.0,DC1-HRG2-7,89.89176713279593,91.75537187987554
0.0,DC1-HRG1-5,90.07079611551121,92.19246043364082
0.0,DC1-HRG2-4,93.01401407319895,94.99061448273439
0.0,DC1-HRG2-3,95.90485603657174,97.42293419585513
0.0,DC1-HRG1-8,100.23234946003518,103.70724707043566
0.0,DC1-HRG2-4,99.65126625359196,101.36605912549075
0.0,DC1-HRG2-5,100.14641797465228,102.8920519453638
0.0,DC2-HRG5-4,101.38903899751315,104.57996893178002
0.0,DC1-HRG2-6,101.22416414895658,104.32645112023718
0.0,DC1-HRG2-5,100.7833850082421,102.3626583513236
0.0,DC1-HRG2-6,101.81371358353198,103.91884263472075
0.0,DC1-HRG2-6,100.9613266208505,102.71363470515664
0.0,DC2-HRG5-4,103.86959106777554,106.34102419418507
0.0,DC2-HRG5-3,103.31388006649316,106.038147538106
0.0,DC2-HRG5-2,103.80423214854757,105.14847719861393
0.0,DC1-HRG1-2,103.81700452139695,105.62765900772746
0.0,DC1-HRG2-3,103.7665833324451,105.64516429070277
0.0,DC2-HRG5-6,105.19041879603299,107.0319903815992
0.0,DC1-HRG1-2,105.60411673559518,107.76252400198928
0.0,DC1-HRG2-8,106.67748987460105,108.28750354043197
0.0,DC1-HRG2-5,106.61205599716932,108.80347577698912
0.0,DC1-HRG2-1,108.17654801491663,109.59039719071693
0.0,DC1-HRG2-2,108.02960277146677,110.72422591511922
0.0,DC1-HRG2-1,110.05712569555024,111.88305889816264
0.0,DC1-HRG1-8,110.4056217383468,111.65835628023929
0.0,DC1-HRG2-3,110.2370812259334,111.80121171101001
0.0,DC1-HRG1-5,110.218018097824,111.76254004737231
0.0,DC1-HRG2-5,112.74390831956516,114.94272360184738
0.0,DC1-HRG2-3,112.90951621093257,114.62702393299742
0.0,DC2-HRG5-4,114.89959007327467,116.59299047817979
0.0,DC2-HRG5-1,114.186048076588,116.16119107135202
0.0,DC1-HRG2-1,114.31850953737768,116.63994055894347
0.0,DC1-HRG2-3,113.98328863736569,115.55648720695083
0.0,DC1-HRG1-4,113.7246822518122,115.92871770228018
0.0,DC2-HRG5-6,116.39301349197473,118.01509848134549
0.0,DC1-HRG2-1,116.14933776199207,118.98066495573757
0.0,DC1-HRG2-2,116.50642559733119,118.26832146444676
0.0,DC1-HRG2-7,116.54794241830785,118.37661899693735
0.0,DC1-HRG2-6,115.61287646044909,117.34943040866169
0.0,DC2-HRG5-4,117.73427033906995,119.14943974171167
0.0,DC1-HRG2-1,116.77037450535084,118.38334599337502
0.0,DC1-HRG2-2,115.88873648339668,118.42577987570748
0.0,DC1-HRG2-4,117.81662433935551,119.96347079260632
0.0,DC1-HRG2-5,118.37017593242633,121.03065114187648
0.0,DC1-HRG2-4,117.96653643291575,120.28302513631265
0.0,DC2-HRG5-6,119.88082652004515,121.45200986877771
0.0,DC2-HRG5-2,119.5320356341701,121.22366153162415
0.0,DC1-HRG2-8,119.04521057289426,120.8956412726987
0.0,DC1-HRG2-8,120.37338615466481,122.04071004760279
0.0,DC1-HRG2-6,121.625879936839,124.3818194478623
0.0,DC1-HRG2-3,121.89345878352702,123.15508019261394
0.0,DC2-HRG5-2,123.42336376639066,126.03939971640195
0.0,DC1-HRG2-3,123.62581052439143,126.29631437837973
0.0,DC1-HRG2-1,123.22570658677597,125.11962633424959
0.0,DC1-HRG2-6,123.1319616491554,125.1771860388599
0.0,DC1-HRG2-6,123.06809270345045,124.49814563882357
0.0,DC2-HRG5-1,125.35391373865002,126.93171368153294
0.0,DC2-HRG5-1,124.89653900778018,127.51009225380402
0.0,DC1-HRG2-2,125.68756933912003,128.6401820057574
0.0,DC1-HRG1-1,127.65373160818393,130.02374249055816
0.0,DC1-HRG2-3,127.74387857199883,129.49767934171138
0.0,DC1-HRG2-8,129.30503978319,131.00475168711466
0.0,DC1-HRG2-5,129.38248695076385,131.0064476960404
0.0,DC1-HRG2-7,132.11595594816316,134.86595937327087
0.0,DC1-HRG2-3,134.1432444225403,136.2108859358864
0.0,DC1-HRG2-2,134.6657070967576,136.43725700904557
0.0,DC2-HRG5-5,136.80386523085332,139.25308776180307
0.0,DC1-HRG2-4,138.10690521911806,140.9225904203841
0.0,DC1-HRG2-4,137.40961054327687,139.43613357664114
0.0,DC2-HRG5-6,139.6116424172174,141.84939453480092
0.0,DC1-HRG2-6,140.87690330869435,144.00724488877964
0.0,DC1-HRG1-5,140.0170319405458,141.81537387443538
0.0,DC1-HRG2-7,142.56774740611732,143.82588068503367
0.0,DC1-HRG2-3,141.9474876543372,145.24471232252753
0.0,DC1-HRG2-3,141.61741414786422,143.09571064839645
0.0,DC1-HRG2-3,141.7218135318086,143.30403725819468
0.0,DC2-HRG5-2,143.75964940863324,146.69187111291924
0.0,DC1-HRG2-1,143.82468731326225,145.70506884671576
0.0,DC1-HRG1-3,143.699225095224,147.00518150239355
0.0,DC1-HRG1-5,142.9513978298262,144.80503138868912
0.0,DC1-HRG2-2,145.14443090380038,147.20165712040028
0.0,DC1-HRG2-7,145.63181081196169,147.2572600032228
0.0,DC1-HRG2-7,144.74308483335167,146.11323548906694
0.0,DC1-HRG2-6,144.64075341966594,146.4374494968271
0.0,DC1-HRG2-8,147.00346980575148,149.18586517208735
0.0,DC1-HRG1-6,147.02257053007938,148.7956339448612
0.0,DC1-HRG2-2,148.5999521501582,150.10787181438528
0.0,DC1-HRG1-8,149.7757066197551,152.64104449217436
0.0,DC1-HRG1-2,150.57460909222286,152.3564772872261
0.0,DC1-HRG1-4,149.5924956728771,151.34637378203772
0.0,DC1-HRG2-5,151.69961304021606,153.13597734065496
0.0,DC1-HRG2-6,150.7002838856214,153.02939837508893
0.0,DC1-HRG2-6,149.70146927263502,151.36608303307463
0.0,DC2-HRG5-5,152.39226616902494,154.47830085272216
0.0,DC2-HRG5-3,153.08013389527318,156.2694321304116
0.0,DC1-HRG2-1,153.0896147902433,155.09122478298266
0.0,DC1-HRG1-2,155.34880963244476,156.9851479688022
0.0,DC1-HRG2-6,156.2114829142945,158.05950752626057
0.0,DC2-HRG5-6,158.2413282884915,160.590370428831
0.0,DC1-HRG2-8,159.46900605864337,161.293214098549
0.0,DC1-HRG2-1,158.88683242711602,160.59223686382424
0.0,DC1-HRG2-2,158.31947303735993,160.263215228703
0.0,DC1-HRG2-4,159.1005940898794,161.2343845075235
0.0,DC2-HRG5-1,161.3527437352318,162.80252421982502
0.0,DC1-HRG2-4,161.1222009936765,164.11159332294878
0.0,DC1-HRG2-5,160.5455328186034,162.0981110949255
0.0,DC1-HRG1-4,160.8220331925385,162.79778000500394
0.0,DC2-HRG5-2,164.93490024987926,166.57911948268017
0.0,DC2-HRG5-1,164.46989231099934,166.3495475492676
0.0,DC1-HRG2-8,163.55431554995482,165.10693495967556
0.0,DC1-HRG1-1,165.81691854804956,167.84725757888108
0.0,DC1-HRG2-5,166.071107601433,168.37178110832104
0.0,DC1-HRG2-6,165.19575706270538,166.56664732819615
0.0,DC1-HRG2-2,165.391273796991,168.20039541796058
0.0,DC1-HRG2-1,167.12628561018363,169.32767860963335
0.0,DC1-HRG2-7,167.161572646024,168.58450660526304
0.0,DC1-HRG2-5,167.09100252779572,168.8344952918696
0.0,DC1-HRG2-8,170.58929036317537,172.23201638274503
0.0,DC1-HRG2-5,172.7291385357513,175.6922466579937
0.0,DC2-HRG5-6,173.99339105366641,175.71682623076487
0.0,DC2-HRG5-3,173.96986823882892,175.76953722481764
0.0,DC1-HRG2-4,174.5445134781432,176.76200824785684
0.0,DC1-HRG2-3,174.08889860111051,175.5624266948696
0.0,DC2-HRG5-2,177.4373429697277,178.7654539101464
0.0,DC1-HRG2-8,177.77811893678782,181.12496962228138
0.0,DC1-HRG1-1,178.2447258733571,180.5233747676271
0.0,DC1-HRG2-2,178.05957098679403,179.74199294946746
0.0,DC1-HRG2-6,177.78250969951856,179.45320465878441
0.0,DC2-HRG5-1,179.09561183586774,180.69288799014075
0.0,DC2-HRG5-3,179.98628290199284,183.33928181433743
0.0,DC1-HRG2-1,180.1444313528557,182.19741481588807
0.0,DC2-HRG5-6,182.76779496265863,184.3773814634192
0.0,DC2-HRG5-5,183.08803993111783,185.85420429972515
0.0,DC1-HRG1-8,184.17535037423914,186.31862912139556
0.0,DC1-HRG1-8,184.36997248454546,186.99071703913705
0.0,DC1-HRG1-4,184.3961360182974,186.27645048255238
0.0,DC1-HRG2-1,186.00491100721112,187.76528787476093
0.0,DC1-HRG2-6,185.74004669338964,187.17585232426654
0.0,DC1-HRG2-5,187.225579821611,189.49566987844585
0.0,DC1-HRG2-1,188.01584869658646,191.29376121155798
0.0,DC2-HRG5-5,189.14694589224064,191.3754947572208
0.0,DC1-HRG1-5,189.0431478447371,191.51041248708887
0.0,DC1-HRG2-4,188.7621032324158,190.96281017759253
0.0,DC2-HRG5-4,190.66655259722097,193.01209707379377
0.0,DC1-HRG2-2,190.7226546559185,192.5318128824226
0.0,DC1-HRG2-4,191.07883854524624,192.92574288870225
0.0,DC2-HRG5-6,193.51555169098714,195.33057946392105
0.0,DC2-HRG5-6,193.0940713718077,194.43915388108104
0.0,DC1-HRG1-8,193.80216370237488,195.07878076478713
0.0,DC1-HRG2-5,194.11417305439008,197.1102948424487
0.0,DC1-HRG2-6,193.65712626548557,195.2376644589284
0.0,DC2-HRG5-2,195.27771744253928,198.36824660458834
0.0,DC1-HRG1-8,196.56704416255613,198.2661274967182
0.0,DC1-HRG1-1,197.875452464462,200.20685054474868
0.0,DC1-HRG2-8,196.99741975861986,198.89830662148984
0.0,DC1-HRG2-2,196.3801895440129,197.86958792824208
0.0,DC1-HRG2-8,195.92389712108093,197.81221172098296
0.0,DC1-HRG2-4,195.8586208052937,197.9202536726101
0.0,DC2-HRG5-1,202.3576576585882,205.24749325600388
0.0,DC1-HRG2-8,201.99922785411138,204.15930354828356
0.0,DC1-HRG1-6,201.19869889861698,203.23939813374514
0.0,DC1-HRG1-7,202.2880597332119,204.81543775857529
0.0,DC2-HRG5-2,203.42634796545514,205.30683096802866
0.0,DC1-HRG1-8,203.6408052576496,204.9339086467224
0.0,DC1-HRG2-8,202.70702096751296,204.7523959837103
0.0,DC2-HRG5-5,205.55359205324658,207.8672015051162
0.0,DC1-HRG2-1,205.54976752020232,206.97199127419233
0.0,DC1-HRG2-3,205.66535101966136,207.29927816020327
0.0,DC2-HRG5-3,208.10307989305429,210.2894593190383
0.0,DC1-HRG1-2,208.91674515217022,211.16915283420462
0.0,DC1-HRG2-3,209.4630690128739,212.872686169441
0.0,DC1-HRG1-7,211.22212455684624,213.74780264413292
0.0,DC1-HRG2-2,212.1150001106296,213.54957434336103
0.0,DC1-HRG1-5,212.86339939174718,214.79432172452795
0.0,DC1-HRG2-1,213.99288185023653,216.01660123727686
0.0,DC1-HRG2-8,214.40273959048525,216.2527707394841
0.0,DC1-HRG2-7,213.92323228326643,217.06012884676875
0.0,DC2-HRG5-3,216.12388034978028,217.87030616492353
0.0,DC1-HRG2-3,215.29481147155158,217.91429184639154
0.0,DC1-HRG2-2,217.04314101606096,220.391017693379
0.0,DC1-HRG2-5,216.64875054973703,218.58622907385126
0.0,DC2-HRG5-2,218.3413221208565,221.6244336442299
0.0,DC1-HRG2-8,218.95826996966363,220.64427970176098
0.0,DC1-HRG2-6,218.38083335623548,220.52622868467293
0.0,DC1-HRG2-1,220.16310343321095,221.62203231654527
0.0,DC1-HRG2-7,219.4082531316082,220.97555059040224
0.0,DC2-HRG5-3,221.16891235692094,223.79509305151876
0.0,DC2-HRG5-6,222.07293715579368,224.0465563541279
0.0,DC2-HRG5-3,222.10986285765142,224.0164313209234
0.0,DC2-HRG5-6,222.70940296474822,224.87541114343847
0.0,DC1-HRG2-2,223.13548791702038,225.88974419711948
0.0,DC1-HRG1-7,224.17807929906013,226.27104997701392
0.0,DC1-HRG1-2,223.45230515755895,224.9113797615349
0.0,DC1-HRG2-6,225.2770077202129,227.2409434624062
0.0,DC1-HRG2-2,226.42671489527999,228.9603672270092
0.0,DC1-HRG1-5,228.60919182630226,231.07274096997617
0.0,DC1-HRG2-5,227.90178231824484,229.62427368015153
0.0,DC1-HRG2-6,227.9986204648854,230.27120088419326
0.0,DC1-HRG2-2,227.41496170414524,230.67060005011766
0.0,DC2-HRG5-4,231.7109904893239,233.64042907236384
0.0,DC2-HRG5-1,231.08539363925166,233.42821040446532
0.0,DC1-HRG2-4,230.28289245759933,232.13332608956242
0.0,DC2-HRG5-2,231.28496245878245,234.0702198399757
0.0,DC2-HRG5-3,234.32330018695137,236.1713960819096
0.0,DC1-HRG2-3,234.80168485496952,237.7459489890928
0.0,DC2-HRG5-2,235.82161986083963,237.56240207338863
0.0,DC1-HRG2-7,237.8164739537574,239.51369300698715
0.0,DC1-HRG1-1,237.2007357909178,239.882313473974
0.0,DC1-HRG1-4,237.0210916471264,238.86151950606782
0.0,DC2-HRG5-2,239.2114595397522,240.82020590594897
0.0,DC2-HRG5-1,239.3737079151304,241.16691381445082
0.0,DC1-HRG2-4,239.600990227137,242.11275363305822
0.0,DC1-HRG2-6,239.0442992683469,240.75195103863328
0.0,DC2-HRG5-5,242.4195615167402,244.20642580270007
0.0,DC1-HRG2-3,242.11157169016545,244.74680573910445
0.0,DC1-HRG1-3,243.4668404545063,244.9845565192473
0.0,DC1-HRG2-1,245.22610831969106,247.8033795638455
0.0,DC2-HRG5-6,249.61652262754976,251.78066869893783
0.0,DC2-HRG5-4,249.50822325908385,252.5626353663297
0.0,DC1-HRG2-5,250.8026766859621,252.76567557564027
0.0,DC2-HRG5-2,253.43017203557255,254.887306833212
0.0,DC2-HRG5-3,252.7482789084109,254.57823168939842
0.0,DC1-HRG2-7,252.13849461447148,253.88364353140477
0.0,DC1-HRG2-2,252.14907043168387,254.01083572450872
0.0,DC1-HRG2-3,252.512390975212,254.29048493330018
0.0,DC2-HRG5-3,255.55182479020291,258.1210721760094
0.0,DC1-HRG1-8,254.91971674570752,257.15305220718363
0.0,DC1-HRG2-8,254.50304748053406,255.8753765268924
0.0,DC2-HRG5-2,256.33959636934236,259.2983915467032
0.0,DC1-HRG1-4,257.63849759197126,260.36494228423703
0.0,DC1-HRG1-7,257.9960854376205,260.0725748930176
0.0,DC1-HRG2-6,259.60557343905276,261.0901090043991
0.0,DC1-HRG2-6,258.81796922469863,260.16852181610307
0.0,DC2-HRG5-5,261.5079714176026,263.3272246117452
0.0,DC1-HRG2-4,261.0920845258717,263.37912735741236
0.0,DC1-HRG2-3,260.9534992936433,264.0008494960335
0.0,DC1-HRG2-2,263.6987191559864,266.10959936514803
0.0,DC1-HRG2-5,262.9114650582966,265.3326618141813
0.0,DC1-HRG1-6,264.0408134745503,266.52525490997357
0.0,DC1-HRG2-6,265.57408705570975,266.89321681161283
0.0,DC1-HRG1-1,268.10633888619043,271.22909974767776
0.0,DC2-HRG5-1,269.5081924190265,271.1577018997576
0.0,DC1-HRG2-6,270.077392408962,272.99253265091096
0.0,DC2-HRG5-6,272.8845422336862,274.6340307178015
0.0,DC1-HRG2-4,272.9248565614426,275.3143360614177
0.0,DC1-HRG2-7,275.12436683744806,276.5727714110036
0.0,DC2-HRG5-3,277.8313440766691,280.5595943686269
0.0,DC2-HRG5-5,277.1783901080635,280.118819996196
0.0,DC1-HRG2-7,276.2679040443943,278.8654338682973
0.0,DC1-HRG2-2,276.23230973389735,278.6162198881826
0.0,DC1-HRG2-1,279.4059363324124,280.8704180311263
0.0,DC1-HRG2-6,278.79411089497313,280.41925975189764
0.0,DC2-HRG5-1,280.6768568205264,282.27599144207943
0.0,DC1-HRG2-4,280.0022078755789,282.1600117721648
0.0,DC1-HRG2-7,281.1838594417341,282.6330589449589
0.0,DC1-HRG1-2,281.29643583280057,283.6796030582519
0.0,DC2-HRG5-5,283.6740343591504,285.6936923965803
0.0,DC1-HRG2-7,283.45940992982935,285.1773759741708
0.0,DC1-HRG2-5,284.81658364081204,286.25398355540375
0.0,DC1-HRG2-4,284.0700693867251,286.60891874948265
0.0,DC1-HRG2-6,285.32534886229405,288.2304525712978
0.0,DC1-HRG1-8,286.580361461564,288.0754324676336
0.0,DC1-HRG2-6,287.2801393779438,289.4830874552033
0.0,DC1-HRG2-1,289.04533342891904,290.48791817798946
0.0,DC1-HRG2-2,288.94463137611973,290.96839851788496
0.0,DC2-HRG5-6,291.17398264052116,292.7410693749363
0.0,DC1-HRG2-2,293.0399193091602,295.1153903078563
0.0,DC2-HRG5-2,295.9767399632885,298.4886322963013
0.0,DC2-HRG5-6,296.0085502771657,298.0703518720047
0.0,DC1-HRG1-6,296.3858091666117,298.5288230532803
0.0,DC1-HRG1-2,299.46128722764905,302.2275018518895
0.0,DC2-HRG5-4,300.6999979555793,302.2892930006027
0.0,DC1-HRG2-8,301.4444787888636,303.5564680530555
0.0,DC1-HRG2-7,301.0223211921323,302.6771832677755
0.0,DC1-HRG1-3,301.9027378417135,303.48655840001214
0.0,DC1-HRG2-4,300.95639908885056,302.5735768134491
0.0,DC1-HRG2-1,301.98264667754563,304.30222258910595
0.0,DC2-HRG5-5,303.4108233743143,305.3767622501487
0.0,DC2-HRG5-2,304.54538650858615,306.2846068419979
0.0,DC2-HRG5-4,303.99734518031846,305.7105613823809
0.0,DC1-HRG2-3,303.6026094208037,305.21915268204475
0.0,DC1-HRG1-1,306.0527189068423,308.41245366636645
0.0,DC1-HRG1-1,305.2325009639542,307.0966275833922
0.0,DC1-HRG2-4,306.8021475189798,308.83931088796123
0.0,DC1-HRG2-3,309.48645705591844,312.7542835536766
0.0,DC1-HRG2-4,310.40661863232793,313.0849670832465
0.0,DC1-HRG1-8,309.7557197904297,312.55628090101266
0.0,DC1-HRG2-2,311.7376210513404,313.3103944060872
0.0,DC1-HRG1-7,311.19992909313834,313.9047505106829
0.0,DC1-HRG2-2,310.76086312398286,313.1088292602019
0.0,DC1-HRG2-2,312.08887066570986,314.6917828773403
0.0,DC1-HRG2-8,314.56549640553163,316.26639587100294
0.0,DC1-HRG2-2,314.88277669261976,316.5059914865986
0.0,DC1-HRG1-3,315.66194930478105,317.5196061078687
0.0,DC2-HRG5-2,317.4119181744002,319.23488111967794
0.0,DC2-HRG5-6,316.7538456671846,318.7593691098569
0.0,DC1-HRG2-3,318.63608210658873,320.60229290288663
0.0,DC1-HRG1-4,318.9664820708974,320.7956823008455
0.0,DC2-HRG5-6,322.07505489742437,323.7324707084403
0.0,DC1-HRG1-5,321.2733888583066,323.1984293772088
0.0,DC1-HRG2-3,322.6588267854735,324.26569514186957
0.0,DC1-HRG2-7,322.7100574441032,324.8356899907953
0.0,DC1-HRG2-6,322.6231417399948,324.7172427904462
0.0,DC2-HRG5-1,324.3529096744578,326.61623708099745
0.0,DC1-HRG2-4,323.72679305580556,325.5538057142447
0.0,DC2-HRG5-5,326.14286098388357,328.1420847656136
0.0,DC1-HRG2-2,325.71549485405535,327.54194326747177
0.0,DC1-HRG2-6,327.61260822295674,330.008532078505
0.0,DC1-HRG1-5,328.72565551664593,331.372658510726
0.0,DC2-HRG5-6,330.69797635927176,332.25934400005127
0.0,DC1-HRG2-2,330.03738898442515,332.9695215766871
0.0,DC2-HRG5-5,333.89222054923493,335.5298315186512
0.0,DC2-HRG5-1,333.21560875994095,335.2173515727404
0.0,DC1-HRG2-7,332.26662727789244,334.99466044961576
0.0,DC1-HRG2-6,336.08844144609253,338.0005101109363
0.0,DC1-HRG2-7,335.16891412230143,338.03767180704193
0.0,DC1-HRG1-8,336.4755051677392,338.24165369444586
0.0,DC1-HRG2-4,336.44380398596104,338.0587772074293
0.0,DC2-HRG5-6,338.40959943632015,340.28041205472204
0.0,DC1-HRG2-3,340.5830272791044,342.0854961209465
0.0,DC1-HRG2-3,340.837974508329,342.394763034584
0.0,DC2-HRG5-3,342.73227188843015,344.914038419367
0.0,DC2-HRG5-4,344.50002343442577,346.6501600826727
0.0,DC1-HRG2-1,343.56424706473535,346.43770177596434
0.0,DC1-HRG1-7,345.03366534071785,347.7206955942603
0.0,DC1-HRG2-1,344.29388905161613,347.3973137617849
0.0,DC2-HRG5-2,348.0425057138117,349.7403600537563
0.0,DC1-HRG2-4,349.62320450165623,352.21019127400314
0.0,DC1-HRG2-3,349.73491447328036,352.3612375834246
0.0,DC1-HRG2-8,350.0954706343578,351.68225100581145
0.0,DC1-HRG2-1,349.34761189760576,352.42989463056193
0.0,DC2-HRG5-2,350.8999269892603,352.30557736360487
0.0,DC2-HRG5-6,352.2413680425879,353.88075502405883
0.0,DC1-HRG1-2,352.1961960460598,354.6327095283835
0.0,DC2-HRG5-4,353.76989480094596,356.3091184854415
0.0,DC1-HRG2-4,354.3747795360117,356.03604790502567
0.0,DC1-HRG1-8,356.40135078536,358.0376592651598
0.0,DC1-HRG1-5,355.8976956154427,357.6001899096641
0.0,DC1-HRG2-3,356.9385479979622,359.70004294783297
0.0,DC1-HRG2-6,357.51200628928217,359.6515463199871
0.0,DC2-HRG5-3,358.5306817602443,360.9979903809011
0.0,DC1-HRG1-4,359.07935710023986,361.20701550517697
0.0,DC1-HRG2-3,362.22806188266736,364.0349102733298
0.0,DC1-HRG2-7,363.4204927285033,365.13848587423496
0.0,DC1-HRG2-4,364.79696627839365,366.91331609979926
0.0,DC1-HRG1-5,364.59763242802103,367.58967210300915
0.0,DC1-HRG2-5,366.1984723184786,369.04931198540504
0.0,DC1-HRG2-8,367.53014978805345,369.11465601262336
0.0,DC1-HRG1-3,366.95775214388397,368.829585776174
0.0,DC1-HRG2-6,367.76112543154795,370.6922587631429
0.0,DC1-HRG1-5,369.2191089454982,370.6132439452363
0.0,DC1-HRG2-4,368.43769919274786,370.8143014565464
0.0,DC1-HRG1-8,370.2080035646434,371.52416243065835
0.0,DC1-HRG1-5,370.725217538326,373.15162229474373
0.0,DC1-HRG2-5,370.1150323004571,371.7966763078131
0.0,DC1-HRG2-3,374.6291069236242,376.275914055524
0.0,DC1-HRG1-5,373.74670225450717,375.2970859075307
0.0,DC2-HRG5-5,375.0543643479624,376.682011155368
0.0,DC1-HRG1-3,374.90275479856376,377.0555067124986
0.0,DC1-HRG2-8,374.37707155161087,376.43068455440556
0.0,DC1-HRG2-4,377.4866533002424,380.1015073880235
0.0,DC1-HRG1-2,376.72788612947886,379.17669296097074
0.0,DC1-HRG2-4,378.26754972763825,380.34116011535
0.0,DC2-HRG5-4,379.62803601423167,381.1459737192406
0.0,DC2-HRG5-3,380.61495332804424,383.6460774899206
0.0,DC2-HRG5-1,380.5742464220284,383.0848354493416
0.0,DC1-HRG2-6,380.1064388886122,381.9267472177237
0.0,DC1-HRG2-2,379.5472977386911,382.07402100823685
0.0,DC1-HRG2-3,380.8431408912978,382.66243548388167
0.0,DC2-HRG5-6,383.6734054471839,385.5777065106995
0.0,DC2-HRG5-6,384.28811128228807,386.274670537112
0.0,DC2-HRG5-3,384.93424461670827,387.22703329472455
0.0,DC2-HRG5-4,384.4792390886098,386.4755014238917
0.0,DC1-HRG2-2,383.5021357914295,385.7978042312727
0.0,DC1-HRG2-7,384.10444907128874,385.6480336580448
0.0,DC1-HRG2-8,386.26134043607584,388.19399480027
0.0,DC1-HRG2-1,385.46876140977577,387.65641729322454
0.0,DC1-HRG2-5,385.30303900037575,386.9873359324896
0.0,DC1-HRG1-4,385.8802111579015,388.2272824822817
0.0,DC1-HRG2-1,387.32687514580607,389.33705643172306
0.0,DC2-HRG5-4,388.4757347113183,390.76743354611534
0.0,DC1-HRG2-4,388.33424094896736,390.60833839300267
0.0,DC1-HRG2-7,388.6788888745484,391.69453658001123
0.0,DC1-HRG1-7,388.37328093725387,390.54501401361466
0.0,DC2-HRG5-1,390.2412117593021,392.556387748296
0.0,DC2-HRG5-1,390.7739218259665,393.7703980448562
0.0,DC1-HRG2-3,391.6907567676956,394.5032793346988
0.0,DC1-HRG2-1,391.54792572664866,393.54595286769575
0.0,DC1-HRG2-6,390.7741690128163,392.7209175696814
0.0,DC1-HRG2-3,392.4024131820777,393.82059273524936
0.0,DC2-HRG5-2,393.41786006144093,396.5447043413638
0.0,DC1-HRG2-1,394.3825207016178,395.9320885256929
0.0,DC1-HRG2-6,393.4393202860904,395.40495356188484
0.0,DC1-HRG1-8,394.6272669152983,396.90174251738136
0.0,DC1-HRG1-8,395.7093823093859,398.61162311160155
0.0,DC1-HRG2-4,394.78059696768526,396.3157390287385
0.0,DC1-HRG2-1,396.39134658231643,399.3624087210623
0.0,DC1-HRG2-8,397.39164286035,399.5435510215351
0.0,DC1-HRG1-8,399.3663609183708,401.199799850573
0.0,DC1-HRG2-3,399.01654470364133,401.75741359301526
0.0,DC1-HRG1-5,398.21448398962843,400.9212970466706
0.0,DC1-HRG1-6,398.1483856597489,400.01689340328056
0.0,DC1-HRG2-5,401.0815270564725,403.5035258950049
0.0,DC2-HRG5-3,402.3631151663243,405.3377390062109
0.0,DC1-HRG1-7,402.536321003805,405.2314328942313
0.0,DC1-HRG1-3,402.50325372098297,404.30994375271007
0.0,DC2-HRG5-3,404.03165686275844,406.9952247603227
0.0,DC1-HRG2-8,403.81558447283453,405.4179853411968
0.0,DC1-HRG2-2,403.2516768122091,405.0878053446584
0.0,DC2-HRG5-4,405.4992705303443,408.03982726283175
0.0,DC1-HRG2-5,405.0849764630905,407.7417518876547
0.0,DC2-HRG5-4,406.5112011721245,409.03624377868715
0.0,DC1-HRG1-3,406.85448976470855,408.1639362555933
0.0,DC1-HRG2-5,407.20534686726523,409.61790168406384
0.0,DC1-HRG1-5,407.1420512700314,408.83310313251553
0.0,DC2-HRG5-1,408.54333225366327,410.3918370128805
0.0,DC2-HRG5-1,409.8414645617516,412.2181309337797
0.0,DC2-HRG5-3,408.9731588507377,411.42121537474054
0.0,DC1-HRG2-8,408.5578136215044,410.4277683072696
0.0,DC2-HRG5-2,411.4782200001703,413.2417482559679
0.0,DC1-HRG1-7,411.76898268508813,414.0289597275
0.0,DC2-HRG5-4,414.20997179278123,416.59842408579556
0.0,DC1-HRG2-1,413.72739820601674,415.3928379093442
0.0,DC1-HRG2-7,413.3251071140855,415.0078871165997
0.0,DC1-HRG1-5,413.01353155750047,415.5607208207713
0.0,DC1-HRG2-1,413.4572659521198,415.2603828219884
0.0,DC2-HRG5-4,415.14963085612703,416.6923697681554
0.0,DC1-HRG1-2,415.06781199350166,417.04755105568944
0.0,DC1-HRG2-2,417.0942157808985,418.7421709273565
0.0,DC1-HRG1-2,418.242054925046,419.65059881119026
0.0,DC2-HRG5-6,420.59117087976824,422.1342673446033
0.0,DC1-HRG2-8,419.6629689607867,421.2834760977825
0.0,DC1-HRG2-8,419.25370107458076,421.1371105972147
0.0,DC1-HRG1-5,421.8682348874754,424.69690834359903
0.0,DC1-HRG1-1,421.0513090157665,422.87523162463305
0.0,DC2-HRG5-3,423.10716413786554,425.81858316982067
0.0,DC2-HRG5-3,422.568220506339,424.91859128969685
0.0,DC1-HRG2-6,421.5690949658887,423.5963351596357
0.0,DC1-HRG2-5,423.61271877304995,425.3428840871473
0.0,DC1-HRG2-6,423.52239796093795,425.81413443295963
0.0,DC1-HRG2-6,426.1834932456327,428.04969304869127
0.0,DC1-HRG1-2,426.3907698320191,429.1187567100643
0.0,DC1-HRG2-3,427.83551670546404,430.925127364263
0.0,DC1-HRG1-2,428.5884454656537,430.07197749024147
0.0,DC1-HRG1-7,430.1494992684961,433.3403356977014
0.0,DC2-HRG5-1,431.4181699055147,433.88219107237165
0.0,DC1-HRG2-3,434.3876682221616,436.8954878922039
0.0,DC2-HRG5-6,435.7608494425958,437.5531022769645
0.0,DC2-HRG5-5,435.4612389197614,437.9802217493527
0.0,DC1-HRG2-4,435.86831579692125,438.11377302352264
0.0,DC1-HRG2-1,436.8900024680664,439.508260370155
0.0,DC1-HRG1-3,437.1085413214584,438.980685962527
0.0,DC1-HRG1-5,436.1143388464449,438.96126282161197
0.0,DC2-HRG5-1,439.14436651072117,441.0972030169493
0.0,DC1-HRG2-3,441.64668335365866,443.298379486607
0.0,DC1-HRG1-3,442.89778473479106,445.72605522374795
0.0,DC1-HRG1-3,442.90793046645393,444.7229277510735
0.0,DC1-HRG2-7,442.75800132459295,446.05057945814673
0.0,DC2-HRG5-6,444.6316146278455,446.7399586547332
0.0,DC1-HRG1-5,443.7726076773153,446.1122351972482
0.0,DC1-HRG2-1,445.06467589129124,447.3976055369888
0.0,DC1-HRG2-6,444.541416433528,446.4401546327084
0.0,DC1-HRG2-6,447.18748716330674,449.149935529314
0.0,DC2-HRG5-1,448.2734899609352,449.72742169577276
0.0,DC1-HRG1-8,449.10494261184186,450.8929287692922
0.0,DC1-HRG2-7,449.28368688592286,450.7597608670835
0.0,DC1-HRG2-2,450.109552476752,452.5954044127273
0.0,DC2-HRG5-2,452.31330412614744,454.0098871255919
0.0,DC1-HRG2-8,451.43576576966564,453.247726724442
0.0,DC1-HRG2-2,451.5114582343492,453.9625068552189
0.0,DC1-HRG2-3,453.4098058073377,455.89714220338584
0.0,DC1-HRG1-4,452.5854024096518,454.05603990357696
0.0,DC2-HRG5-4,454.4960876236894,456.9755514972358
0.0,DC1-HRG2-8,455.86544675141084,458.47971736441224
0.0,DC1-HRG2-7,461.49163388826287,463.39582041508777
0.0,DC1-HRG2-5,460.51264274409147,462.84200154576786
0.0,DC1-HRG2-3,460.29590160316326,461.88869817776435
0.0,DC1-HRG2-2,461.44010497999534,464.7648054786943
0.0,DC2-HRG5-6,462.6686160306147,464.365908536675
0.0,DC1-HRG2-5,462.7022759754322,464.31400079354825
0.0,DC1-HRG2-5,464.00326113829436,466.94383989105285
0.0,DC1-HRG1-7,464.96762154056546,466.53686195457624
0.0,DC2-HRG5-3,466.95417582429855,468.80546284845303
0.0,DC1-HRG2-4,467.26454494504907,469.7662478318248
0.0,DC1-HRG2-6,466.80832904922795,468.98591497899116
0.0,DC2-HRG5-1,468.56995925606816,470.8565258583595
0.0,DC1-HRG2-1,468.4044785473447,470.3523527333228
0.0,DC2-HRG5-2,470.44106986790575,471.80958777087056
0.0,DC1-HRG2-7,470.63769007568567,471.91826557340335
0.0,DC1-HRG2-6,469.68106624881955,471.94876630339314
0.0,DC1-HRG2-2,471.47160126109327,474.3602538669354
0.0,DC1-HRG2-7,473.71527472939664,475.41877925641484
0.0,DC1-HRG2-5,473.6432523616588,475.06628794318146
0.0,DC1-HRG2-3,472.77794687754425,474.24682351641394
0.0,DC1-HRG2-1,474.91713930451573,476.9136963754061
0.0,DC2-HRG5-2,478.96412926774065,480.55740136733334
0.0,DC1-HRG2-7,480.53134589981664,483.09952605170776
0.0,DC1-HRG1-5,481.7988856518906,484.0258418000173
0.0,DC1-HRG2-3,483.75618308066424,485.6752633835588
0.0,DC1-HRG2-1,489.12146542007144,490.77102119324445
0.0,DC2-HRG5-2,490.5645506703554,492.4831284648054
0.0,DC1-HRG1-1,490.8378477783188,492.2009304669243
0.0,DC1-HRG2-2,490.06422649106787,491.79211096143877
0.0,DC1-HRG2-1,492.1287320908974,495.07670294714086
0.0,DC1-HRG1-7,493.3109991687319,495.6962363235363
0.0,DC1-HRG2-7,492.52880873759557,494.0231922614134
0.0,DC2-HRG5-5,493.5662106252053,495.3915455934278
0.0,DC1-HRG2-2,493.0888231072417,496.3895225718936
0.0,DC1-HRG1-1,492.7044773322481,494.95450199280106
0.0,DC1-HRG2-8,494.1403481448093,495.7010720567644
0.0,DC1-HRG1-1,495.9628048592244,498.08022993446394
0.0,DC1-HRG2-1,497.3136423757962,499.2499779936313
0.0,DC2-HRG5-6,499.8487216278651,501.9633945329104
0.0,DC1-HRG2-6,499.6294956307058,501.77562152894006
0.0,DC1-HRG2-7,499.03046017136563,500.6484171227501
0.0,DC1-HRG1-6,498.8467934702232,500.9984577659428
0.0,DC1-HRG2-7,500.78266566845576,502.59556139046873
0.0,DC2-HRG5-5,501.9675260589818,503.83155540427447
0.0,DC2-HRG5-2,502.01770594128834,504.52327448835973
0.0,DC1-HRG2-4,502.04206023574005,504.30152079463517
0.0,DC1-HRG1-7,503.1710601551963,505.1322387437092
0.0,DC2-HRG5-4,505.7405358828413,508.25485898495964
0.0,DC2-HRG5-5,505.73603349913174,508.0800816231204
0.0,DC1-HRG2-7,504.8795875884419,506.1669868959015
0.0,DC1-HRG2-6,505.7276369020964,507.37470997033716
0.0,DC1-HRG2-5,507.86376947436275,510.5347162985988
0.0,DC2-HRG5-4,509.98707622530344,512.4347877561921
0.0,DC1-HRG2-2,509.4226726651175,512.0094971683421
0.0,DC1-HRG2-3,514.1866219997437,516.8689125517185
0.0,DC2-HRG5-6,516.3400701462252,517.9959527147239
0.0,DC2-HRG5-2,515.8844306973039,517.5702576446079
0.0,DC1-HRG2-4,515.7425959462873,518.2620996515107
0.0,DC1-HRG2-8,515.5678294339693,517.5476213206641
0.0,DC1-HRG2-6,514.8664283917245,516.3928007945794
0.0,DC1-HRG2-4,516.1635206391016,517.93803876572
0.0,DC2-HRG5-6,519.663595992307,521.6372195395584
0.0,DC2-HRG5-4,518.6837444597818,520.1420438998039
0.0,DC1-HRG2-7,517.7924766832302,520.5083401922454
0.0,DC1-HRG1-7,518.6153370965249,521.1377717376544
0.0,DC1-HRG2-1,520.4641117478498,521.9812830191701
0.0,DC1-HRG2-3,520.2372938011911,521.9298046002536
0.0,DC2-HRG5-4,522.3475010430502,524.5717327438218
0.0,DC1-HRG2-4,522.1150734900838,524.2880167585711
0.0,DC1-HRG2-4,522.3496585269359,524.3368272765327
0.0,DC1-HRG2-7,523.7385177707495,525.1816391716001
0.0,DC1-HRG1-5,525.2012463225329,527.6242815803912
0.0,DC1-HRG2-8,526.3364162377848,528.0897657706627
0.0,DC1-HRG2-4,526.1596408126163,529.1722925361087
0.0,DC2-HRG5-2,528.168201327481,530.8573411023175
0.0,DC1-HRG2-7,527.2181531858364,529.7392304314392
0.0,DC2-HRG5-4,529.8290295586643,532.7126180937761
0.0,DC1-HRG2-6,534.535115841927,536.564136388491
0.0,DC1-HRG2-7,534.3819745940509,536.0490805711163
0.0,DC1-HRG2-8,534.5948173397172,536.161766777287
0.0,DC1-HRG1-4,533.6591426521281,536.8267326437045
0.0,DC2-HRG5-2,536.262272160242,538.6090738589987
0.0,DC1-HRG2-8,535.4267489731814,537.6779406267381
0.0,DC1-HRG2-8,538.1527719932752,540.595194578685
0.0,DC1-HRG1-6,537.7972249467844,539.8400618428159
0.0,DC2-HRG5-2,539.4769351202608,541.7691714522308
0.0,DC1-HRG1-3,543.143670927613,544.6364838461772
0.0,DC1-HRG2-1,543.3363611340664,545.3752825257952
0.0,DC1-HRG2-4,542.6474348757041,544.752076019991
0.0,DC2-HRG5-4,544.6407761369742,546.6015665204787
0.0,DC2-HRG5-6,543.6764990958985,545.917701604666
0.0,DC1-HRG2-1,545.1804783058064,547.1818681510367
0.0,DC1-HRG2-5,544.9979146512809,547.8342916209891
0.0,DC2-HRG5-5,547.426337008829,549.4004578815182
0.0,DC2-HRG5-3,547.5264805833058,549.8331436259768
0.0,DC2-HRG5-1,549.8349232907481,552.6471866332524
0.0,DC1-HRG2-3,549.4225274688142,551.3309772981069
0.0,DC1-HRG2-3,550.8423467623843,553.063700113906
0.0,DC1-HRG2-5,550.0181271901776,552.1548122960141
0.0,DC2-HRG5-6,553.6391263712095,555.3025328615173
0.0,DC1-HRG2-7,553.9954809576727,556.7430184020357
0.0,DC1-HRG2-4,555.2658042266789,557.4670997703836
0.0,DC1-HRG2-2,555.2100290422013,556.9379730104682
0.0,DC1-HRG2-5,555.1570509244457,556.6250387415773
0.0,DC2-HRG5-2,556.4964832185211,558.406543220616
0.0,DC1-HRG1-1,556.7923270456207,558.9729562627966
0.0,DC1-HRG2-5,557.5109606540399,559.0373133597783
0.0,DC2-HRG5-3,558.844119733378,561.8567191333794
0.0,DC1-HRG2-2,557.9781634741205,559.6116015818728
0.0,DC2-HRG5-5,561.815109170089,563.6463953402217
0.0,DC2-HRG5-4,562.7555058923674,565.0292853715252
0.0,DC1-HRG2-2,561.9022853125813,563.9350714230492
0.0,DC1-HRG2-2,564.3173811356106,567.1819778968703
0.0,DC1-HRG2-1,565.1562616185499,566.8509249393956
0.0,DC1-HRG1-4,566.514253720931,568.5575101275123
0.0,DC2-HRG5-2,569.9793911774916,572.1049386133618
0.0,DC2-HRG5-3,569.6652741664657,571.7420255512312
0.0,DC1-HRG2-6,571.3808361938375,574.1587107678067
0.0,DC2-HRG5-5,572.6124092444428,574.3526310045249
0.0,DC2-HRG5-4,575.4702611209502,578.0712007322411
0.0,DC2-HRG5-2,574.8562337255147,576.2453511944897
0.0,DC1-HRG2-8,574.2807862083554,577.6426831869173
0.0,DC1-HRG2-8,574.4775570706956,576.3884334828585
0.0,DC2-HRG5-3,576.1741107328814,579.4144285691767
0.0,DC2-HRG5-3,577.4416700434624,580.0770182925683
0.0,DC1-HRG2-6,577.3465386029081,579.8469691594385
0.0,DC2-HRG5-3,578.5879818765413,581.740319403307
0.0,DC1-HRG2-8,578.807656166497,580.7277850086303
0.0,DC2-HRG5-2,580.6557370104916,582.6033420931736
0.0,DC1-HRG2-8,580.5586149212099,582.8436245542542
0.0,DC1-HRG2-3,579.5924393504655,581.5364548028286
0.0,DC1-HRG1-8,581.8411983325481,584.1444817396915
0.0,DC1-HRG1-1,582.21068058779,584.4053020892839
0.0,DC1-HRG2-2,581.3084917309445,583.1339219326043
0.0,DC1-HRG2-7,582.4022428170051,584.1261439281117
0.0,DC1-HRG2-3,583.8090086099743,585.6779846854092
0.0,DC1-HRG2-5,583.9535932314711,585.4101196923077
0.0,DC1-HRG2-1,583.4375746578893,585.8170771158683
0.0,DC1-HRG2-8,585.2321680238975,586.5929790186941
0.0,DC1-HRG1-1,587.4171526174471,589.8069392606689
0.0,DC1-HRG2-6,586.676004843024,588.5039925227534
0.0,DC2-HRG5-6,589.2868246923175,591.8417151777056
0.0,DC1-HRG2-5,589.4666690305758,591.2141720362923
0.0,DC1-HRG2-4,588.955685631496,591.2664449681239
0.0,DC1-HRG2-3,590.5244546013665,592.5893527775414
0.0,DC2-HRG5-6,592.2635257663205,593.9661411106289
0.0,DC1-HRG2-3,592.1120638084119,594.6360477685093
0.0,DC1-HRG2-5,592.1332711061332,593.536277264374
0.0,DC2-HRG5-2,594.507608131374,595.8252028474711
0.0,DC2-HRG5-1,593.6850343343065,595.4703130927032
0.0,DC2-HRG5-6,595.8019233336511,597.7723512339035
0.0,DC2-HRG5-4,596.2675305853885,598.0914303559092
0.0,DC1-HRG2-8,595.3527890129487,596.9252614260876
0.0,DC1-HRG1-5,595.5208364413963,597.9584591913696
0.0,DC1-HRG2-1,596.9428478524532,598.3039125895488
0.0,DC1-HRG2-7,596.3425061965551,598.8953036219026
0.0,DC1-HRG2-3,599.8878140619684,601.4898399182549
0.0,DC1-HRG2-4,600.3448346603475,602.0526460940196
0.0,DC2-HRG5-4,601.7602736759841,603.6800071328065
0.0,DC1-HRG2-4,601.3775681241655,603.0803348535103
0.0,DC1-HRG1-4,602.3791611252402,604.8068798525785
0.0,DC1-HRG2-3,602.6607810425184,604.4060756978195
0.0,DC1-HRG2-1,605.0143958752295,607.0350409935735
0.0,DC2-HRG5-3,606.7426684261985,609.5562260622144
0.0,DC1-HRG2-6,606.2076050464601,608.0001706762047
0.0,DC1-HRG1-4,607.784057304319,609.7090804018854
0.0,DC1-HRG1-3,608.8705341879321,610.8704179456815
0.0,DC2-HRG5-5,609.8962958591878,612.9407265468044
0.0,DC1-HRG2-3,610.9351266281502,613.9550131304098
0.0,DC1-HRG1-4,610.790163809238,613.273160884356
0.0,DC1-HRG2-5,610.5099860015822,612.2846968570037
0.0,DC1-HRG2-1,612.1249789432774,614.631776052062
0.0,DC2-HRG5-1,613.4327760416475,615.4931841138678
0.0,DC1-HRG1-4,612.6386319840007,614.536351459542
0.0,DC1-HRG2-3,614.0462404345151,617.4046445194157
0.0,DC1-HRG2-5,613.7401470608648,615.5498031251053
0.0,DC2-HRG5-2,615.9710243752758,617.7102646200152
0.0,DC1-HRG1-3,615.1783640464714,617.0528610777945
0.0,DC1-HRG2-5,616.3796608570877,617.9508606127114
0.0,DC2-HRG5-1,617.4641564922385,619.1136553534109
0.0,DC1-HRG1-2,616.5556887732519,618.0422539620264
0.0,DC1-HRG1-6,617.4764591740304,619.6427495003422
0.0,DC2-HRG5-4,619.6118142500457,622.1903383106346
0.0,DC2-HRG5-2,621.6310408101423,623.3934123661135
0.0,DC2-HRG5-1,620.9858794317801,622.8209630531736
0.0,DC1-HRG2-1,620.15559909899,621.6840140470454
0.0,DC1-HRG2-1,622.1828945906697,623.5899694388094
0.0,DC1-HRG2-8,621.2189678051699,622.8356741228723
0.0,DC1-HRG2-7,622.7398124897904,624.3738936684618
0.0,DC1-HRG2-7,622.3158502495888,624.0817287303528
0.0,DC1-HRG2-2,622.5625504432444,624.0291115909243
0.0,DC2-HRG5-3,624.8887652628665,627.7130061454617
0.0,DC1-HRG2-3,625.7705197228634,628.1641983753008
0.0,DC2-HRG5-1,627.0321758060147,629.164629254519
0.0,DC1-HRG2-3,626.2183102710532,627.7031133512353
0.0,DC2-HRG5-2,629.80272682866,631.2375743446213
0.0,DC2-HRG5-5,629.9678704477996,631.8335791963522
0.0,DC1-HRG2-8,630.4151200523307,632.6025089123166
0.0,DC1-HRG1-7,630.0913589186442,632.2857824506806
0.0,DC1-HRG2-6,629.8930132046826,631.2943926374683
0.0,DC2-HRG5-1,631.5056887708786,633.3797110557255
0.0,DC1-HRG1-3,631.3645614665854,632.9680165965639
0.0,DC1-HRG2-5,630.9060155836822,633.9937468807161
0.0,DC2-HRG5-4,633.2914434274634,635.7418647195507
0.0,DC2-HRG5-2,633.569423138985,635.1105454104486
0.0,DC1-HRG2-4,634.3033816537704,636.4533018628043
0.0,DC1-HRG2-1,633.5360636956028,635.4500155958856
0.0,DC2-HRG5-3,634.6970331267127,637.6826903942632
0.0,DC1-HRG1-2,635.8677024909509,638.2293029757154
0.0,DC1-HRG2-7,637.023657270956,638.5808057166286
0.0,DC1-HRG2-8,639.0866187665632,641.7845857637719
0.0,DC2-HRG5-4,640.1730684763215,642.1558414986378
0.0,DC1-HRG2-8,639.5364757189366,641.4264398453122
0.0,DC1-HRG2-2,642.2300854240216,644.5317937487412
0.0,DC1-HRG2-6,641.326942121056,642.7954277934035
0.0,DC1-HRG2-6,641.8739687225653,643.9367616505963
0.0,DC2-HRG5-6,643.3808599916927,645.134825715576
0.0,DC1-HRG2-4,643.7231780339448,645.5021581288823
0.0,DC1-HRG2-7,643.1974041166823,645.2235316974759
0.0,DC1-HRG2-4,643.688113926555,645.2552842883476
0.0,DC2-HRG5-6,647.3049311174275,648.8294601677783
0.0,DC2-HRG5-5,646.6238691354238,648.4519544904883
0.0,DC1-HRG2-5,646.4467550708225,649.3047722080594
0.0,DC1-HRG1-3,646.5685044823383,648.482779616798
0.0,DC1-HRG2-6,646.4170364200385,648.6839737431203
0.0,DC1-HRG2-4,645.7709802453898,647.9159373918839
0.0,DC2-HRG5-5,648.934038591817,651.9089992086248
0.0,DC2-HRG5-6,652.1962505622043,654.0104635182274
0.0,DC2-HRG5-1,652.3092109854053,653.9380941367209
0.0,DC1-HRG2-4,652.7197654432581,655.3670454622358
0.0,DC1-HRG2-5,653.4402638073129,654.7517755836993
0.0,DC1-HRG2-5,653.4541681998016,655.1231437584786
0.0,DC1-HRG2-4,652.6248936462737,654.4242634610484
0.0,DC1-HRG2-1,654.3229220673043,656.6925591846233
0.0,DC1-HRG1-2,655.6951583333878,657.6786021639336
0.0,DC2-HRG5-4,658.2904275333558,660.6295071949145
0.0,DC1-HRG2-6,658.9436754422833,660.5143728754249
0.0,DC1-HRG2-4,658.3272811250984,660.4978270161537
0.0,DC2-HRG5-1,659.9820748407734,662.9794998274765
0.0,DC1-HRG2-3,660.3152456484416,662.1596715361519
0.0,DC2-HRG5-2,663.0898719920086,664.6398486416483
0.0,DC1-HRG2-7,662.8238235737006,664.0950495010015
0.0,DC1-HRG2-8,661.9512281492284,664.6057329837338
0.0,DC2-HRG5-1,665.817572965965,667.8246966814726
0.0,DC1-HRG2-8,665.1673037479082,667.0831472682678
0.0,DC1-HRG2-4,668.7535443236668,671.2862802114573
0.0,DC1-HRG2-4,667.7974272244438,669.6365301889382
0.0,DC2-HRG5-5,670.8627370268262,673.9113195119677
0.0,DC2-HRG5-2,672.1173929659076,675.4387867874158
0.0,DC1-HRG2-6,671.70727750876,673.4680784052123
0.0,DC1-HRG1-2,671.9052524584449,673.3082086413064
0.0,DC2-HRG5-5,675.4438710840677,677.1803064631366
0.0,DC2-HRG5-2,674.7824279443986,677.5091985290022
0.0,DC2-HRG5-1,675.1003016948463,676.740332942355
0.0,DC2-HRG5-6,674.4348839154399,676.9758808325163
0.0,DC1-HRG2-4,675.7909416395237,678.2291092077595
0.0,DC1-HRG2-2,675.1682671640558,677.6717823039529
0.0,DC1-HRG1-1,676.0768645694108,678.4583883473267
0.0,DC1-HRG2-7,676.0393307711902,678.2241563439339
0.0,DC1-HRG2-3,675.6841631174684,677.128816643702
0.0,DC1-HRG1-2,677.7149509770044,679.9403981203886
0.0,DC1-HRG2-3,681.0920860282074,682.5109165475021
0.0,DC1-HRG1-4,680.6020047667221,683.2226904232489
0.0,DC2-HRG5-1,683.0781242167328,684.8841279386119
0.0,DC1-HRG2-2,682.4739820572827,684.79270707219
0.0,DC1-HRG2-2,682.7854022457586,685.2556398435546
0.0,DC1-HRG2-1,683.9495381812952,685.9178809308975
0.0,DC1-HRG1-3,684.3488896846084,686.2972851742958
0.0,DC1-HRG1-8,683.9905066519577,686.9525332756783
0.0,DC1-HRG2-6,683.4997534917554,685.338701110927
0.0,DC2-HRG5-5,684.9558845084726,687.9036610941345
0.0,DC1-HRG2-2,684.5340325223204,686.3456839490516
0.0,DC1-HRG2-7,684.0079000829406,687.100252239722
0.0,DC1-HRG2-6,685.2597356537989,687.0195267368874
0.0,DC1-HRG2-3,685.4262679183444,687.0131702596559
0.0,DC1-HRG2-3,686.686899410443,689.1944408935365
0.0,DC1-HRG2-1,687.3558920962324,689.2562908755893
0.0,DC2-HRG5-4,690.9369013842185,692.7859624060243
0.0,DC2-HRG5-6,693.5452834007818,695.515762257485
0.0,DC1-HRG2-6,692.8418515183332,694.6437480202442
0.0,DC2-HRG5-5,694.1422594350647,696.7680136832391
0.0,DC1-HRG2-8,694.1492479958417,695.7360440750836
0.0,DC1-HRG1-3,694.0691409389634,695.5418628698275
0.0,DC1-HRG2-7,695.0090310581099,697.8595785900408
0.0,DC2-HRG5-2,696.9736247267585,698.4826665290981
0.0,DC1-HRG2-6,696.742936891005,698.7826200434667
0.0,DC1-HRG2-8,696.0322996909895,697.7633190617524
0.0,DC2-HRG5-3,698.4873741795902,700.4553250420682
0.0,DC1-HRG2-2,699.1053785348903,701.4340879358563
0.0,DC1-HRG2-1,700.1202783018003,702.5055608362574
0.0,DC1-HRG2-3,702.4516433876769,705.0596181292185
0.0,DC1-HRG1-6,701.641004341038,703.2351756675893
0.0,DC2-HRG5-3,705.3882072998091,707.8361575598916
0.0,DC2-HRG5-2,705.0457754345224,706.674435965647
0.0,DC1-HRG1-8,704.3748563830676,705.756901735103
0.0,DC1-HRG1-7,703.3901449927157,705.7218200022206
0.0,DC1-HRG2-7,705.2535752252533,706.7790226047127
0.0,DC1-HRG1-3,704.8299910087403,706.727801043842
0.0,DC1-HRG1-7,705.5285082148487,708.691391151363
0.0,DC1-HRG1-5,704.9862125388715,706.6563109548403
0.0,DC1-HRG2-3,706.3728091696269,708.9106085279991
0.0,DC2-HRG5-5,708.5987235736645,710.2847064627225
0.0,DC1-HRG2-1,708.6570242407068,710.4831418674539
0.0,DC1-HRG2-5,708.8239919023703,711.0935477806441
0.0,DC1-HRG2-1,707.9838599830301,709.9705993934447
0.0,DC1-HRG2-5,707.8621324913038,709.195591706845
0.0,DC1-HRG2-6,707.8521822371058,709.8504777958511
0.0,DC1-HRG2-6,710.7848420767534,712.6416409491478
0.0,DC1-HRG2-2,710.8685568626445,713.0510116021741
0.0,DC1-HRG1-5,709.9192866467399,712.8999145349255
0.0,DC1-HRG2-3,710.138429799927,711.5896987874365
0.0,DC1-HRG2-1,713.1474925610161,714.9855066995581
0.0,DC1-HRG2-1,714.3320208414252,716.0836759029135
0.0,DC1-HRG1-2,713.8875233817994,716.1424848391612
0.0,DC1-HRG1-3,713.3145142713141,714.8529094931455
0.0,DC1-HRG2-4,713.1651654737558,714.7272792533726
0.0,DC1-HRG2-7,715.3002432780245,717.1689119121819
0.0,DC2-HRG5-1,723.1944967660255,726.5978794102673
0.0,DC1-HRG1-6,722.6563744580092,724.7663511864863
0.0,DC1-HRG2-8,722.7885738843984,725.1838070970599
0.0,DC1-HRG2-6,722.4788427472371,725.3323731674075
0.0,DC2-HRG5-5,725.6732516947151,727.4636400424337
0.0,DC2-HRG5-4,725.450670841061,728.4583661474132
0.0,DC1-HRG1-7,725.4575215756979,728.1210648603069
0.0,DC1-HRG2-2,724.5139189372331,725.9867314087401
0.0,DC1-HRG1-8,726.7030334626854,730.1199965106599
0.0,DC1-HRG2-6,727.2751957925564,729.5410673250693
0.0,DC2-HRG5-2,729.2504304081127,730.8085489108179
0.0,DC2-HRG5-4,732.426654568526,735.0908858872205
0.0,DC1-HRG2-2,731.5148668616233,733.787459838654
0.0,DC1-HRG2-7,731.7706550242716,733.6066800386376
0.0,DC1-HRG2-8,731.3927927729263,733.0675593052354
0.0,DC1-HRG2-4,731.0797807864764,733.4948644800526
0.0,DC1-HRG1-5,732.1083964180575,734.2514752487177
0.0,DC1-HRG2-7,733.2950701646738,735.1247027381751
0.0,DC1-HRG2-5,732.6468089726594,734.5449326954819
0.0,DC1-HRG2-3,732.571891240294,734.3648622289095
0.0,DC2-HRG5-5,734.5418273043778,736.3813289862017
0.0,DC2-HRG5-6,734.8933283914774,736.9660146668363
0.0,DC1-HRG2-1,735.2064817534797,738.1925535287672
0.0,DC1-HRG1-3,735.5978363198936,737.6595749294592
0.0,DC1-HRG2-1,735.054121745693,738.163408916399
0.0,DC1-HRG2-5,736.6955155658292,739.3075267128289
0.0,DC2-HRG5-5,738.2537383210843,739.903918385556
0.0,DC2-HRG5-6,738.6747374270905,740.8671378256588
0.0,DC1-HRG2-3,737.8318115423274,740.1625068603777
0.0,DC1-HRG2-8,737.7845930812547,740.2043704927933
0.0,DC1-HRG2-1,738.2640552048155,740.5642467601917
0.0,DC1-HRG1-7,739.77109194693,742.5904285220942
0.0,DC1-HRG2-2,741.9488777348374,743.6740856572065
0.0,DC1-HRG2-6,742.2469639452705,743.6445395885497
0.0,DC1-HRG2-1,743.3190387068257,746.0065805429502
0.0,DC1-HRG2-2,743.3158876195415,745.1381736217887
0.0,DC1-HRG2-6,743.3145167405914,745.131974117107
0.0,DC1-HRG2-4,742.6141900617246,744.3270855830189
0.0,DC1-HRG1-7,744.5945603335415,747.1860943077238
0.0,DC1-HRG1-3,745.1137552806446,746.5879397069039
0.0,DC1-HRG1-4,745.3954956538454,748.0383577521709
0.0,DC1-HRG2-1,747.3575419807639,748.9960133600279
0.0,DC2-HRG5-5,748.6081227880843,751.1831367273026
0.0,DC1-HRG2-7,748.8981744442309,750.8465165069694
0.0,DC2-HRG5-2,750.8353208224785,753.1192147064943
0.0,DC1-HRG2-7,750.4247525327366,752.957551498647
0.0,DC2-HRG5-5,753.082541198288,755.9290308126895
0.0,DC1-HRG1-4,752.9963167536569,755.989946704944
0.0,DC1-HRG2-8,756.4045450618648,758.0026579191988
0.0,DC2-HRG5-3,757.4748460623441,760.330920470301
0.0,DC1-HRG2-3,757.6860604014878,759.5804200740793
0.0,DC1-HRG2-2,760.4002743177167,762.4407616962966
0.0,DC1-HRG2-7,763.116747283863,764.9837833779148
0.0,DC1-HRG2-2,763.3635383777877,765.8200768315166
0.0,DC1-HRG2-8,765.631466714426,767.2569411692762
0.0,DC1-HRG2-3,768.6233215142776,771.569255286097
0.0,DC1-HRG2-5,769.3170925570669,771.8560237816948
0.0,DC1-HRG2-3,768.9344002407586,770.9297579193873
0.0,DC1-HRG1-1,770.2891100322913,773.5641252875915
0.0,DC2-HRG5-6,771.5330914226898,773.1872196602766
0.0,DC1-HRG1-2,771.4086720351789,773.5511057551798
0.0,DC2-HRG5-1,773.118358765923,774.6756209479252
0.0,DC2-HRG5-4,776.9340006404889,779.5418922997604
0.0,DC1-HRG2-8,777.6550253419648,779.3293141844865
0.0,DC1-HRG2-5,776.871087209529,779.0527612525793
0.0,DC1-HRG2-1,776.1739936716135,778.3805434257656
0.0,DC1-HRG2-4,775.4325675086894,777.2700838211152
0.0,DC1-HRG2-8,777.677331786455,780.3192988142367
0.0,DC1-HRG2-3,777.0833595271968,778.9824158230235
0.0,DC1-HRG2-2,776.7043166575661,780.0145476098348
0.0,DC1-HRG2-8,779.7662153119112,781.9012774947921
0.0,DC1-HRG2-1,779.1780505356692,781.3559479056277
0.0,DC1-HRG2-5,778.8802427618458,780.2827787706815
0.0,DC1-HRG2-6,780.4180904869819,781.7830116907796
0.0,DC1-HRG1-4,783.6365544768521,785.0313949576622
0.0,DC1-HRG2-6,783.7083490185643,785.421072907273
0.0,DC1-HRG1-3,786.4682371792442,788.3680039152543
0.0,DC1-HRG2-4,785.770745878859,788.2269402524677
0.0,DC1-HRG2-4,789.3137697567522,791.7892539122314
0.0,DC1-HRG2-1,788.9289092489182,791.6586609503127
0.0,DC1-HRG1-4,788.5398854107052,790.2869032074348
0.0,DC1-HRG1-3,790.4522058876025,792.0923311967457
0.0,DC1-HRG2-8,791.9515565555699,794.2692651110038
0.0,DC2-HRG5-3,793.3726038379375,795.9331884431168
0.0,DC2-HRG5-1,794.3895126906584,796.355562839303
0.0,DC1-HRG2-1,794.6730326480654,796.1749934925807
0.0,DC1-HRG2-5,793.7490765232691,796.5050600376234
0.0,DC1-HRG2-3,795.6808577410553,797.9295333636263
0.0,DC1-HRG2-6,795.531899755655,797.138889550072
0.0,DC1-HRG2-6,794.8406627012403,796.379219259633
0.0,DC2-HRG5-4,796.7405047218398,798.6813997037499
0.0,DC1-HRG2-5,796.297245796172,798.5982364351955
0.0,DC2-HRG5-3,797.4604273218345,800.1736609669576
0.0,DC1-HRG2-8,797.8635020549139,800.0047580035697
0.0,DC2-HRG5-2,799.9058822775112,802.582769356965
0.0,DC1-HRG2-3,801.562151958581,804.0281385038999
0.0,DC1-HRG2-3,800.6883055177371,803.5413047384385
0.0,DC1-HRG1-8,802.4076301797428,805.0978499566623
0.0,DC1-HRG1-3,803.9563888895109,805.3430743107325
0.0,DC1-HRG1-8,803.7533541979208,805.1279932502794
0.0,DC1-HRG2-4,803.2450439163655,805.2247108213807
0.0,DC1-HRG2-6,805.0058739330102,806.5604677242857
0.0,DC1-HRG2-7,804.4614216493873,807.6326108713197
0.0,DC1-HRG2-2,807.0055118669933,809.2984605635804
0.0,DC2-HRG5-6,808.0420406397598,809.5665373446421
0.0,DC1-HRG2-3,807.1730226848899,808.9509698916515
0.0,DC1-HRG2-3,807.245110016524,809.0710168210092
0.0,DC1-HRG2-2,808.928141463713,810.8401557106569
0.0,DC1-HRG2-7,808.3861767380117,810.0090223808838
0.0,DC1-HRG2-5,808.3574179072639,811.0008592690252
0.0,DC2-HRG5-2,810.2328554907705,811.8478391201464
0.0,DC1-HRG2-1,809.5196432504436,811.3266694405116
0.0,DC2-HRG5-1,810.7588803017594,814.1922857281622
0.0,DC1-HRG2-4,812.2025545886684,814.8961140442727
0.0,DC1-HRG2-6,813.8643388134823,815.5875276462453
0.0,DC1-HRG1-7,816.6996931399227,818.9631879436669
0.0,DC1-HRG2-5,816.3013573110195,817.8732942395734
0.0,DC1-HRG1-1,816.6709049715962,818.2979493871903
0.0,DC1-HRG2-6,816.1028559221021,817.9041880004544
0.0,DC1-HRG2-6,815.7430915105091,817.4068156491702
0.0,DC1-HRG2-6,816.3092477740119,817.9578809480466
0.0,DC1-HRG2-7,818.0525714423823,819.6074008668436
0.0,DC1-HRG2-5,819.1941193537446,820.9465681153218
0.0,DC1-HRG2-3,820.3645013213212,822.760814400808
0.0,DC1-HRG2-7,819.7341439691896,822.8501620277111
0.0,DC1-HRG1-8,822.0924809162034,823.7515085360911
0.0,DC1-HRG2-1,823.3353031896668,825.5500795959194
0.0,DC1-HRG2-5,822.4462306800913,824.1951121417615
0.0,DC1-HRG1-7,824.3177596972527,826.2255427612728
0.0,DC1-HRG1-8,824.1229561598209,825.6699533551053
0.0,DC1-HRG2-2,824.9720291949272,826.3879018918391
0.0,DC1-HRG1-5,824.5749093757029,826.3946575446284
0.0,DC1-HRG2-3,826.018195220659,827.813289358369
0.0,DC1-HRG2-5,827.769862087024,829.566106533744
0.0,DC2-HRG5-4,828.8110589878763,830.6228727381147
0.0,DC2-HRG5-5,828.7732139376088,831.4974801936953
0.0,DC1-HRG2-4,829.1235423354881,831.1768132241584
0.0,DC2-HRG5-5,830.3691163692811,832.3612608926321
0.0,DC2-HRG5-3,833.1681047372375,835.7324618576005
0.0,DC1-HRG2-3,833.288263037977,835.0396658929939
0.0,DC1-HRG1-4,834.0696075168828,837.101430413166
0.0,DC2-HRG5-2,835.4818323425843,837.5383195826587
0.0,DC1-HRG2-2,836.5693272036947,839.3779600596614
0.0,DC1-HRG2-3,835.9190615596032,837.4255066734194
0.0,DC2-HRG5-5,838.1359597369666,839.8940100984427
0.0,DC1-HRG2-1,837.6753225601416,839.3530645076501
0.0,DC2-HRG5-6,839.225649653459,842.1372083638482
0.0,DC1-HRG2-8,839.0718812339423,841.3288843555528
0.0,DC1-HRG2-3,838.4203491097481,840.0820631138986
0.0,DC1-HRG2-3,837.6114514863292,839.0038638928447
0.0,DC1-HRG2-3,840.1124734974758,841.5624018661541
0.0,DC1-HRG2-4,842.2597336050956,844.8324896939396
0.0,DC1-HRG1-6,842.731515880479,844.8539099589582
0.0,DC1-HRG2-3,843.0482367429403,844.775476293779
0.0,DC2-HRG5-1,845.2992342636835,847.2126178744975
0.0,DC2-HRG5-2,846.3209757289621,848.4353790449999
0.0,DC1-HRG1-6,846.252417421793,848.8816628126356
0.0,DC2-HRG5-3,848.1362154030573,850.7785862573066
0.0,DC2-HRG5-1,847.2673767995532,848.8707290009249
0.0,DC2-HRG5-3,849.9810781155916,852.608619029909
0.0,DC2-HRG5-1,849.4836384524758,851.3173953131345
0.0,DC1-HRG2-8,850.3278151429797,852.6267965577351
0.0,DC1-HRG2-1,849.9047570203146,851.2448031893276
0.0,DC1-HRG2-1,849.4182213738881,851.5346237718412
0.0,DC2-HRG5-3,851.1343924044015,854.6493375296401
0.0,DC1-HRG1-5,851.1982560896944,852.9085004697324
0.0,DC1-HRG2-3,854.5352198293391,856.294179019253
0.0,DC1-HRG2-7,854.1831927771638,857.1887608005721
0.0,DC1-HRG2-5,856.292513491058,858.4858918028564
0.0,DC2-HRG5-6,858.3169196848451,859.8046806141468
0.0,DC1-HRG2-7,857.4510167041618,859.0188326783849
0.0,DC1-HRG2-6,857.3570754690038,858.7471379295081
0.0,DC1-HRG2-7,860.1583620003092,861.8724529054607
0.0,DC2-HRG5-6,862.5016211323383,864.3384967042659
0.0,DC2-HRG5-1,861.9516098430222,863.6450157761429
0.0,DC1-HRG2-8,861.3904475737927,863.3397992272892
0.0,DC1-HRG1-6,861.2593953415388,863.3602655755427
0.0,DC1-HRG2-1,861.4248918288844,864.3073348427785
0.0,DC1-HRG2-8,864.0447154170239,866.2133151982026
0.0,DC1-HRG1-1,864.6949955677055,866.7696363885738
0.0,DC2-HRG5-1,866.150888621929,868.204176738414
0.0,DC1-HRG2-1,865.2262260390722,867.6258084640484
0.0,DC1-HRG2-6,866.1667273922736,867.9596468702123
0.0,DC2-HRG5-1,867.9700633558381,869.6203116800787
0.0,DC1-HRG2-1,868.1261641014809,869.8257160979902
0.0,DC1-HRG2-6,867.2192349446706,869.0467324765156
0.0,DC1-HRG2-8,868.5365836855109,869.999561458705
0.0,DC2-HRG5-6,870.1586851373643,872.4789282599726
0.0,DC2-HRG5-6,870.0891663452007,872.0854262060843
0.0,DC2-HRG5-4,871.2956672905989,874.2792067730423
0.0,DC1-HRG1-6,872.236722450297,874.4902517253423
0.0,DC1-HRG2-2,871.9282651039084,873.8629411909835
0.0,DC2-HRG5-1,873.5913384778377,875.157090365189
0.0,DC1-HRG2-8,872.7627696722377,874.3503754263211
0.0,DC1-HRG2-8,877.7478753632604,879.845808393944
0.0,DC1-HRG2-4,877.0621837615744,879.4138399452179
0.0,DC1-HRG2-1,877.5218197750746,880.0931518716183
0.0,DC1-HRG2-6,876.800076284754,878.4060826914413
0.0,DC1-HRG2-1,879.7752865638854,881.6500587190097
0.0,DC1-HRG1-8,878.9147946197631,880.665949383923
0.0,DC1-HRG2-8,879.7946347528433,881.780917885508
0.0,DC1-HRG2-7,880.8252935972662,883.2085194284888
0.0,DC1-HRG1-2,880.2258011022693,881.8575057842253
0.0,DC1-HRG2-3,881.8341648230403,883.5209719654324
0.0,DC1-HRG2-2,881.9364881735877,883.9477919969356
0.0,DC2-HRG5-1,883.8879895574706,887.1301610066254
0.0,DC1-HRG2-8,883.9704874811982,886.0606765507642
0.0,DC1-HRG2-2,884.3305888218688,886.4877714558774
0.0,DC1-HRG2-1,884.305519351,886.1488599816364
0.0,DC1-HRG2-5,883.7254499435296,885.721729640403
0.0,DC1-HRG2-8,886.4627607759502,888.1977670580187
0.0,DC2-HRG5-1,887.5455909501543,889.6015160122583
0.0,DC1-HRG2-6,886.6233176257456,889.4797568212182
0.0,DC1-HRG2-3,888.0075436419834,889.7604289362317
0.0,DC1-HRG1-7,889.5859463665712,891.718572343412
0.0,DC1-HRG1-1,889.48234710033,891.7743068233038
0.0,DC1-HRG1-7,890.8807894076674,893.1742355391236
0.0,DC2-HRG5-1,891.9472844694343,893.547130159058
0.0,DC2-HRG5-2,893.2315660867429,894.6598738087164
0.0,DC2-HRG5-1,893.1194233719466,894.5061779226711
0.0,DC1-HRG1-2,892.2875903799631,893.6295776440685
0.0,DC1-HRG1-3,893.5667813285291,895.4493867842757
0.0,DC1-HRG1-4,894.0779150287151,896.1417609370422
0.0,DC2-HRG5-5,895.6442366483974,897.6851633184303
0.0,DC2-HRG5-5,895.6324594079575,897.2597842328764
0.0,DC2-HRG5-4,896.3433520810328,897.6210658479338
0.0,DC1-HRG1-6,897.0432079079898,899.2617001532643
0.0,DC2-HRG5-4,898.8289241437675,900.6901099694845
0.0,DC1-HRG1-7,898.8365749673528,901.2684697306236
0.0,DC1-HRG1-3,899.3118335172398,901.4403491555975
0.0,DC2-HRG5-1,906.7034450287512,909.7157041178286
0.0,DC1-HRG2-1,906.4659671751741,908.1406906034337
0.0,DC2-HRG5-5,913.3454985618528,915.3022466237086
0.0,DC2-HRG5-1,913.6830726002588,915.2790825516876
0.0,DC1-HRG1-4,912.9628933552392,915.0958723564466
0.0,DC1-HRG2-8,912.0984506897875,915.4757638969794
0.0,DC1-HRG2-3,912.7716666152066,914.8076622298328
0.0,DC1-HRG2-8,913.9679251432091,915.4910729115282
0.0,DC1-HRG1-6,913.4880273147411,915.3883470491128
0.0,DC1-HRG2-3,914.5631968669455,916.0967207532963
0.0,DC2-HRG5-4,916.0646853962724,918.5557975405181
0.0,DC1-HRG2-2,915.7443393898739,918.6945250200199
0.0,DC1-HRG2-6,916.8792944930398,918.4323333770142
0.0,DC1-HRG2-2,916.0872352931685,919.5394817460984
0.0,DC1-HRG2-6,917.6938987874818,919.823181581988
0.0,DC1-HRG1-5,919.522779947311,921.6120870619472
0.0,DC1-HRG2-4,921.9718422694191,923.5758176888974
0.0,DC2-HRG5-2,923.1873959014322,924.5918009529194
0.0,DC2-HRG5-1,924.1191153482002,926.2033812906974
0.0,DC2-HRG5-1,924.1546258082928,926.8977002110275
0.0,DC1-HRG2-4,925.0493271188545,926.7656846242544
0.0,DC1-HRG2-3,924.448392649032,926.0727907318969
0.0,DC1-HRG2-6,927.7695883280605,930.2899316394619
0.0,DC1-HRG2-5,927.6866375751209,929.0869022787886
0.0,DC1-HRG1-6,927.3232731512788,929.7720567890093
0.0,DC2-HRG5-2,929.5393540230466,931.2258338750984
0.0,DC1-HRG2-7,930.4909450532199,932.340442427582
0.0,DC1-HRG2-6,929.5216614502152,931.0639869213111
0.0,DC1-HRG2-7,932.1010212028386,934.0675421073266
0.0,DC1-HRG2-8,932.0075768227821,933.8437754229312
0.0,DC1-HRG1-1,934.7096367900565,936.4274262766842
0.0,DC1-HRG2-4,933.8958548585796,935.4760973297223
0.0,DC2-HRG5-3,935.9228185408093,937.6214987104851
0.0,DC2-HRG5-1,937.8014061843179,939.800658520235
0.0,DC2-HRG5-6,938.9176869815445,940.997471693341
0.0,DC1-HRG2-8,939.7447767035554,941.5755299500139
0.0,DC1-HRG2-1,939.0146564798217,941.7157138135649
0.0,DC1-HRG2-7,939.1829474373004,940.7014139431242
0.0,DC1-HRG2-8,939.399595728635,940.9870042196901
0.0,DC1-HRG2-6,941.6513683871538,944.5390644362734
0.0,DC1-HRG2-3,943.1942030548884,945.9788116433389
0.0,DC1-HRG2-6,943.5675815222755,946.3912201715435
0.0,DC1-HRG2-8,944.1363954955262,945.8363902335792
0.0,DC1-HRG2-6,945.2541423862478,947.5816442152981
0.0,DC1-HRG2-4,945.2509682703077,947.2256755409387
0.0,DC2-HRG5-2,947.3132164839521,949.5716994758731
0.0,DC2-HRG5-2,947.5187653169824,949.9057677287144
0.0,DC1-HRG2-8,946.8347524245496,948.62968470879
0.0,DC1-HRG2-3,947.4957051042145,948.9106717751513
0.0,DC2-HRG5-1,948.7442053214065,950.7478029256108
0.0,DC1-HRG2-6,949.8605148256139,951.6179325812914
0.0,DC1-HRG2-7,952.5631001541847,954.3731220241583
0.0,DC1-HRG2-6,952.4069167186567,954.4382744519456
0.0,DC1-HRG2-5,951.9701929906798,954.2153094057069
0.0,DC1-HRG2-8,953.4583089753747,955.4697053985977
0.0,DC1-HRG2-8,952.7099364966817,955.2363086248964
0.0,DC1-HRG1-5,952.6478973716797,954.5877348104821
0.0,DC1-HRG1-8,955.2668909139271,957.8681794812678
0.0,DC1-HRG2-7,955.1460448066016,956.64210661282
0.0,DC1-HRG2-6,955.5793963106494,956.8928652094303
0.0,DC1-HRG2-2,956.6287197126807,958.1628533539606
0.0,DC1-HRG1-6,958.4974376650744,960.3241563859245
0.0,DC1-HRG2-3,958.2392459820734,959.9909414969507
0.0,DC2-HRG5-6,960.0718047841069,961.9230735433722
0.0,DC2-HRG5-3,959.9901282700025,962.4378250498961
0.0,DC1-HRG2-8,959.7183461751491,961.5839755373083
0.0,DC1-HRG2-7,960.5983599529036,962.0334593683871
0.0,DC2-HRG5-3,964.1245171432287,966.3388946699931
0.0,DC2-HRG5-1,966.6515495345602,969.1593797833973
0.0,DC1-HRG2-6,965.6744138789486,968.5932701912238
0.0,DC1-HRG2-8,967.3980193931518,969.5261476027401
0.0,DC1-HRG2-6,966.7894611151671,968.3836303728722
0.0,DC2-HRG5-1,968.4629070630484,970.2599094032286
0.0,DC1-HRG1-3,969.2071999755025,970.8210379922771
0.0,DC1-HRG2-4,970.6593640189525,973.5453240780395
0.0,DC1-HRG2-3,970.8423796197908,972.8527123547618
0.0,DC1-HRG2-4,973.0786141138432,974.9386839981122
0.0,DC1-HRG2-4,972.7854975510065,975.1851560003586
0.0,DC2-HRG5-6,974.2890457094849,975.9760653906889
0.0,DC1-HRG2-7,974.4335687894284,977.467899159167
0.0,DC2-HRG5-3,977.3062196464823,979.2108659004754
0.0,DC1-HRG1-7,977.0685633371189,979.1909143983424
0.0,DC1-HRG1-4,977.1534917784433,979.4027860763558
0.0,DC2-HRG5-1,978.568005394692,980.5446219673141
0.0,DC1-HRG2-2,978.9168157056929,980.9094483239935
0.0,DC2-HRG5-5,980.7087079493257,982.6338226408874
0.0,DC1-HRG2-1,980.7042851265409,982.5316295188586
0.0,DC1-HRG2-7,980.8897176691512,982.1798116329546
0.0,DC1-HRG1-8,979.9602152063185,982.2722084288001
0.0,DC1-HRG1-4,981.395516557229,982.7439310873331
0.0,DC1-HRG2-1,984.0851173264462,985.9634286906461
0.0,DC1-HRG2-5,984.068382529169,986.4635262527684
0.0,DC1-HRG2-1,983.6769231651367,987.0301012448213
0.0,DC1-HRG2-7,985.7146542153833,987.3539001022745
0.0,DC1-HRG2-7,985.2963957925883,988.3768748093942
0.0,DC1-HRG2-3,986.8334863665767,989.5353129624225
0.0,DC2-HRG5-2,990.3755404975924,992.4762536609429
0.0,DC2-HRG5-1,990.0942187632461,991.8422005770572
0.0,DC1-HRG2-8,994.0006719412692,995.8185547685844
0.0,DC1-HRG1-8,993.2632158595387,994.9436961167235
0.0,DC1-HRG1-4,992.4246221784163,995.0731594119111
0.0,DC1-HRG2-6,993.3166590049475,995.9538461063139
0.0,DC1-HRG2-6,994.1050066729094,995.9223156621879
0.0,DC2-HRG5-1,995.6958337635136,997.9189716590962
0.0,DC1-HRG2-4,996.5658667191052,998.2386172502365
0.0,DC1-HRG2-2,996.5222034284667,999.668051083274
0.0,DC1-HRG1-1,1000.1092501092019,1002.505446125554
0.0,DC1-HRG2-6,1002.2871553883865,1004.2446086483445
0.0,DC1-HRG2-4,1002.0736773600804,1003.759141542447
0.0,DC1-HRG1-8,1001.1360226643567,1002.8939861572308
0.0,DC2-HRG5-3,1002.8459370121832,1005.0864704826254
0.0,DC1-HRG2-8,1002.7340496329116,1004.1553447749528
0.0,DC1-HRG2-2,1002.085176863667,1004.0902076461101
0.0,DC1-HRG1-1,1003.2978814944561,1004.8649328866632
0.0,DC2-HRG5-6,1004.9282070580134,1006.6183086153196
0.0,DC2-HRG5-3,1006.2337335929922,1008.9633389020076
0.0,DC1-HRG2-3,1005.6821339902957,1007.2657441397431
0.0,DC1-HRG2-3,1007.8479097145783,1010.5661789403911
0.0,DC1-HRG1-4,1008.4841608799445,1011.6330493816645
0.0,DC1-HRG2-6,1012.4438827565558,1014.1190454201995
0.0,DC1-HRG2-2,1013.4709428484798,1015.7952470157596
0.0,DC1-HRG2-3,1014.6831916167906,1016.2065744661422
0.0,DC1-HRG2-1,1016.3010592502773,1017.811409245438
0.0,DC1-HRG2-8,1017.5762343422277,1019.6839224890044
0.0,DC1-HRG1-1,1017.0258852198389,1019.039857972803
0.0,DC1-HRG1-3,1017.01101116015,1018.8511183913141
0.0,DC1-HRG2-4,1016.0735834134639,1018.0490569877303
0.0,DC1-HRG2-6,1017.1210713777583,1019.3729161445945
0.0,DC1-HRG1-2,1019.4216025269494,1022.469394788737
0.0,DC1-HRG2-2,1019.7886915749127,1021.6011329587935
0.0,DC1-HRG2-3,1019.7901583647925,1021.4364255966243
0.0,DC1-HRG2-3,1020.9970610047869,1023.0847918802215
0.0,DC1-HRG1-1,1021.8980614154457,1024.5627808177712
0.0,DC1-HRG2-6,1021.7967400389267,1024.1855918713095
0.0,DC1-HRG2-1,1021.6319762009342,1024.3982896566474
0.0,DC1-HRG2-4,1021.1082417176809,1023.0769940738492
0.0,DC2-HRG5-1,1022.5969619160524,1024.6571460266848
0.0,DC1-HRG1-8,1024.039898168988,1025.6447623347644
0.0,DC1-HRG2-3,1026.4978524853427,1027.960322315052
0.0,DC2-HRG5-6,1027.5821442943825,1029.9385689437956
0.0,DC1-HRG1-3,1027.5367088923565,1029.3417074976805
0.0,DC1-HRG1-5,1026.740607758262,1028.879067738447
0.0,DC1-HRG2-6,1027.7579217847153,1030.8143754500875
0.0,DC1-HRG1-2,1028.5376318051358,1030.7455967892133
0.0,DC2-HRG5-4,1032.7524894143698,1034.6688238947156
0.0,DC2-HRG5-6,1032.2408940711716,1034.3411974442156
0.0,DC1-HRG1-7,1034.2571722232865,1035.5530632557354
0.0,DC1-HRG2-6,1033.929049520545,1036.4726206299542
0.0,DC1-HRG2-7,1035.3666346684347,1036.8582086855986
0.0,DC1-HRG2-2,1035.748665370438,1038.4692535795677
0.0,DC1-HRG1-1,1038.822544416803,1041.723927381877
0.0,DC2-HRG5-3,1041.5048260367555,1044.1142201983653
0.0,DC1-HRG2-6,1041.752122473076,1044.16006168238
0.0,DC1-HRG2-1,1041.2141421873007,1042.9186289135293
0.0,DC2-HRG5-3,1042.6958827838725,1044.6350129303437
0.0,DC2-HRG5-6,1042.5085911997542,1044.2965255343697
0.0,DC2-HRG5-5,1047.356979141857,1049.0245285422302
0.0,DC2-HRG5-4,1046.566897972019,1048.719604134117
0.0,DC1-HRG2-1,1045.6843412086923,1048.4825544667765
0.0,DC1-HRG1-4,1047.3230892260826,1049.7112445735254
0.0,DC2-HRG5-1,1051.2482290512228,1053.5654960042705
0.0,DC2-HRG5-5,1050.655613888303,1053.5146626475926
0.0,DC1-HRG2-1,1049.8555029571444,1052.0553246246727
0.0,DC1-HRG2-7,1049.8316483258811,1051.7114223800158
0.0,DC2-HRG5-6,1053.707770518563,1055.8555208926007
0.0,DC1-HRG2-3,1053.1535694843944,1055.8271546914086
0.0,DC1-HRG2-7,1053.1792608009703,1055.1608642066585
0.0,DC2-HRG5-1,1055.525753723236,1057.2701087444682
0.0,DC2-HRG5-5,1055.2744506743454,1057.52887267891
0.0,DC2-HRG5-2,1058.2134746599322,1059.9222225678911
0.0,DC1-HRG2-3,1057.952795064118,1059.7267956086291
0.0,DC1-HRG2-2,1057.0511896180767,1059.0648509582822
0.0,DC1-HRG2-7,1057.181221968128,1059.671377819831
0.0,DC2-HRG5-6,1059.371889292801,1061.0653894913423
0.0,DC1-HRG1-1,1060.6075910481,1062.793051807601
0.0,DC1-HRG2-3,1059.7007456284273,1061.282523245359
0.0,DC1-HRG2-4,1061.309515494372,1063.8440080426956
0.0,DC1-HRG2-7,1061.3471735053245,1063.316941237193
0.0,DC1-HRG2-6,1062.4008711028246,1064.3578429001227
0.0,DC1-HRG1-8,1063.9535062221955,1066.7938239198893
0.0,DC1-HRG2-8,1063.4269241670956,1065.3975078951728
0.0,DC2-HRG5-5,1065.3378118693877,1067.1715728475308
0.0,DC1-HRG2-5,1064.4806589919533,1066.8954813301175
0.0,DC1-HRG1-6,1064.9923255940605,1066.5985992271242
0.0,DC1-HRG1-5,1064.346867229737,1065.8947393406797
0.0,DC1-HRG2-3,1067.402616739341,1068.8559019851753
0.0,DC1-HRG2-2,1067.318103755457,1068.686974510567
0.0,DC1-HRG1-8,1069.1826888127762,1070.9250191721994
0.0,DC1-HRG2-5,1071.4961805742942,1073.286806416701
0.0,DC1-HRG2-5,1071.057684760469,1073.5604933755512
0.0,DC1-HRG2-5,1071.7399930921197,1073.7172447745725
0.0,DC1-HRG2-6,1072.1858836187735,1073.8214048097138
0.0,DC1-HRG1-2,1072.4357853774925,1074.7739723187099
0.0,DC2-HRG5-5,1073.7880500372241,1075.4002326196057
0.0,DC1-HRG2-3,1074.4614882246933,1076.5001817041511
0.0,DC1-HRG2-4,1073.685718752731,1075.495268571949
0.0,DC2-HRG5-2,1075.6043657195598,1076.9828791237805
0.0,DC2-HRG5-6,1076.517497418585,1078.30597417797
0.0,DC2-HRG5-4,1076.378159769533,1078.8184913960345
0.0,DC1-HRG2-5,1075.979545450017,1078.2961299800913
0.0,DC1-HRG2-2,1075.6320553224143,1077.46859259476
0.0,DC1-HRG1-8,1076.9052021672665,1078.8205893451832
0.0,DC2-HRG5-3,1078.7933506498257,1081.3527380285418
0.0,DC1-HRG2-1,1078.460001667639,1080.8165649635425
0.0,DC1-HRG2-4,1080.265860053551,1081.9813011958092
0.0,DC2-HRG5-1,1081.3703324631526,1083.365528002729
0.0,DC1-HRG2-7,1082.0790293970465,1083.914104599643
0.0,DC1-HRG1-8,1085.0718486512392,1087.7688920952255
0.0,DC1-HRG2-2,1084.5641953551021,1085.9261534349503
0.0,DC2-HRG5-6,1086.6406734019463,1088.6018986750598
0.0,DC1-HRG2-2,1085.9957464842978,1087.7555172665573
0.0,DC1-HRG2-4,1085.655267072481,1087.1606189889753
0.0,DC1-HRG1-3,1087.3792863956096,1090.0571062266974
0.0,DC1-HRG2-7,1086.76654171666,1088.4409886177307
0.0,DC2-HRG5-1,1089.546131372794,1091.9204980050852
0.0,DC1-HRG2-8,1093.4252212160911,1095.206243710088
0.0,DC1-HRG2-4,1093.7101218663433,1095.8008370731088
0.0,DC1-HRG2-7,1092.9588150332027,1095.5430942582316
0.0,DC1-HRG2-6,1093.9771484758535,1096.9617435515859
0.0,DC1-HRG2-3,1095.3933203715228,1098.4185817224195
