Workload_ID,    App_ID,SubmitTime,Tr:StartTime,Tr:EndTime,Tr:NetworkTime,   Tr:Size,Tr:Channel,Pr:StartTime,Pr:EndTime,Pr:CPUTime,   Pr:Size,Tr:StartTime,Tr:EndTime,Tr:NetworkTime,   Tr:Size,Tr:Channel,Pr:StartTime,Pr:EndTime,Pr:CPUTime,   Pr:Size,Tr:StartTime,Tr:EndTime,Tr:NetworkTime,   Tr:Size,Tr:Channel,ResponseTime,
 0, 3, 0, 0, 0.697, 0.697, 12288, 0, 0.697, 1.381, 0.684, 611, 1.381, 2.053, 0.672, 18432, 0, 2.053, 2.716, 0.663, 2700, 2.716, 3.369, 0.653, 12288, 0,     3.369,
 1, 3, 1, 1, 1.949, 0.949, 17408, 0, 1.949, 2.925, 0.976, 878, 2.925, 3.897, 0.973, 26624, 0, 3.897, 4.855, 0.958, 3900, 4.855, 5.763, 0.908, 17408, 0,     4.763,
 2, 3, 2, 2, 2.692, 0.692, 12288, 0, 2.692, 3.624, 0.932, 625, 3.624, 4.569, 0.945, 18432, 0, 4.569, 5.522, 0.953, 2700, 5.522, 6.403, 0.881, 12288, 0,     4.403,
 3, 3, 3, 3, 3.904, 0.904, 16384, 0, 3.904, 4.834, 0.93, 827, 4.834, 5.743, 0.909, 24576, 0, 5.743, 6.63, 0.887, 3600, 6.63, 7.492, 0.861, 16384, 0,     4.492,
 4, 3, 4, 4, 4.748, 0.748, 13312, 0, 4.748, 5.588, 0.84, 668, 5.588, 6.496, 0.909, 20480, 0, 6.496, 7.382, 0.886, 3000, 7.382, 8.187, 0.805, 13312, 0,     4.187,
 5, 3, 5, 5, 5.925, 0.925, 16384, 0, 5.925, 6.81, 0.884, 800, 6.81, 7.705, 0.896, 24576, 0, 7.705, 8.609, 0.904, 3600, 8.609, 9.457, 0.848, 16384, 0,     4.457,
 6, 3, 6, 6, 6.968, 0.968, 17408, 0, 6.968, 7.954, 0.986, 895, 7.954, 8.919, 0.965, 26624, 0, 8.919, 9.887, 0.968, 3900, 9.887, 10.816, 0.929, 17408, 0,     4.816,
 7, 3, 7, 7, 7.706, 0.706, 12288, 0, 7.706, 8.645, 0.939, 612, 8.645, 9.594, 0.949, 18432, 0, 9.594, 10.554, 0.96, 2700, 10.554, 11.455, 0.901, 12288, 0,     4.455,
 8, 3, 8, 8, 8.807, 0.807, 14336, 0, 8.807, 9.62, 0.813, 730, 9.62, 10.399, 0.779, 21504, 0, 10.399, 11.322, 0.923, 3150, 11.322, 12.198, 0.876, 14336, 0,     4.198,
 9, 3, 9, 9, 9.744, 0.744, 13312, 0, 9.744, 10.499, 0.755, 676, 10.499, 11.235, 0.736, 20480, 0, 11.235, 12.056, 0.82, 3000, 12.056, 12.888, 0.832, 13312, 0,     3.888,
 10, 3, 10, 10, 10.745, 0.745, 13312, 0, 10.745, 11.492, 0.747, 680, 11.492, 12.233, 0.741, 20480, 0, 12.233, 12.98, 0.747, 3000, 12.98, 13.666, 0.686, 13312, 0,     3.666,
 11, 3, 11, 11, 11.979, 0.979, 17408, 0, 11.979, 12.96, 0.981, 896, 12.96, 13.917, 0.957, 26624, 0, 13.917, 14.886, 0.969, 3900, 14.886, 15.8, 0.914, 17408, 0,     4.800,
 12, 3, 12, 12, 12.81, 0.81, 14336, 0, 12.81, 13.752, 0.942, 709, 13.752, 14.69, 0.938, 21504, 0, 14.69, 15.661, 0.972, 3150, 15.661, 16.554, 0.893, 14336, 0,     4.554,
 13, 3, 13, 13, 13.698, 0.698, 12288, 0, 13.698, 14.444, 0.746, 628, 14.444, 15.36, 0.916, 18432, 0, 15.36, 16.326, 0.967, 2700, 16.326, 17.193, 0.867, 12288, 0,     4.193,
 14, 3, 14, 14, 14.696, 0.696, 12288, 0, 14.696, 15.38, 0.683, 607, 15.38, 16.045, 0.665, 18432, 0, 16.045, 16.995, 0.95, 2700, 16.995, 17.832, 0.837, 12288, 0,     3.832,
 15, 3, 15, 15, 15.98, 0.98, 17408, 0, 15.98, 16.965, 0.986, 895, 16.965, 17.939, 0.973, 26624, 0, 17.939, 18.92, 0.981, 3900, 18.92, 19.84, 0.919, 17408, 0,     4.840,
 16, 3, 16, 16, 16.696, 0.696, 12288, 0, 16.696, 17.684, 0.988, 647, 17.684, 18.642, 0.958, 19456, 0, 18.642, 19.63, 0.988, 2850, 19.63, 20.485, 0.855, 12288, 0,     4.485,
 17, 3, 17, 17, 17.865, 0.865, 15360, 0, 17.865, 18.746, 0.881, 790, 18.746, 19.598, 0.852, 23552, 0, 19.598, 20.504, 0.906, 3450, 20.504, 21.297, 0.793, 15360, 0,     4.297,
 18, 3, 18, 18, 18.686, 0.686, 12288, 0, 18.686, 19.444, 0.758, 605, 19.444, 20.265, 0.821, 18432, 0, 20.265, 21.175, 0.91, 2700, 21.175, 21.937, 0.762, 12288, 0,     3.937,
 19, 3, 19, 19, 19.738, 0.738, 13312, 0, 19.738, 20.468, 0.73, 661, 20.468, 21.183, 0.715, 19456, 0, 21.183, 21.877, 0.694, 2850, 21.877, 22.587, 0.71, 12288, 0,     3.587,
 20, 3, 20, 20, 20.708, 0.708, 12288, 0, 20.708, 21.385, 0.677, 619, 21.385, 22.05, 0.665, 18432, 0, 22.05, 22.718, 0.667, 2700, 22.718, 23.363, 0.645, 12288, 0,     3.363,
 21, 3, 21, 21, 21.921, 0.921, 16384, 0, 21.921, 22.829, 0.908, 813, 22.829, 23.74, 0.911, 24576, 0, 23.74, 24.634, 0.893, 3600, 24.634, 25.493, 0.86, 16384, 0,     4.493,
 22, 3, 22, 22, 22.959, 0.959, 17408, 0, 22.959, 23.915, 0.956, 858, 23.915, 24.857, 0.941, 25600, 0, 24.857, 25.795, 0.938, 3750, 25.795, 26.657, 0.862, 16384, 0,     4.657,
 23, 3, 23, 23, 23.854, 0.854, 15360, 0, 23.854, 24.787, 0.933, 780, 24.787, 25.713, 0.926, 23552, 0, 25.713, 26.655, 0.942, 3450, 26.655, 27.454, 0.799, 15360, 0,     4.454,
 24, 3, 24, 24, 24.797, 0.797, 14336, 0, 24.797, 25.599, 0.802, 708, 25.599, 26.488, 0.889, 21504, 0, 26.488, 27.432, 0.944, 3150, 27.432, 28.196, 0.765, 14336, 0,     4.196,
 25, 3, 25, 25, 25.975, 0.975, 17408, 0, 25.975, 26.944, 0.969, 880, 26.944, 27.921, 0.978, 26624, 0, 27.921, 28.877, 0.956, 3900, 28.877, 29.783, 0.906, 17408, 0,     4.783,
 26, 3, 26, 26, 26.749, 0.749, 13312, 0, 26.749, 27.713, 0.964, 693, 27.713, 28.656, 0.943, 20480, 0, 28.656, 29.619, 0.963, 3000, 29.619, 30.47, 0.851, 13312, 0,     4.470,
 27, 3, 27, 27, 27.817, 0.817, 14336, 0, 27.817, 28.629, 0.811, 724, 28.629, 29.436, 0.807, 21504, 0, 29.436, 30.415, 0.979, 3150, 30.415, 31.213, 0.798, 14336, 0,     4.213,
 28, 3, 28, 28, 28.867, 0.867, 15360, 0, 28.867, 29.697, 0.83, 753, 29.697, 30.51, 0.813, 22528, 0, 30.51, 31.336, 0.826, 3300, 31.336, 32.08, 0.744, 14336, 0,     4.080,
 29, 3, 29, 29, 29.915, 0.915, 16384, 0, 29.915, 30.81, 0.895, 812, 30.81, 31.704, 0.895, 24576, 0, 31.704, 32.593, 0.889, 3600, 32.593, 33.466, 0.873, 16384, 0,     4.466,
 30, 3, 30, 30, 30.924, 0.924, 16384, 0, 30.924, 31.845, 0.922, 830, 31.845, 32.725, 0.879, 24576, 0, 32.725, 33.62, 0.895, 3600, 33.62, 34.488, 0.868, 16384, 0,     4.488,
 31, 3, 31, 31, 31.745, 0.745, 13312, 0, 31.745, 32.583, 0.838, 658, 32.583, 33.446, 0.863, 19456, 0, 33.446, 34.331, 0.885, 2850, 34.331, 35.139, 0.808, 12288, 0,     4.139,
 32, 3, 32, 32, 32.92, 0.92, 16384, 0, 32.92, 33.82, 0.9, 804, 33.82, 34.714, 0.894, 24576, 0, 34.714, 35.603, 0.889, 3600, 35.603, 36.453, 0.85, 16384, 0,     4.453,
 33, 3, 33, 33, 33.88, 0.88, 15360, 0, 33.88, 34.745, 0.865, 787, 34.745, 35.603, 0.858, 23552, 0, 35.603, 36.463, 0.86, 3450, 36.463, 37.256, 0.794, 15360, 0,     4.256,
 34, 3, 34, 34, 34.687, 0.687, 12288, 0, 34.687, 35.431, 0.744, 623, 35.431, 36.267, 0.836, 18432, 0, 36.267, 37.126, 0.859, 2700, 37.126, 37.898, 0.772, 12288, 0,     3.898,
 35, 3, 35, 35, 35.68, 0.68, 12288, 0, 35.68, 36.353, 0.673, 621, 36.353, 37.029, 0.676, 18432, 0, 37.029, 37.799, 0.77, 2700, 37.799, 38.541, 0.742, 12288, 0,     3.541,
 36, 3, 36, 36, 36.737, 0.737, 13312, 0, 36.737, 37.483, 0.746, 660, 37.483, 38.189, 0.705, 19456, 0, 38.189, 38.902, 0.714, 2850, 38.902, 39.538, 0.636, 12288, 0,     3.538,
 37, 3, 37, 37, 37.923, 0.923, 16384, 0, 37.923, 38.882, 0.959, 842, 38.882, 39.815, 0.933, 25600, 0, 39.815, 40.734, 0.918, 3750, 40.734, 41.592, 0.858, 16384, 0,     4.592,
 38, 3, 38, 38, 38.972, 0.972, 17408, 0, 38.972, 39.967, 0.995, 891, 39.967, 40.934, 0.967, 26624, 0, 40.934, 41.889, 0.955, 3900, 41.889, 42.812, 0.923, 17408, 0,     4.812,
 39, 3, 39, 39, 39.757, 0.757, 13312, 0, 39.757, 40.704, 0.947, 668, 40.704, 41.669, 0.965, 20480, 0, 41.669, 42.626, 0.958, 3000, 42.626, 43.512, 0.885, 13312, 0,     4.512,
 40, 3, 40, 40, 40.967, 0.967, 17408, 0, 40.967, 41.949, 0.982, 881, 41.949, 42.903, 0.954, 26624, 0, 42.903, 43.865, 0.962, 3900, 43.865, 44.768, 0.903, 17408, 0,     4.768,
 41, 3, 41, 41, 41.988, 0.988, 17408, 0, 41.988, 42.995, 1.006, 890, 42.995, 43.978, 0.983, 26624, 0, 43.978, 44.937, 0.959, 3900, 44.937, 45.856, 0.918, 17408, 0,     4.856,
 42, 3, 42, 42, 42.912, 0.912, 16384, 0, 42.912, 43.906, 0.993, 816, 43.906, 44.871, 0.965, 24576, 0, 44.871, 45.835, 0.964, 3600, 45.835, 46.727, 0.892, 16384, 0,     4.727,
 43, 3, 43, 43, 43.811, 0.811, 14336, 0, 43.811, 44.696, 0.885, 708, 44.696, 45.656, 0.96, 21504, 0, 45.656, 46.626, 0.97, 3150, 46.626, 47.481, 0.856, 14336, 0,     4.481,
 44, 3, 44, 44, 44.975, 0.975, 17408, 0, 44.975, 45.912, 0.937, 852, 45.912, 46.837, 0.924, 25600, 0, 46.837, 47.776, 0.939, 3750, 47.776, 48.634, 0.858, 16384, 0,     4.634,
 45, 3, 45, 45, 45.745, 0.745, 13312, 0, 45.745, 46.675, 0.93, 693, 46.675, 47.589, 0.914, 20480, 0, 47.589, 48.53, 0.941, 3000, 48.53, 49.327, 0.796, 13312, 0,     4.327,
 46, 3, 46, 46, 46.911, 0.911, 16384, 0, 46.911, 47.826, 0.915, 836, 47.826, 48.768, 0.942, 25600, 0, 48.768, 49.702, 0.934, 3750, 49.702, 50.569, 0.867, 16384, 0,     4.569,
 47, 3, 47, 47, 47.864, 0.864, 15360, 0, 47.864, 48.749, 0.884, 783, 48.749, 49.631, 0.882, 23552, 0, 49.631, 50.567, 0.936, 3450, 50.567, 51.358, 0.791, 15360, 0,     4.358,
 48, 3, 48, 48, 48.863, 0.863, 15360, 0, 48.863, 49.712, 0.849, 769, 49.712, 50.567, 0.855, 23552, 0, 50.567, 51.43, 0.864, 3450, 51.43, 52.241, 0.811, 15360, 0,     4.241,
 49, 3, 49, 49, 49.692, 0.692, 12288, 0, 49.692, 50.44, 0.749, 645, 50.44, 51.27, 0.829, 19456, 0, 51.27, 52.134, 0.865, 2850, 52.134, 52.878, 0.743, 12288, 0,     3.878,
 50, 3, 50, 50, 50.865, 0.865, 15360, 0, 50.865, 51.761, 0.896, 798, 51.761, 52.627, 0.866, 23552, 0, 52.627, 53.469, 0.842, 3450, 53.469, 54.266, 0.797, 15360, 0,     4.266,
 51, 3, 51, 51, 51.988, 0.988, 17408, 0, 51.988, 52.976, 0.988, 886, 52.976, 53.934, 0.958, 26624, 0, 53.934, 54.895, 0.961, 3900, 54.895, 55.804, 0.909, 17408, 0,     4.804,
 52, 3, 52, 52, 52.923, 0.923, 16384, 0, 52.923, 53.903, 0.98, 838, 53.903, 54.866, 0.963, 25600, 0, 54.866, 55.814, 0.948, 3750, 55.814, 56.655, 0.841, 16384, 0,     4.655,
 53, 3, 53, 53, 53.692, 0.692, 12288, 0, 53.692, 54.609, 0.918, 635, 54.609, 55.565, 0.955, 19456, 0, 55.565, 56.526, 0.961, 2850, 56.526, 57.281, 0.755, 12288, 0,     4.281,
 54, 3, 54, 54, 54.863, 0.863, 15360, 0, 54.863, 55.682, 0.819, 751, 55.682, 56.496, 0.813, 22528, 0, 56.496, 57.355, 0.859, 3300, 57.355, 58.095, 0.74, 14336, 0,     4.095,
 55, 3, 55, 55, 55.754, 0.754, 13312, 0, 55.754, 56.506, 0.752, 672, 56.506, 57.259, 0.753, 20480, 0, 57.259, 58.095, 0.836, 3000, 58.095, 58.796, 0.701, 13312, 0,     3.796,
 56, 3, 56, 56, 56.868, 0.868, 15360, 0, 56.868, 57.722, 0.854, 761, 57.722, 58.533, 0.811, 22528, 0, 58.533, 59.349, 0.816, 3300, 59.349, 60.107, 0.758, 14336, 0,     4.107,
 57, 3, 57, 57, 57.751, 0.751, 13312, 0, 57.751, 58.479, 0.728, 655, 58.479, 59.224, 0.745, 19456, 0, 59.224, 60.048, 0.824, 2850, 60.048, 60.748, 0.701, 12288, 0,     3.748,
 58, 3, 58, 58, 58.91, 0.91, 16384, 0, 58.91, 59.842, 0.932, 842, 59.842, 60.776, 0.934, 25600, 0, 60.776, 61.727, 0.951, 3750, 61.727, 62.57, 0.842, 16384, 0,     4.570,
 59, 3, 59, 59, 59.878, 0.878, 15360, 0, 59.878, 60.726, 0.848, 762, 60.726, 61.605, 0.879, 22528, 0, 61.605, 62.557, 0.952, 3300, 62.557, 63.314, 0.757, 14336, 0,     4.314,
 60, 3, 60, 60, 60.758, 0.758, 13312, 0, 60.758, 61.529, 0.771, 696, 61.529, 62.348, 0.819, 20480, 0, 62.348, 63.29, 0.942, 3000, 63.29, 64.009, 0.719, 13312, 0,     4.009,
 61, 3, 61, 61, 61.869, 0.869, 15360, 0, 61.869, 62.731, 0.862, 762, 62.731, 63.567, 0.835, 22528, 0, 63.567, 64.388, 0.821, 3300, 64.388, 65.152, 0.764, 14336, 0,     4.152,
 62, 3, 62, 62, 62.74, 0.74, 13312, 0, 62.74, 63.493, 0.753, 683, 63.493, 64.308, 0.815, 20480, 0, 64.308, 65.132, 0.823, 3000, 65.132, 65.846, 0.715, 13312, 0,     3.846,
 63, 3, 63, 63, 63.798, 0.798, 14336, 0, 63.798, 64.601, 0.803, 724, 64.601, 65.394, 0.792, 21504, 0, 65.394, 66.181, 0.788, 3150, 66.181, 66.938, 0.757, 14336, 0,     3.938,
 64, 3, 64, 64, 64.689, 0.689, 12288, 0, 64.689, 65.389, 0.7, 636, 65.389, 66.104, 0.715, 19456, 0, 66.104, 66.9, 0.795, 2850, 66.9, 67.576, 0.676, 12288, 0,     3.576,
 65, 3, 65, 65, 65.923, 0.923, 16384, 0, 65.923, 66.827, 0.904, 807, 66.827, 67.727, 0.9, 24576, 0, 67.727, 68.637, 0.91, 3600, 68.637, 69.483, 0.846, 16384, 0,     4.483,
 66, 3, 66, 66, 66.868, 0.868, 15360, 0, 66.868, 67.744, 0.876, 782, 67.744, 68.597, 0.853, 23552, 0, 68.597, 69.502, 0.905, 3450, 69.502, 70.312, 0.81, 15360, 0,     4.312,
 67, 3, 67, 67, 67.98, 0.98, 17408, 0, 67.98, 68.993, 1.013, 893, 68.993, 69.967, 0.975, 26624, 0, 69.967, 70.945, 0.977, 3900, 70.945, 71.855, 0.91, 17408, 0,     4.855,
 68, 3, 68, 68, 68.921, 0.921, 16384, 0, 68.921, 69.907, 0.987, 813, 69.907, 70.847, 0.94, 24576, 0, 70.847, 71.835, 0.987, 3600, 71.835, 72.717, 0.882, 16384, 0,     4.717,
 69, 3, 69, 69, 69.8, 0.8, 14336, 0, 69.8, 70.718, 0.917, 721, 70.718, 71.62, 0.903, 21504, 0, 71.62, 72.62, 0.999, 3150, 72.62, 73.462, 0.842, 14336, 0,     4.462,
 70, 3, 70, 70, 70.912, 0.912, 16384, 0, 70.912, 71.821, 0.909, 820, 71.821, 72.717, 0.896, 24576, 0, 72.717, 73.619, 0.902, 3600, 73.619, 74.478, 0.859, 16384, 0,     4.478,
 71, 3, 71, 71, 71.695, 0.695, 12288, 0, 71.695, 72.495, 0.801, 612, 72.495, 73.384, 0.889, 18432, 0, 73.384, 74.304, 0.92, 2700, 74.304, 75.119, 0.815, 12288, 0,     4.119,
 72, 3, 72, 72, 72.87, 0.87, 15360, 0, 72.87, 73.719, 0.849, 759, 73.719, 74.543, 0.824, 22528, 0, 74.543, 75.356, 0.814, 3300, 75.356, 76.106, 0.75, 14336, 0,     4.106,
 73, 3, 73, 73, 73.745, 0.745, 13312, 0, 73.745, 74.521, 0.775, 686, 74.521, 75.288, 0.767, 20480, 0, 75.288, 76.095, 0.807, 3000, 76.095, 76.808, 0.713, 13312, 0,     3.808,
 74, 3, 74, 74, 74.92, 0.92, 16384, 0, 74.92, 75.834, 0.914, 818, 75.834, 76.731, 0.897, 24576, 0, 76.731, 77.625, 0.895, 3600, 77.625, 78.483, 0.857, 16384, 0,     4.483,
 75, 3, 75, 75, 75.859, 0.859, 15360, 0, 75.859, 76.704, 0.845, 757, 76.704, 77.562, 0.858, 22528, 0, 77.562, 78.435, 0.873, 3300, 78.435, 79.233, 0.798, 14336, 0,     4.233,
 76, 3, 76, 76, 76.863, 0.863, 15360, 0, 76.863, 77.725, 0.863, 781, 77.725, 78.582, 0.857, 23552, 0, 78.582, 79.438, 0.856, 3450, 79.438, 80.26, 0.823, 15360, 0,     4.260,
 77, 3, 77, 77, 77.805, 0.805, 14336, 0, 77.805, 78.632, 0.827, 736, 78.632, 79.447, 0.815, 22528, 0, 79.447, 80.282, 0.835, 3300, 80.282, 81.026, 0.745, 14336, 0,     4.026,
 78, 3, 78, 78, 78.809, 0.809, 14336, 0, 78.809, 79.634, 0.825, 732, 79.634, 80.415, 0.781, 21504, 0, 80.415, 81.195, 0.78, 3150, 81.195, 81.95, 0.755, 14336, 0,     3.950,
 79, 3, 79, 79, 79.932, 0.932, 16384, 0, 79.932, 80.865, 0.933, 848, 80.865, 81.794, 0.93, 25600, 0, 81.794, 82.726, 0.932, 3750, 82.726, 83.577, 0.851, 16384, 0,     4.577,
 80, 3, 80, 80, 80.802, 0.802, 14336, 0, 80.802, 81.684, 0.883, 723, 81.684, 82.586, 0.902, 21504, 0, 82.586, 83.524, 0.937, 3150, 83.524, 84.325, 0.802, 14336, 0,     4.325,
 81, 3, 81, 81, 81.684, 0.684, 12288, 0, 81.684, 82.416, 0.731, 641, 82.416, 83.291, 0.875, 19456, 0, 83.291, 84.255, 0.965, 2850, 84.255, 84.972, 0.717, 12288, 0,     3.972,
 82, 3, 82, 82, 82.854, 0.854, 15360, 0, 82.854, 83.709, 0.855, 764, 83.709, 84.54, 0.831, 22528, 0, 84.54, 85.373, 0.834, 3300, 85.373, 86.129, 0.756, 14336, 0,     4.129,
 83, 3, 83, 83, 83.927, 0.927, 16384, 0, 83.927, 84.819, 0.893, 806, 84.819, 85.706, 0.887, 24576, 0, 85.706, 86.589, 0.882, 3600, 86.589, 87.449, 0.861, 16384, 0,     4.449,
 84, 3, 84, 84, 84.864, 0.864, 15360, 0, 84.864, 85.752, 0.888, 794, 85.752, 86.593, 0.841, 23552, 0, 86.593, 87.431, 0.838, 3450, 87.431, 88.255, 0.824, 15360, 0,     4.255,
 85, 3, 85, 85, 85.909, 0.909, 16384, 0, 85.909, 86.817, 0.908, 812, 86.817, 87.734, 0.917, 24576, 0, 87.734, 88.613, 0.879, 3600, 88.613, 89.457, 0.843, 16384, 0,     4.457,
 86, 3, 86, 86, 86.951, 0.951, 17408, 0, 86.951, 87.951, 1, 884, 87.951, 88.943, 0.991, 26624, 0, 88.943, 89.905, 0.962, 3900, 89.905, 90.802, 0.897, 17408, 0,     4.802,
 87, 3, 87, 87, 87.925, 0.925, 16384, 0, 87.925, 88.851, 0.926, 805, 88.851, 89.831, 0.98, 24576, 0, 89.831, 90.799, 0.968, 3600, 90.799, 91.661, 0.862, 16384, 0,     4.661,
 88, 3, 88, 88, 88.755, 0.755, 13312, 0, 88.755, 89.587, 0.831, 654, 89.587, 90.528, 0.941, 19456, 0, 90.528, 91.504, 0.977, 2850, 91.504, 92.304, 0.8, 12288, 0,     4.304,
 89, 3, 89, 89, 89.71, 0.71, 12288, 0, 89.71, 90.393, 0.683, 616, 90.393, 91.189, 0.796, 18432, 0, 91.189, 92.187, 0.998, 2700, 92.187, 92.947, 0.759, 12288, 0,     3.947,
 90, 3, 90, 90, 90.911, 0.911, 16384, 0, 90.911, 91.855, 0.944, 849, 91.855, 92.792, 0.937, 25600, 0, 92.792, 93.718, 0.925, 3750, 93.718, 94.584, 0.866, 16384, 0,     4.584,
 91, 3, 91, 91, 91.977, 0.977, 17408, 0, 91.977, 92.95, 0.973, 873, 92.95, 93.925, 0.975, 26624, 0, 93.925, 94.889, 0.964, 3900, 94.889, 95.834, 0.945, 17408, 0,     4.834,
 92, 3, 92, 92, 92.744, 0.744, 13312, 0, 92.744, 93.698, 0.954, 675, 93.698, 94.663, 0.965, 20480, 0, 94.663, 95.649, 0.985, 3000, 95.649, 96.534, 0.886, 13312, 0,     4.534,
 93, 3, 93, 93, 93.961, 0.961, 17408, 0, 93.961, 94.922, 0.962, 863, 94.922, 95.868, 0.946, 25600, 0, 95.868, 96.828, 0.96, 3750, 96.828, 97.681, 0.853, 16384, 0,     4.681,
 94, 3, 94, 94, 94.908, 0.908, 16384, 0, 94.908, 95.847, 0.938, 839, 95.847, 96.782, 0.935, 25600, 0, 96.782, 97.754, 0.972, 3750, 97.754, 98.6, 0.847, 16384, 0,     4.600,
 95, 3, 95, 95, 95.877, 0.877, 15360, 0, 95.877, 96.742, 0.866, 788, 96.742, 97.638, 0.896, 23552, 0, 97.638, 98.626, 0.988, 3450, 98.626, 99.429, 0.803, 15360, 0,     4.429,
 96, 3, 96, 96, 96.905, 0.905, 16384, 0, 96.905, 97.808, 0.903, 811, 97.808, 98.7, 0.892, 24576, 0, 98.7, 99.59, 0.89, 3600, 99.59, 100.451, 0.861, 16384, 0,     4.451,
 97, 3, 97, 97, 97.973, 0.973, 17408, 0, 97.973, 98.953, 0.979, 873, 98.953, 99.923, 0.971, 26624, 0, 99.923, 100.886, 0.963, 3900, 100.886, 101.794, 0.908, 17408, 0,     4.794,
 98, 3, 98, 98, 98.864, 0.864, 15360, 0, 98.864, 99.815, 0.951, 784, 99.815, 100.775, 0.96, 23552, 0, 100.775, 101.736, 0.961, 3450, 101.736, 102.591, 0.855, 15360, 0,     4.591,
 99, 3, 99, 99, 99.852, 0.852, 15360, 0, 99.852, 100.71, 0.858, 781, 100.71, 101.626, 0.916, 23552, 0, 101.626, 102.59, 0.964, 3450, 102.59, 103.4, 0.81, 15360, 0,     4.400,
 100, 3, 100, 100, 100.691, 0.691, 12288, 0, 100.691, 101.417, 0.726, 638, 101.417, 102.329, 0.912, 19456, 0, 102.329, 103.295, 0.966, 2850, 103.295, 104.034, 0.739, 12288, 0,     4.034,
 101, 3, 101, 101, 101.693, 0.693, 12288, 0, 101.693, 102.401, 0.708, 643, 102.401, 103.105, 0.705, 19456, 0, 103.105, 104.016, 0.911, 2850, 104.016, 104.666, 0.65, 12288, 0,     3.666,
 102, 3, 102, 102, 102.868, 0.868, 15360, 0, 102.868, 103.718, 0.85, 775, 103.718, 104.574, 0.857, 23552, 0, 104.574, 105.422, 0.848, 3450, 105.422, 106.221, 0.799, 15360, 0,     4.221,
 103, 3, 103, 103, 103.858, 0.858, 15360, 0, 103.858, 104.691, 0.832, 752, 104.691, 105.507, 0.816, 22528, 0, 105.507, 106.326, 0.819, 3300, 106.326, 107.064, 0.738, 14336, 0,     4.064,
 104, 3, 104, 104, 104.807, 0.807, 14336, 0, 104.807, 105.631, 0.824, 733, 105.631, 106.44, 0.809, 22528, 0, 106.44, 107.257, 0.817, 3300, 107.257, 108.015, 0.758, 14336, 0,     4.015,
 105, 3, 105, 105, 105.807, 0.807, 14336, 0, 105.807, 106.6, 0.794, 719, 106.6, 107.377, 0.776, 21504, 0, 107.377, 108.152, 0.775, 3150, 108.152, 108.908, 0.756, 14336, 0,     3.908,
 106, 3, 106, 106, 106.982, 0.982, 17408, 0, 106.982, 107.982, 1, 895, 107.982, 108.938, 0.957, 26624, 0, 108.938, 109.901, 0.963, 3900, 109.901, 110.809, 0.908, 17408, 0,     4.809,
 107, 3, 107, 107, 107.682, 0.682, 12288, 0, 107.682, 108.677, 0.995, 606, 108.677, 109.603, 0.926, 18432, 0, 109.603, 110.574, 0.971, 2700, 110.574, 111.453, 0.878, 12288, 0,     4.453,
 108, 3, 108, 108, 108.74, 0.74, 13312, 0, 108.74, 109.51, 0.771, 677, 109.51, 110.348, 0.838, 20480, 0, 110.348, 111.317, 0.969, 3000, 111.317, 112.152, 0.835, 13312, 0,     4.152,
 109, 3, 109, 109, 109.901, 0.901, 16384, 0, 109.901, 110.799, 0.898, 802, 110.799, 111.69, 0.891, 24576, 0, 111.69, 112.578, 0.888, 3600, 112.578, 113.428, 0.85, 16384, 0,     4.428,
 110, 3, 110, 110, 110.984, 0.984, 17408, 0, 110.984, 111.971, 0.988, 881, 111.971, 112.936, 0.965, 26624, 0, 112.936, 113.91, 0.974, 3900, 113.91, 114.817, 0.907, 17408, 0,     4.817,
 111, 3, 111, 111, 111.971, 0.971, 17408, 0, 111.971, 112.966, 0.995, 894, 112.966, 113.948, 0.983, 26624, 0, 113.948, 114.904, 0.956, 3900, 114.904, 115.801, 0.897, 17408, 0,     4.801,
 112, 3, 112, 112, 112.97, 0.97, 17408, 0, 112.97, 113.953, 0.983, 887, 113.953, 114.917, 0.964, 26624, 0, 114.917, 115.886, 0.969, 3900, 115.886, 116.799, 0.913, 17408, 0,     4.799,
 113, 3, 113, 113, 113.803, 0.803, 14336, 0, 113.803, 114.758, 0.956, 727, 114.758, 115.713, 0.954, 21504, 0, 115.713, 116.655, 0.942, 3150, 116.655, 117.561, 0.907, 14336, 0,     4.561,
 114, 3, 114, 114, 114.743, 0.743, 13312, 0, 114.743, 115.508, 0.765, 681, 115.508, 116.463, 0.955, 20480, 0, 116.463, 117.397, 0.933, 3000, 117.397, 118.264, 0.868, 13312, 0,     4.264,
 115, 3, 115, 115, 115.741, 0.741, 13312, 0, 115.741, 116.503, 0.762, 688, 116.503, 117.255, 0.752, 20480, 0, 117.255, 118.145, 0.889, 3000, 118.145, 118.969, 0.824, 13312, 0,     3.969,
 116, 3, 116, 116, 116.928, 0.928, 16384, 0, 116.928, 117.855, 0.928, 846, 117.855, 118.794, 0.939, 25600, 0, 118.794, 119.726, 0.932, 3750, 119.726, 120.573, 0.847, 16384, 0,     4.573,
 117, 3, 117, 117, 117.825, 0.825, 14336, 0, 117.825, 118.66, 0.835, 733, 118.66, 119.563, 0.903, 21504, 0, 119.563, 120.509, 0.946, 3150, 120.509, 121.315, 0.806, 14336, 0,     4.315,
 118, 3, 118, 118, 118.69, 0.69, 12288, 0, 118.69, 119.377, 0.687, 609, 119.377, 120.234, 0.857, 18432, 0, 120.234, 121.199, 0.965, 2700, 121.199, 121.955, 0.756, 12288, 0,     3.955,
 119, 3, 119, 119, 119.858, 0.858, 15360, 0, 119.858, 120.73, 0.872, 778, 120.73, 121.588, 0.857, 23552, 0, 121.588, 122.422, 0.834, 3450, 122.422, 123.215, 0.793, 15360, 0,     4.215,
 120, 3, 120, 120, 120.982, 0.982, 17408, 0, 120.982, 121.931, 0.948, 852, 121.931, 122.871, 0.94, 25600, 0, 122.871, 123.798, 0.927, 3750, 123.798, 124.647, 0.85, 16384, 0,     4.647,
 121, 3, 121, 121, 121.742, 0.742, 13312, 0, 121.742, 122.651, 0.909, 656, 122.651, 123.579, 0.928, 19456, 0, 123.579, 124.503, 0.924, 2850, 124.503, 125.278, 0.775, 12288, 0,     4.278,
 122, 3, 122, 122, 122.808, 0.808, 14336, 0, 122.808, 123.598, 0.79, 723, 123.598, 124.381, 0.783, 21504, 0, 124.381, 125.288, 0.907, 3150, 125.288, 126.042, 0.754, 14336, 0,     4.042,
 123, 3, 123, 123, 123.801, 0.801, 14336, 0, 123.801, 124.585, 0.784, 712, 124.585, 125.371, 0.786, 21504, 0, 125.371, 126.165, 0.795, 3150, 126.165, 126.929, 0.764, 14336, 0,     3.929,
 124, 3, 124, 124, 124.818, 0.818, 14336, 0, 124.818, 125.657, 0.839, 743, 125.657, 126.463, 0.805, 22528, 0, 126.463, 127.271, 0.808, 3300, 127.271, 128.025, 0.754, 14336, 0,     4.025,
 125, 3, 125, 125, 125.687, 0.687, 12288, 0, 125.687, 126.389, 0.702, 621, 126.389, 127.125, 0.736, 18432, 0, 127.125, 127.931, 0.806, 2700, 127.931, 128.667, 0.736, 12288, 0,     3.667,
 126, 3, 126, 126, 126.703, 0.703, 12288, 0, 126.703, 127.418, 0.715, 648, 127.418, 128.122, 0.704, 19456, 0, 128.122, 128.826, 0.704, 2850, 128.826, 129.464, 0.638, 12288, 0,     3.464,
 127, 3, 127, 127, 127.96, 0.96, 17408, 0, 127.96, 128.913, 0.954, 859, 128.913, 129.85, 0.936, 25600, 0, 129.85, 130.779, 0.929, 3750, 130.779, 131.649, 0.87, 16384, 0,     4.649,
 128, 3, 128, 128, 128.928, 0.928, 16384, 0, 128.928, 129.869, 0.941, 837, 129.869, 130.798, 0.929, 25600, 0, 130.798, 131.722, 0.925, 3750, 131.722, 132.575, 0.852, 16384, 0,     4.575,
 129, 3, 129, 129, 129.917, 0.917, 16384, 0, 129.917, 130.835, 0.918, 814, 130.835, 131.712, 0.878, 24576, 0, 131.712, 132.612, 0.9, 3600, 132.612, 133.456, 0.844, 16384, 0,     4.456,
 130, 3, 130, 130, 130.911, 0.911, 16384, 0, 130.911, 131.833, 0.922, 820, 131.833, 132.737, 0.904, 24576, 0, 132.737, 133.623, 0.887, 3600, 133.623, 134.493, 0.869, 16384, 0,     4.493,
 131, 3, 131, 131, 131.917, 0.917, 16384, 0, 131.917, 132.809, 0.892, 801, 132.809, 133.714, 0.905, 24576, 0, 133.714, 134.598, 0.884, 3600, 134.598, 135.447, 0.849, 16384, 0,     4.447,
 132, 3, 132, 132, 132.977, 0.977, 17408, 0, 132.977, 133.958, 0.981, 883, 133.958, 134.918, 0.96, 26624, 0, 134.918, 135.889, 0.971, 3900, 135.889, 136.817, 0.928, 17408, 0,     4.817,
 133, 3, 133, 133, 133.7, 0.7, 12288, 0, 133.7, 134.683, 0.983, 645, 134.683, 135.63, 0.947, 19456, 0, 135.63, 136.595, 0.965, 2850, 136.595, 137.465, 0.87, 12288, 0,     4.465,
 134, 3, 134, 134, 134.683, 0.683, 12288, 0, 134.683, 135.368, 0.685, 611, 135.368, 136.297, 0.929, 18432, 0, 136.297, 137.265, 0.968, 2700, 137.265, 138.119, 0.853, 12288, 0,     4.119,
 135, 3, 135, 135, 135.859, 0.859, 15360, 0, 135.859, 136.748, 0.889, 794, 136.748, 137.621, 0.872, 23552, 0, 137.621, 138.493, 0.872, 3450, 138.493, 139.3, 0.807, 15360, 0,     4.300,
 136, 3, 136, 136, 136.702, 0.702, 12288, 0, 136.702, 137.452, 0.749, 630, 137.452, 138.288, 0.837, 18432, 0, 138.288, 139.178, 0.89, 2700, 139.178, 139.94, 0.762, 12288, 0,     3.940,
 137, 3, 137, 137, 137.845, 0.845, 15360, 0, 137.845, 138.702, 0.857, 773, 138.702, 139.551, 0.849, 23552, 0, 139.551, 140.398, 0.846, 3450, 140.398, 141.201, 0.804, 15360, 0,     4.201,
 138, 3, 138, 138, 138.868, 0.868, 15360, 0, 138.868, 139.72, 0.852, 779, 139.72, 140.582, 0.861, 23552, 0, 140.582, 141.428, 0.846, 3450, 141.428, 142.227, 0.799, 15360, 0,     4.227,
 139, 3, 139, 139, 139.877, 0.877, 15360, 0, 139.877, 140.745, 0.867, 776, 140.745, 141.587, 0.843, 23552, 0, 141.587, 142.437, 0.849, 3450, 142.437, 143.246, 0.809, 15360, 0,     4.246,
 140, 3, 140, 140, 140.745, 0.745, 13312, 0, 140.745, 141.48, 0.734, 661, 141.48, 142.3, 0.82, 19456, 0, 142.3, 143.146, 0.846, 2850, 143.146, 143.895, 0.749, 12288, 0,     3.895,
 141, 3, 141, 141, 141.978, 0.978, 17408, 0, 141.978, 142.958, 0.98, 883, 142.958, 143.933, 0.975, 26624, 0, 143.933, 144.909, 0.977, 3900, 144.909, 145.832, 0.923, 17408, 0,     4.832,
 142, 3, 142, 142, 142.8, 0.8, 14336, 0, 142.8, 143.773, 0.973, 730, 143.773, 144.702, 0.929, 21504, 0, 144.702, 145.711, 1.01, 3150, 145.711, 146.575, 0.864, 14336, 0,     4.575,
 143, 3, 143, 143, 143.975, 0.975, 17408, 0, 143.975, 144.972, 0.997, 888, 144.972, 145.941, 0.969, 26624, 0, 145.941, 146.911, 0.97, 3900, 146.911, 147.82, 0.909, 17408, 0,     4.820,
 144, 3, 144, 144, 144.918, 0.918, 16384, 0, 144.918, 145.895, 0.978, 808, 145.895, 146.822, 0.927, 24576, 0, 146.822, 147.804, 0.982, 3600, 147.804, 148.658, 0.854, 16384, 0,     4.658,
 145, 3, 145, 145, 145.754, 0.754, 13312, 0, 145.754, 146.666, 0.912, 687, 146.666, 147.574, 0.908, 20480, 0, 147.574, 148.543, 0.97, 3000, 148.543, 149.351, 0.808, 13312, 0,     4.351,
 146, 3, 146, 146, 146.904, 0.904, 16384, 0, 146.904, 147.84, 0.936, 834, 147.84, 148.755, 0.915, 25600, 0, 148.755, 149.677, 0.922, 3750, 149.677, 150.524, 0.847, 16384, 0,     4.524,
 147, 3, 147, 147, 147.811, 0.811, 14336, 0, 147.811, 148.674, 0.863, 733, 148.674, 149.565, 0.891, 22528, 0, 149.565, 150.494, 0.93, 3300, 150.494, 151.267, 0.773, 14336, 0,     4.267,
 148, 3, 148, 148, 148.755, 0.755, 13312, 0, 148.755, 149.546, 0.791, 695, 149.546, 150.307, 0.761, 20480, 0, 150.307, 151.239, 0.932, 3000, 151.239, 151.963, 0.723, 13312, 0,     3.963,
 149, 3, 149, 149, 149.795, 0.795, 14336, 0, 149.795, 150.593, 0.797, 711, 150.593, 151.371, 0.779, 21504, 0, 151.371, 152.154, 0.782, 3150, 152.154, 152.904, 0.75, 14336, 0,     3.904,
 150, 3, 150, 150, 150.773, 0.773, 13312, 0, 150.773, 151.555, 0.782, 693, 151.555, 152.293, 0.737, 20480, 0, 152.293, 153.035, 0.742, 3000, 153.035, 153.737, 0.703, 13312, 0,     3.737,
 151, 3, 151, 151, 151.703, 0.703, 12288, 0, 151.703, 152.372, 0.67, 608, 152.372, 153.052, 0.68, 18432, 0, 153.052, 153.724, 0.673, 2700, 153.724, 154.378, 0.653, 12288, 0,     3.378,
 152, 3, 152, 152, 152.901, 0.901, 16384, 0, 152.901, 153.812, 0.911, 811, 153.812, 154.69, 0.878, 24576, 0, 154.69, 155.58, 0.89, 3600, 155.58, 156.427, 0.848, 16384, 0,     4.427,
 153, 3, 153, 153, 153.684, 0.684, 12288, 0, 153.684, 154.535, 0.851, 646, 154.535, 155.396, 0.861, 19456, 0, 155.396, 156.284, 0.888, 2850, 156.284, 157.067, 0.783, 12288, 0,     4.067,
 154, 3, 154, 154, 154.759, 0.759, 13312, 0, 154.759, 155.507, 0.748, 651, 155.507, 156.216, 0.709, 19456, 0, 156.216, 156.993, 0.776, 2850, 156.993, 157.705, 0.713, 12288, 0,     3.705,
 155, 3, 155, 155, 155.877, 0.877, 15360, 0, 155.877, 156.709, 0.832, 754, 156.709, 157.533, 0.824, 22528, 0, 157.533, 158.376, 0.842, 3300, 158.376, 159.124, 0.748, 14336, 0,     4.124,
 156, 3, 156, 156, 156.852, 0.852, 15360, 0, 156.852, 157.714, 0.862, 766, 157.714, 158.539, 0.825, 22528, 0, 158.539, 159.362, 0.823, 3300, 159.362, 160.117, 0.755, 14336, 0,     4.117,
 157, 3, 157, 157, 157.904, 0.904, 16384, 0, 157.904, 158.835, 0.931, 830, 158.835, 159.74, 0.905, 24576, 0, 159.74, 160.631, 0.891, 3600, 160.631, 161.49, 0.858, 16384, 0,     4.490,
 158, 3, 158, 158, 158.925, 0.925, 16384, 0, 158.925, 159.821, 0.896, 802, 159.821, 160.726, 0.905, 24576, 0, 160.726, 161.616, 0.891, 3600, 161.616, 162.458, 0.842, 16384, 0,     4.458,
 159, 3, 159, 159, 159.975, 0.975, 17408, 0, 159.975, 160.932, 0.958, 859, 160.932, 161.864, 0.932, 25600, 0, 161.864, 162.793, 0.929, 3750, 162.793, 163.639, 0.846, 16384, 0,     4.639,
 160, 3, 160, 160, 160.861, 0.861, 15360, 0, 160.861, 161.794, 0.933, 773, 161.794, 162.72, 0.926, 23552, 0, 162.72, 163.64, 0.92, 3450, 163.64, 164.443, 0.803, 15360, 0,     4.443,
 161, 3, 161, 161, 161.853, 0.853, 15360, 0, 161.853, 162.718, 0.864, 773, 162.718, 163.58, 0.862, 23552, 0, 163.58, 164.496, 0.917, 3450, 164.496, 165.287, 0.79, 15360, 0,     4.287,
 162, 3, 162, 162, 162.687, 0.687, 12288, 0, 162.687, 163.393, 0.706, 612, 163.393, 164.245, 0.852, 18432, 0, 164.245, 165.155, 0.91, 2700, 165.155, 165.924, 0.769, 12288, 0,     3.924,
 163, 3, 163, 163, 163.917, 0.917, 16384, 0, 163.917, 164.832, 0.915, 812, 164.832, 165.733, 0.902, 24576, 0, 165.733, 166.64, 0.906, 3600, 166.64, 167.489, 0.849, 16384, 0,     4.489,
 164, 3, 164, 164, 164.796, 0.796, 14336, 0, 164.796, 165.61, 0.814, 707, 165.61, 166.524, 0.914, 21504, 0, 166.524, 167.417, 0.893, 3150, 167.417, 168.234, 0.817, 14336, 0,     4.234,
 165, 3, 165, 165, 165.688, 0.688, 12288, 0, 165.688, 166.391, 0.703, 628, 166.391, 167.195, 0.804, 18432, 0, 167.195, 168.079, 0.884, 2700, 168.079, 168.877, 0.798, 12288, 0,     3.877,
 166, 3, 166, 166, 166.936, 0.936, 16384, 0, 166.936, 167.84, 0.904, 809, 167.84, 168.713, 0.874, 24576, 0, 168.713, 169.607, 0.894, 3600, 169.607, 170.464, 0.857, 16384, 0,     4.464,
 167, 3, 167, 167, 167.917, 0.917, 16384, 0, 167.917, 168.865, 0.947, 837, 168.865, 169.804, 0.939, 25600, 0, 169.804, 170.731, 0.927, 3750, 170.731, 171.581, 0.851, 16384, 0,     4.581,
 168, 3, 168, 168, 168.912, 0.912, 16384, 0, 168.912, 169.859, 0.947, 844, 169.859, 170.797, 0.938, 25600, 0, 170.797, 171.723, 0.926, 3750, 171.723, 172.564, 0.841, 16384, 0,     4.564,
 169, 3, 169, 169, 169.795, 0.795, 14336, 0, 169.795, 170.639, 0.843, 709, 170.639, 171.561, 0.922, 21504, 0, 171.561, 172.51, 0.948, 3150, 172.51, 173.303, 0.793, 14336, 0,     4.303,
 170, 3, 170, 170, 170.795, 0.795, 14336, 0, 170.795, 171.602, 0.807, 725, 171.602, 172.389, 0.787, 21504, 0, 172.389, 173.294, 0.905, 3150, 173.294, 174.052, 0.757, 14336, 0,     4.052,
 171, 3, 171, 171, 171.813, 0.813, 14336, 0, 171.813, 172.638, 0.825, 725, 172.638, 173.405, 0.768, 21504, 0, 173.405, 174.177, 0.771, 3150, 174.177, 174.939, 0.762, 14336, 0,     3.939,
 172, 3, 172, 172, 172.974, 0.974, 17408, 0, 172.974, 173.929, 0.954, 853, 173.929, 174.87, 0.941, 25600, 0, 174.87, 175.802, 0.932, 3750, 175.802, 176.665, 0.863, 16384, 0,     4.665,
 173, 3, 173, 173, 173.688, 0.688, 12288, 0, 173.688, 174.624, 0.936, 619, 174.624, 175.536, 0.912, 18432, 0, 175.536, 176.481, 0.946, 2700, 176.481, 177.309, 0.827, 12288, 0,     4.309,
 174, 3, 174, 174, 174.758, 0.758, 13312, 0, 174.758, 175.515, 0.757, 676, 175.515, 176.285, 0.77, 20480, 0, 176.285, 177.228, 0.943, 3000, 177.228, 178.001, 0.773, 13312, 0,     4.001,
 175, 3, 175, 175, 175.752, 0.752, 13312, 0, 175.752, 176.535, 0.784, 699, 176.535, 177.282, 0.747, 20480, 0, 177.282, 178.029, 0.747, 3000, 178.029, 178.723, 0.694, 13312, 0,     3.723,
 176, 3, 176, 176, 176.875, 0.875, 15360, 0, 176.875, 177.734, 0.859, 774, 177.734, 178.589, 0.854, 23552, 0, 178.589, 179.441, 0.852, 3450, 179.441, 180.243, 0.802, 15360, 0,     4.243,
 177, 3, 177, 177, 177.911, 0.911, 16384, 0, 177.911, 178.821, 0.91, 813, 178.821, 179.705, 0.884, 24576, 0, 179.705, 180.597, 0.892, 3600, 180.597, 181.455, 0.858, 16384, 0,     4.455,
 178, 3, 178, 178, 178.96, 0.96, 17408, 0, 178.96, 179.922, 0.963, 856, 179.922, 180.854, 0.932, 25600, 0, 180.854, 181.785, 0.931, 3750, 181.785, 182.645, 0.861, 16384, 0,     4.645,
 179, 3, 179, 179, 179.75, 0.75, 13312, 0, 179.75, 180.66, 0.91, 666, 180.66, 181.564, 0.904, 19456, 0, 181.564, 182.501, 0.937, 2850, 182.501, 183.288, 0.787, 12288, 0,     4.288,
 180, 3, 180, 180, 180.846, 0.846, 15360, 0, 180.846, 181.734, 0.888, 790, 181.734, 182.605, 0.871, 23552, 0, 182.605, 183.472, 0.867, 3450, 183.472, 184.282, 0.81, 15360, 0,     4.282,
 181, 3, 181, 181, 181.806, 0.806, 14336, 0, 181.806, 182.583, 0.777, 701, 182.583, 183.386, 0.803, 21504, 0, 183.386, 184.254, 0.868, 3150, 184.254, 185.037, 0.783, 14336, 0,     4.037,
 182, 3, 182, 182, 182.752, 0.752, 13312, 0, 182.752, 183.502, 0.75, 685, 183.502, 184.243, 0.742, 20480, 0, 184.243, 184.998, 0.755, 3000, 184.998, 185.736, 0.738, 13312, 0,     3.736,
 183, 3, 183, 183, 183.915, 0.915, 16384, 0, 183.915, 184.858, 0.943, 840, 184.858, 185.776, 0.917, 25600, 0, 185.776, 186.712, 0.936, 3750, 186.712, 187.584, 0.872, 16384, 0,     4.584,
 184, 3, 184, 184, 184.792, 0.792, 14336, 0, 184.792, 185.703, 0.91, 738, 185.703, 186.589, 0.886, 22528, 0, 186.589, 187.524, 0.935, 3300, 187.524, 188.338, 0.814, 14336, 0,     4.338,
 185, 3, 185, 185, 185.693, 0.693, 12288, 0, 185.693, 186.373, 0.68, 600, 186.373, 187.255, 0.881, 18432, 0, 187.255, 188.189, 0.935, 2700, 188.189, 188.976, 0.787, 12288, 0,     3.976,
 186, 3, 186, 186, 186.751, 0.751, 13312, 0, 186.751, 187.492, 0.741, 681, 187.492, 188.236, 0.744, 20480, 0, 188.236, 188.969, 0.733, 3000, 188.969, 189.671, 0.702, 13312, 0,     3.671,
 187, 3, 187, 187, 187.871, 0.871, 15360, 0, 187.871, 188.74, 0.869, 787, 188.74, 189.598, 0.859, 23552, 0, 189.598, 190.456, 0.858, 3450, 190.456, 191.254, 0.797, 15360, 0,     4.254,
 188, 3, 188, 188, 188.816, 0.816, 14336, 0, 188.816, 189.639, 0.823, 741, 189.639, 190.458, 0.819, 22528, 0, 190.458, 191.279, 0.82, 3300, 191.279, 192.034, 0.755, 14336, 0,     4.034,
 189, 3, 189, 189, 189.688, 0.688, 12288, 0, 189.688, 190.411, 0.722, 649, 190.411, 191.166, 0.755, 19456, 0, 191.166, 191.997, 0.831, 2850, 191.997, 192.671, 0.673, 12288, 0,     3.671,
 190, 3, 190, 190, 190.989, 0.989, 17408, 0, 190.989, 191.997, 1.008, 891, 191.997, 192.969, 0.971, 26624, 0, 192.969, 193.921, 0.953, 3900, 193.921, 194.848, 0.926, 17408, 0,     4.848,
 191, 3, 191, 191, 191.983, 0.983, 17408, 0, 191.983, 192.959, 0.976, 874, 192.959, 193.944, 0.984, 26624, 0, 193.944, 194.916, 0.973, 3900, 194.916, 195.828, 0.912, 17408, 0,     4.828,
 192, 3, 192, 192, 192.757, 0.757, 13312, 0, 192.757, 193.741, 0.984, 685, 193.741, 194.697, 0.956, 20480, 0, 194.697, 195.655, 0.958, 3000, 195.655, 196.528, 0.873, 13312, 0,     4.528,
 193, 3, 193, 193, 193.701, 0.701, 12288, 0, 193.701, 194.457, 0.756, 641, 194.457, 195.406, 0.95, 19456, 0, 195.406, 196.357, 0.951, 2850, 196.357, 197.169, 0.812, 12288, 0,     4.169,
 194, 3, 194, 194, 194.746, 0.746, 13312, 0, 194.746, 195.488, 0.742, 666, 195.488, 196.201, 0.712, 19456, 0, 196.201, 197.074, 0.873, 2850, 197.074, 197.806, 0.732, 12288, 0,     3.806,
 195, 3, 195, 195, 195.923, 0.923, 16384, 0, 195.923, 196.824, 0.901, 804, 196.824, 197.709, 0.885, 24576, 0, 197.709, 198.603, 0.895, 3600, 198.603, 199.455, 0.852, 16384, 0,     4.455,
 196, 3, 196, 196, 196.783, 0.783, 14336, 0, 196.783, 197.649, 0.866, 745, 197.649, 198.519, 0.871, 22528, 0, 198.519, 199.441, 0.922, 3300, 199.441, 200.197, 0.756, 14336, 0,     4.197,
 197, 3, 197, 197, 197.912, 0.912, 16384, 0, 197.912, 198.847, 0.935, 834, 198.847, 199.777, 0.931, 25600, 0, 199.777, 200.711, 0.933, 3750, 200.711, 201.565, 0.854, 16384, 0,     4.565,
 198, 3, 198, 198, 198.98, 0.98, 17408, 0, 198.98, 199.949, 0.969, 857, 199.949, 200.882, 0.933, 25600, 0, 200.882, 201.799, 0.917, 3750, 201.799, 202.644, 0.845, 16384, 0,     4.644,
 199, 3, 199, 199, 199.737, 0.737, 13312, 0, 199.737, 200.717, 0.98, 691, 200.717, 201.625, 0.907, 20480, 0, 201.625, 202.534, 0.909, 3000, 202.534, 203.346, 0.813, 13312, 0,     4.346,
 200, 3, 201, 201, 201.922, 0.922, 16384, 0, 201.922, 202.831, 0.909, 806, 202.831, 203.726, 0.895, 24576, 0, 203.726, 204.62, 0.894, 3600, 204.62, 205.475, 0.855, 16384, 0,     4.475,
 201, 3, 202, 202, 202.847, 0.847, 15360, 0, 202.847, 203.706, 0.859, 780, 203.706, 204.58, 0.874, 23552, 0, 204.58, 205.482, 0.902, 3450, 205.482, 206.287, 0.805, 15360, 0,     4.287,
 202, 3, 203, 203, 203.841, 0.841, 15360, 0, 203.841, 204.678, 0.838, 754, 204.678, 205.514, 0.836, 22528, 0, 205.514, 206.332, 0.819, 3300, 206.332, 207.097, 0.764, 14336, 0,     4.097,
 203, 3, 204, 204, 204.752, 0.752, 13312, 0, 204.752, 205.502, 0.75, 657, 205.502, 206.217, 0.715, 19456, 0, 206.217, 207.031, 0.813, 2850, 207.031, 207.745, 0.714, 12288, 0,     3.745,
 204, 3, 205, 205, 205.976, 0.976, 17408, 0, 205.976, 206.945, 0.969, 862, 206.945, 207.869, 0.924, 25600, 0, 207.869, 208.787, 0.918, 3750, 208.787, 209.634, 0.847, 16384, 0,     4.634,
 205, 3, 206, 206, 206.922, 0.922, 16384, 0, 206.922, 207.875, 0.953, 812, 207.875, 208.777, 0.902, 24576, 0, 208.777, 209.689, 0.912, 3600, 209.689, 210.545, 0.856, 16384, 0,     4.545,
 206, 3, 207, 207, 207.855, 0.855, 15360, 0, 207.855, 208.736, 0.881, 755, 208.736, 209.572, 0.836, 22528, 0, 209.572, 210.53, 0.958, 3300, 210.53, 211.304, 0.774, 14336, 0,     4.304,
 207, 3, 208, 208, 208.912, 0.912, 16384, 0, 208.912, 209.82, 0.908, 823, 209.82, 210.72, 0.9, 24576, 0, 210.72, 211.601, 0.881, 3600, 211.601, 212.452, 0.851, 16384, 0,     4.452,
 208, 3, 209, 209, 209.856, 0.856, 15360, 0, 209.856, 210.735, 0.879, 793, 210.735, 211.603, 0.868, 23552, 0, 211.603, 212.448, 0.845, 3450, 212.448, 213.267, 0.819, 15360, 0,     4.267,
 209, 3, 210, 210, 210.753, 0.753, 13312, 0, 210.753, 211.499, 0.745, 676, 211.499, 212.347, 0.849, 20480, 0, 212.347, 213.18, 0.833, 3000, 213.18, 213.969, 0.788, 13312, 0,     3.969,
 210, 3, 211, 211, 211.93, 0.93, 16384, 0, 211.93, 212.853, 0.924, 840, 212.853, 213.788, 0.935, 25600, 0, 213.788, 214.712, 0.924, 3750, 214.712, 215.557, 0.846, 16384, 0,     4.557,
 211, 3, 212, 212, 212.691, 0.691, 12288, 0, 212.691, 213.52, 0.829, 607, 213.52, 214.462, 0.942, 18432, 0, 214.462, 215.379, 0.917, 2700, 215.379, 216.2, 0.822, 12288, 0,     4.200,
 212, 3, 213, 213, 213.858, 0.858, 15360, 0, 213.858, 214.712, 0.853, 766, 214.712, 215.529, 0.817, 22528, 0, 215.529, 216.346, 0.817, 3300, 216.346, 217.092, 0.746, 14336, 0,     4.092,
 213, 3, 214, 214, 214.814, 0.814, 14336, 0, 214.814, 215.595, 0.78, 705, 215.595, 216.369, 0.774, 21504, 0, 216.369, 217.155, 0.787, 3150, 217.155, 217.9, 0.745, 14336, 0,     3.900,
 214, 3, 215, 215, 215.793, 0.793, 14336, 0, 215.793, 216.615, 0.822, 741, 216.615, 217.425, 0.81, 22528, 0, 217.425, 218.237, 0.813, 3300, 218.237, 218.976, 0.739, 14336, 0,     3.976,
 215, 3, 216, 216, 216.911, 0.911, 16384, 0, 216.911, 217.834, 0.924, 836, 217.834, 218.766, 0.932, 25600, 0, 218.766, 219.695, 0.928, 3750, 219.695, 220.557, 0.862, 16384, 0,     4.557,
 216, 3, 217, 217, 217.751, 0.751, 13312, 0, 217.751, 218.561, 0.811, 657, 218.561, 219.48, 0.919, 19456, 0, 219.48, 220.415, 0.935, 2850, 220.415, 221.201, 0.786, 12288, 0,     4.201,
 217, 3, 218, 218, 218.802, 0.802, 14336, 0, 218.802, 219.607, 0.805, 724, 219.607, 220.394, 0.787, 21504, 0, 220.394, 221.209, 0.815, 3150, 221.209, 221.958, 0.748, 14336, 0,     3.958,
 218, 3, 219, 219, 219.968, 0.968, 17408, 0, 219.968, 220.941, 0.973, 872, 220.941, 221.921, 0.98, 26624, 0, 221.921, 222.886, 0.966, 3900, 222.886, 223.803, 0.916, 17408, 0,     4.803,
 219, 3, 220, 220, 220.802, 0.802, 14336, 0, 220.802, 221.761, 0.958, 738, 221.761, 222.736, 0.976, 22528, 0, 222.736, 223.702, 0.966, 3300, 223.702, 224.533, 0.831, 14336, 0,     4.533,
 220, 3, 221, 221, 221.747, 0.747, 13312, 0, 221.747, 222.526, 0.779, 676, 222.526, 223.478, 0.952, 20480, 0, 223.478, 224.439, 0.961, 3000, 224.439, 225.216, 0.777, 13312, 0,     4.216,
 221, 3, 222, 222, 222.909, 0.909, 16384, 0, 222.909, 223.848, 0.939, 826, 223.848, 224.749, 0.901, 24576, 0, 224.749, 225.648, 0.898, 3600, 225.648, 226.506, 0.858, 16384, 0,     4.506,
 222, 3, 223, 223, 223.925, 0.925, 16384, 0, 223.925, 224.836, 0.912, 828, 224.836, 225.733, 0.897, 24576, 0, 225.733, 226.641, 0.907, 3600, 226.641, 227.493, 0.852, 16384, 0,     4.493,
 223, 3, 224, 224, 224.693, 0.693, 12288, 0, 224.693, 225.534, 0.841, 611, 225.534, 226.409, 0.875, 18432, 0, 226.409, 227.326, 0.918, 2700, 227.326, 228.14, 0.814, 12288, 0,     4.140,
 224, 3, 225, 225, 225.856, 0.856, 15360, 0, 225.856, 226.736, 0.88, 785, 226.736, 227.574, 0.838, 23552, 0, 227.574, 228.43, 0.856, 3450, 228.43, 229.233, 0.803, 15360, 0,     4.233,
 225, 3, 226, 226, 226.964, 0.964, 17408, 0, 226.964, 227.932, 0.968, 865, 227.932, 228.859, 0.927, 25600, 0, 228.859, 229.798, 0.939, 3750, 229.798, 230.67, 0.872, 16384, 0,     4.670,
 226, 3, 227, 227, 227.689, 0.689, 12288, 0, 227.689, 228.606, 0.917, 604, 228.606, 229.525, 0.919, 18432, 0, 229.525, 230.463, 0.938, 2700, 230.463, 231.322, 0.86, 12288, 0,     4.322,
 227, 3, 228, 228, 228.68, 0.68, 12288, 0, 228.68, 229.374, 0.694, 625, 229.374, 230.188, 0.814, 18432, 0, 230.188, 231.126, 0.938, 2700, 231.126, 231.968, 0.841, 12288, 0,     3.968,
 228, 3, 229, 229, 229.746, 0.746, 13312, 0, 229.746, 230.501, 0.755, 677, 230.501, 231.25, 0.748, 20480, 0, 231.25, 231.998, 0.748, 3000, 231.998, 232.703, 0.706, 13312, 0,     3.703,
 229, 3, 230, 230, 230.854, 0.854, 15360, 0, 230.854, 231.72, 0.866, 769, 231.72, 232.585, 0.866, 23552, 0, 232.585, 233.455, 0.869, 3450, 233.455, 234.262, 0.807, 15360, 0,     4.262,
 230, 3, 231, 231, 231.85, 0.85, 15360, 0, 231.85, 232.727, 0.877, 781, 232.727, 233.582, 0.856, 23552, 0, 233.582, 234.415, 0.833, 3450, 234.415, 235.211, 0.796, 15360, 0,     4.211,
 231, 3, 232, 232, 232.866, 0.866, 15360, 0, 232.866, 233.757, 0.891, 788, 233.757, 234.612, 0.855, 23552, 0, 234.612, 235.471, 0.859, 3450, 235.471, 236.289, 0.818, 15360, 0,     4.289,
 232, 3, 233, 233, 233.747, 0.747, 13312, 0, 233.747, 234.538, 0.79, 695, 234.538, 235.365, 0.827, 20480, 0, 235.365, 236.247, 0.883, 3000, 236.247, 236.998, 0.75, 13312, 0,     3.998,
 233, 3, 234, 234, 234.796, 0.796, 14336, 0, 234.796, 235.603, 0.807, 728, 235.603, 236.389, 0.787, 21504, 0, 236.389, 237.173, 0.784, 3150, 237.173, 237.933, 0.76, 14336, 0,     3.933,
 234, 3, 235, 235, 235.918, 0.918, 16384, 0, 235.918, 236.815, 0.897, 804, 236.815, 237.701, 0.886, 24576, 0, 237.701, 238.61, 0.909, 3600, 238.61, 239.476, 0.866, 16384, 0,     4.476,
 235, 3, 236, 236, 236.805, 0.805, 14336, 0, 236.805, 237.619, 0.814, 705, 237.619, 238.469, 0.85, 21504, 0, 238.469, 239.403, 0.934, 3150, 239.403, 240.235, 0.831, 14336, 0,     4.235,
 236, 3, 237, 237, 237.912, 0.912, 16384, 0, 237.912, 238.841, 0.929, 819, 238.841, 239.727, 0.886, 24576, 0, 239.727, 240.64, 0.914, 3600, 240.64, 241.496, 0.856, 16384, 0,     4.496,
 237, 3, 238, 238, 238.868, 0.868, 15360, 0, 238.868, 239.737, 0.87, 783, 239.737, 240.605, 0.868, 23552, 0, 240.605, 241.485, 0.88, 3450, 241.485, 242.305, 0.82, 15360, 0,     4.305,
 238, 3, 239, 239, 239.93, 0.93, 16384, 0, 239.93, 240.87, 0.94, 849, 240.87, 241.797, 0.926, 25600, 0, 241.797, 242.735, 0.939, 3750, 242.735, 243.6, 0.865, 16384, 0,     4.600,
 239, 3, 240, 240, 240.93, 0.93, 16384, 0, 240.93, 241.854, 0.924, 826, 241.854, 242.745, 0.891, 24576, 0, 242.745, 243.629, 0.885, 3600, 243.629, 244.483, 0.854, 16384, 0,     4.483,
 240, 3, 241, 241, 241.683, 0.683, 12288, 0, 241.683, 242.562, 0.88, 616, 242.562, 243.41, 0.847, 18432, 0, 243.41, 244.287, 0.878, 2700, 244.287, 245.121, 0.834, 12288, 0,     4.121,
 241, 3, 242, 242, 242.971, 0.971, 17408, 0, 242.971, 243.927, 0.956, 865, 243.927, 244.858, 0.931, 25600, 0, 244.858, 245.779, 0.922, 3750, 245.779, 246.63, 0.851, 16384, 0,     4.630,
 242, 3, 243, 243, 243.927, 0.927, 16384, 0, 243.927, 244.866, 0.939, 840, 244.866, 245.798, 0.932, 25600, 0, 245.798, 246.708, 0.91, 3750, 246.708, 247.575, 0.867, 16384, 0,     4.575,
 243, 3, 244, 244, 244.737, 0.737, 13312, 0, 244.737, 245.605, 0.867, 665, 245.605, 246.5, 0.896, 19456, 0, 246.5, 247.426, 0.926, 2850, 247.426, 248.217, 0.791, 12288, 0,     4.217,
 244, 3, 245, 245, 245.812, 0.812, 14336, 0, 245.812, 246.622, 0.81, 739, 246.622, 247.442, 0.82, 22528, 0, 247.442, 248.266, 0.823, 3300, 248.266, 249.033, 0.767, 14336, 0,     4.033,
 245, 3, 246, 246, 246.858, 0.858, 15360, 0, 246.858, 247.75, 0.892, 793, 247.75, 248.619, 0.869, 23552, 0, 248.619, 249.481, 0.862, 3450, 249.481, 250.282, 0.801, 15360, 0,     4.282,
 246, 3, 247, 247, 247.916, 0.916, 16384, 0, 247.916, 248.827, 0.911, 820, 248.827, 249.733, 0.906, 24576, 0, 249.733, 250.62, 0.887, 3600, 250.62, 251.465, 0.845, 16384, 0,     4.465,
 247, 3, 248, 248, 248.749, 0.749, 13312, 0, 248.749, 249.62, 0.87, 698, 249.62, 250.476, 0.857, 20480, 0, 250.476, 251.371, 0.895, 3000, 251.371, 252.161, 0.791, 13312, 0,     4.161,
 248, 3, 249, 249, 249.928, 0.928, 16384, 0, 249.928, 250.824, 0.897, 811, 250.824, 251.729, 0.904, 24576, 0, 251.729, 252.617, 0.889, 3600, 252.617, 253.478, 0.86, 16384, 0,     4.478,
 249, 3, 250, 250, 250.697, 0.697, 12288, 0, 250.697, 251.499, 0.801, 604, 251.499, 252.402, 0.903, 18432, 0, 252.402, 253.299, 0.896, 2700, 253.299, 254.117, 0.819, 12288, 0,     4.117,
 250, 3, 251, 251, 251.845, 0.845, 15360, 0, 251.845, 252.702, 0.857, 779, 252.702, 253.558, 0.857, 23552, 0, 253.558, 254.423, 0.865, 3450, 254.423, 255.225, 0.802, 15360, 0,     4.225,
 251, 3, 252, 252, 252.692, 0.692, 12288, 0, 252.692, 253.378, 0.686, 606, 253.378, 254.224, 0.847, 18432, 0, 254.224, 255.092, 0.868, 2700, 255.092, 255.867, 0.775, 12288, 0,     3.867,
 252, 3, 253, 253, 253.818, 0.818, 14336, 0, 253.818, 254.632, 0.815, 729, 254.632, 255.413, 0.781, 21504, 0, 255.413, 256.201, 0.788, 3150, 256.201, 256.939, 0.737, 14336, 0,     3.939,
 253, 3, 254, 254, 254.75, 0.75, 13312, 0, 254.75, 255.484, 0.734, 661, 255.484, 256.177, 0.693, 19456, 0, 256.177, 256.913, 0.736, 2850, 256.913, 257.577, 0.665, 12288, 0,     3.577,
 254, 3, 255, 255, 255.924, 0.924, 16384, 0, 255.924, 256.843, 0.919, 805, 256.843, 257.747, 0.904, 24576, 0, 257.747, 258.625, 0.878, 3600, 258.625, 259.489, 0.863, 16384, 0,     4.489,
 255, 3, 256, 256, 256.799, 0.799, 14336, 0, 256.799, 257.665, 0.865, 735, 257.665, 258.566, 0.901, 22528, 0, 258.566, 259.457, 0.891, 3300, 259.457, 260.245, 0.788, 14336, 0,     4.245,
 256, 3, 257, 257, 257.984, 0.984, 17408, 0, 257.984, 258.943, 0.958, 854, 258.943, 259.867, 0.924, 25600, 0, 259.867, 260.806, 0.939, 3750, 260.806, 261.657, 0.851, 16384, 0,     4.657,
 257, 3, 258, 258, 258.754, 0.754, 13312, 0, 258.754, 259.688, 0.934, 663, 259.688, 260.59, 0.902, 19456, 0, 260.59, 261.514, 0.924, 2850, 261.514, 262.302, 0.788, 12288, 0,     4.302,
 258, 3, 259, 259, 259.698, 0.698, 12288, 0, 259.698, 260.405, 0.707, 639, 260.405, 261.301, 0.896, 19456, 0, 261.301, 262.23, 0.93, 2850, 262.23, 262.946, 0.715, 12288, 0,     3.946,
 259, 3, 260, 260, 260.868, 0.868, 15360, 0, 260.868, 261.755, 0.886, 792, 261.755, 262.622, 0.868, 23552, 0, 262.622, 263.475, 0.853, 3450, 263.475, 264.282, 0.807, 15360, 0,     4.282,
 260, 3, 261, 261, 261.869, 0.869, 15360, 0, 261.869, 262.745, 0.876, 776, 262.745, 263.604, 0.859, 23552, 0, 263.604, 264.46, 0.855, 3450, 264.46, 265.252, 0.792, 15360, 0,     4.252,
 261, 3, 262, 262, 262.999, 0.999, 17408, 0, 262.999, 263.944, 0.945, 856, 263.944, 264.869, 0.925, 25600, 0, 264.869, 265.798, 0.93, 3750, 265.798, 266.647, 0.848, 16384, 0,     4.647,
 262, 3, 263, 263, 263.97, 0.97, 17408, 0, 263.97, 264.945, 0.975, 889, 264.945, 265.9, 0.955, 26624, 0, 265.9, 266.874, 0.974, 3900, 266.874, 267.787, 0.913, 17408, 0,     4.787,
 263, 3, 264, 264, 264.918, 0.918, 16384, 0, 264.918, 265.868, 0.95, 827, 265.868, 266.8, 0.932, 24576, 0, 266.8, 267.777, 0.977, 3600, 267.777, 268.645, 0.868, 16384, 0,     4.645,
 264, 3, 265, 265, 265.929, 0.929, 16384, 0, 265.929, 266.856, 0.926, 837, 266.856, 267.797, 0.941, 25600, 0, 267.797, 268.726, 0.929, 3750, 268.726, 269.585, 0.86, 16384, 0,     4.585,
 265, 3, 266, 266, 266.792, 0.792, 14336, 0, 266.792, 267.673, 0.881, 743, 267.673, 268.614, 0.941, 22528, 0, 268.614, 269.538, 0.925, 3300, 269.538, 270.331, 0.793, 14336, 0,     4.331,
 266, 3, 267, 267, 267.693, 0.693, 12288, 0, 267.693, 268.369, 0.675, 600, 268.369, 269.275, 0.907, 18432, 0, 269.275, 270.215, 0.939, 2700, 270.215, 270.979, 0.765, 12288, 0,     3.979,
 267, 3, 268, 268, 268.811, 0.811, 14336, 0, 268.811, 269.61, 0.799, 716, 269.61, 270.398, 0.789, 21504, 0, 270.398, 271.174, 0.776, 3150, 271.174, 271.917, 0.743, 14336, 0,     3.917,
 268, 3, 269, 269, 269.68, 0.68, 12288, 0, 269.68, 270.384, 0.704, 624, 270.384, 271.063, 0.679, 18432, 0, 271.063, 271.847, 0.785, 2700, 271.847, 272.56, 0.713, 12288, 0,     3.560,
 269, 3, 270, 270, 270.964, 0.964, 17408, 0, 270.964, 271.96, 0.996, 893, 271.96, 272.948, 0.989, 26624, 0, 272.948, 273.884, 0.936, 3900, 273.884, 274.812, 0.928, 17408, 0,     4.812,
 270, 3, 271, 271, 272.006, 1.006, 17408, 0, 272.006, 272.985, 0.979, 879, 272.985, 273.967, 0.981, 26624, 0, 273.967, 274.945, 0.979, 3900, 274.945, 275.859, 0.914, 17408, 0,     4.859,
 271, 3, 272, 272, 272.694, 0.694, 12288, 0, 272.694, 273.663, 0.97, 602, 273.663, 274.621, 0.958, 18432, 0, 274.621, 275.611, 0.991, 2700, 275.611, 276.513, 0.901, 12288, 0,     4.513,
 272, 3, 273, 273, 273.867, 0.867, 15360, 0, 273.867, 274.758, 0.891, 786, 274.758, 275.618, 0.86, 23552, 0, 275.618, 276.476, 0.858, 3450, 276.476, 277.325, 0.848, 15360, 0,     4.325,
 273, 3, 274, 274, 274.747, 0.747, 13312, 0, 274.747, 275.495, 0.748, 651, 275.495, 276.317, 0.822, 19456, 0, 276.317, 277.185, 0.868, 2850, 277.185, 277.964, 0.779, 12288, 0,     3.964,
 274, 3, 275, 275, 275.699, 0.699, 12288, 0, 275.699, 276.39, 0.69, 618, 276.39, 277.064, 0.675, 18432, 0, 277.064, 277.843, 0.778, 2700, 277.843, 278.599, 0.757, 12288, 0,     3.599,
 275, 3, 276, 276, 276.704, 0.704, 12288, 0, 276.704, 277.397, 0.693, 617, 277.397, 278.064, 0.667, 18432, 0, 278.064, 278.736, 0.672, 2700, 278.736, 279.384, 0.648, 12288, 0,     3.384,
 276, 3, 277, 277, 277.802, 0.802, 14336, 0, 277.802, 278.611, 0.809, 744, 278.611, 279.439, 0.828, 22528, 0, 279.439, 280.265, 0.826, 3300, 280.265, 281.008, 0.742, 14336, 0,     4.008,
 277, 3, 278, 278, 278.751, 0.751, 13312, 0, 278.751, 279.52, 0.768, 696, 279.52, 280.265, 0.746, 20480, 0, 280.265, 281.023, 0.757, 3000, 281.023, 281.71, 0.687, 13312, 0,     3.710,
 278, 3, 279, 279, 279.929, 0.929, 16384, 0, 279.929, 280.877, 0.948, 848, 280.877, 281.824, 0.947, 25600, 0, 281.824, 282.754, 0.93, 3750, 282.754, 283.607, 0.853, 16384, 0,     4.607,
 279, 3, 280, 280, 280.785, 0.785, 14336, 0, 280.785, 281.703, 0.919, 747, 281.703, 282.643, 0.94, 22528, 0, 282.643, 283.562, 0.919, 3300, 283.562, 284.362, 0.8, 14336, 0,     4.362,
 280, 3, 281, 281, 281.751, 0.751, 13312, 0, 281.751, 282.507, 0.756, 668, 282.507, 283.383, 0.876, 20480, 0, 283.383, 284.306, 0.923, 3000, 284.306, 285.051, 0.744, 13312, 0,     4.051,
 281, 3, 282, 282, 282.799, 0.799, 14336, 0, 282.799, 283.576, 0.777, 704, 283.576, 284.352, 0.776, 21504, 0, 284.352, 285.135, 0.783, 3150, 285.135, 285.894, 0.759, 14336, 0,     3.894,
 282, 3, 283, 283, 283.933, 0.933, 16384, 0, 283.933, 284.849, 0.916, 821, 284.849, 285.743, 0.894, 24576, 0, 285.743, 286.63, 0.887, 3600, 286.63, 287.491, 0.86, 16384, 0,     4.491,
 283, 3, 284, 284, 284.976, 0.976, 17408, 0, 284.976, 285.935, 0.959, 867, 285.935, 286.896, 0.961, 26624, 0, 286.896, 287.862, 0.967, 3900, 287.862, 288.765, 0.902, 17408, 0,     4.765,
 284, 3, 285, 285, 285.987, 0.987, 17408, 0, 285.987, 286.95, 0.963, 865, 286.95, 287.885, 0.935, 25600, 0, 287.885, 288.805, 0.921, 3750, 288.805, 289.67, 0.865, 16384, 0,     4.670,
 285, 3, 286, 286, 286.785, 0.785, 14336, 0, 286.785, 287.749, 0.964, 715, 287.749, 288.672, 0.923, 21504, 0, 288.672, 289.596, 0.924, 3150, 289.596, 290.414, 0.818, 14336, 0,     4.414,
 286, 3, 287, 287, 287.693, 0.693, 12288, 0, 287.693, 288.429, 0.736, 600, 288.429, 289.35, 0.922, 18432, 0, 289.35, 290.264, 0.914, 2700, 290.264, 291.049, 0.785, 12288, 0,     4.049,
 287, 3, 288, 288, 288.917, 0.917, 16384, 0, 288.917, 289.832, 0.916, 830, 289.832, 290.719, 0.887, 24576, 0, 290.719, 291.63, 0.911, 3600, 291.63, 292.488, 0.858, 16384, 0,     4.488,
 288, 3, 289, 289, 289.735, 0.735, 13312, 0, 289.735, 290.569, 0.834, 664, 290.569, 291.425, 0.856, 19456, 0, 291.425, 292.338, 0.913, 2850, 292.338, 293.135, 0.797, 12288, 0,     4.135,
 289, 3, 290, 290, 290.8, 0.8, 14336, 0, 290.8, 291.63, 0.83, 744, 291.63, 292.459, 0.829, 22528, 0, 292.459, 293.267, 0.808, 3300, 293.267, 294.013, 0.746, 14336, 0,     4.013,
 290, 3, 291, 291, 291.85, 0.85, 15360, 0, 291.85, 292.76, 0.91, 793, 292.76, 293.622, 0.862, 23552, 0, 293.622, 294.468, 0.846, 3450, 294.468, 295.261, 0.793, 15360, 0,     4.261,
 291, 3, 292, 292, 292.877, 0.877, 15360, 0, 292.877, 293.725, 0.848, 771, 293.725, 294.587, 0.862, 23552, 0, 294.587, 295.447, 0.86, 3450, 295.447, 296.258, 0.811, 15360, 0,     4.258,
 292, 3, 293, 293, 293.979, 0.979, 17408, 0, 293.979, 294.939, 0.96, 863, 294.939, 295.884, 0.945, 25600, 0, 295.884, 296.793, 0.909, 3750, 296.793, 297.648, 0.855, 16384, 0,     4.648,
 293, 3, 294, 294, 294.821, 0.821, 14336, 0, 294.821, 295.731, 0.91, 700, 295.731, 296.65, 0.919, 21504, 0, 296.65, 297.562, 0.912, 3150, 297.562, 298.395, 0.833, 14336, 0,     4.395,
 294, 3, 295, 295, 295.853, 0.853, 15360, 0, 295.853, 296.701, 0.848, 751, 296.701, 297.52, 0.819, 22528, 0, 297.52, 298.378, 0.858, 3300, 298.378, 299.136, 0.759, 14336, 0,     4.136,
 295, 3, 296, 296, 296.928, 0.928, 16384, 0, 296.928, 297.817, 0.889, 812, 297.817, 298.728, 0.911, 24576, 0, 298.728, 299.617, 0.889, 3600, 299.617, 300.466, 0.848, 16384, 0,     4.466,
 296, 3, 297, 297, 297.867, 0.867, 15360, 0, 297.867, 298.742, 0.875, 787, 298.742, 299.607, 0.865, 23552, 0, 299.607, 300.487, 0.88, 3450, 300.487, 301.263, 0.776, 15360, 0,     4.263,
 297, 3, 298, 298, 298.918, 0.918, 16384, 0, 298.918, 299.842, 0.924, 825, 299.842, 300.744, 0.902, 24576, 0, 300.744, 301.645, 0.901, 3600, 301.645, 302.501, 0.856, 16384, 0,     4.501,
 298, 3, 299, 299, 299.803, 0.803, 14336, 0, 299.803, 300.643, 0.84, 710, 300.643, 301.531, 0.888, 21504, 0, 301.531, 302.446, 0.915, 3150, 302.446, 303.259, 0.813, 14336, 0,     4.259,
 299, 3, 300, 300, 300.699, 0.699, 12288, 0, 300.699, 301.408, 0.71, 621, 301.408, 302.205, 0.797, 18432, 0, 302.205, 303.109, 0.904, 2700, 303.109, 303.899, 0.79, 12288, 0,     3.899,
 300, 3, 301, 301, 301.799, 0.799, 14336, 0, 301.799, 302.583, 0.784, 711, 302.583, 303.364, 0.782, 21504, 0, 303.364, 304.137, 0.773, 3150, 304.137, 304.9, 0.763, 14336, 0,     3.900,
 301, 3, 302, 302, 302.867, 0.867, 15360, 0, 302.867, 303.741, 0.874, 790, 303.741, 304.61, 0.869, 23552, 0, 304.61, 305.462, 0.852, 3450, 305.462, 306.276, 0.814, 15360, 0,     4.276,
 302, 3, 303, 303, 303.744, 0.744, 13312, 0, 303.744, 304.503, 0.76, 693, 304.503, 305.362, 0.859, 20480, 0, 305.362, 306.22, 0.858, 3000, 306.22, 306.976, 0.756, 13312, 0,     3.976,
 303, 3, 304, 304, 304.803, 0.803, 14336, 0, 304.803, 305.593, 0.79, 716, 305.593, 306.375, 0.783, 21504, 0, 306.375, 307.147, 0.771, 3150, 307.147, 307.905, 0.759, 14336, 0,     3.905,
 304, 3, 305, 305, 305.805, 0.805, 14336, 0, 305.805, 306.631, 0.826, 740, 306.631, 307.434, 0.804, 22528, 0, 307.434, 308.258, 0.824, 3300, 308.258, 309.004, 0.746, 14336, 0,     4.004,
 305, 3, 306, 306, 306.974, 0.974, 17408, 0, 306.974, 307.982, 1.008, 897, 307.982, 308.929, 0.947, 26624, 0, 308.929, 309.884, 0.955, 3900, 309.884, 310.798, 0.914, 17408, 0,     4.798,
 306, 3, 307, 307, 307.803, 0.803, 14336, 0, 307.803, 308.821, 1.017, 742, 308.821, 309.732, 0.911, 22528, 0, 309.732, 310.712, 0.98, 3300, 310.712, 311.561, 0.848, 14336, 0,     4.561,
 307, 3, 308, 308, 308.931, 0.931, 16384, 0, 308.931, 309.854, 0.923, 821, 309.854, 310.73, 0.877, 24576, 0, 310.73, 311.634, 0.904, 3600, 311.634, 312.494, 0.859, 16384, 0,     4.494,
 308, 3, 309, 309, 309.92, 0.92, 16384, 0, 309.92, 310.843, 0.923, 829, 310.843, 311.735, 0.892, 24576, 0, 311.735, 312.634, 0.898, 3600, 312.634, 313.501, 0.867, 16384, 0,     4.501,
 309, 3, 310, 310, 310.917, 0.917, 16384, 0, 310.917, 311.852, 0.935, 844, 311.852, 312.779, 0.926, 25600, 0, 312.779, 313.728, 0.95, 3750, 313.728, 314.58, 0.852, 16384, 0,     4.580,
 310, 3, 311, 311, 311.804, 0.804, 14336, 0, 311.804, 312.637, 0.833, 702, 312.637, 313.545, 0.908, 21504, 0, 313.545, 314.524, 0.979, 3150, 314.524, 315.322, 0.798, 14336, 0,     4.322,
 311, 3, 312, 312, 312.913, 0.913, 16384, 0, 312.913, 313.848, 0.935, 847, 313.848, 314.766, 0.918, 25600, 0, 314.766, 315.698, 0.933, 3750, 315.698, 316.564, 0.866, 16384, 0,     4.564,
 312, 3, 313, 313, 313.86, 0.86, 15360, 0, 313.86, 314.696, 0.837, 757, 314.696, 315.578, 0.882, 22528, 0, 315.578, 316.52, 0.941, 3300, 316.52, 317.307, 0.787, 14336, 0,     4.307,
 313, 3, 314, 314, 314.758, 0.758, 13312, 0, 314.758, 315.491, 0.732, 655, 315.491, 316.281, 0.79, 19456, 0, 316.281, 317.224, 0.944, 2850, 317.224, 317.944, 0.719, 12288, 0,     3.944,
 314, 3, 315, 315, 315.768, 0.768, 13312, 0, 315.768, 316.553, 0.785, 691, 316.553, 317.297, 0.744, 20480, 0, 317.297, 318.037, 0.74, 3000, 318.037, 318.735, 0.698, 13312, 0,     3.735,
 315, 3, 316, 316, 316.697, 0.697, 12288, 0, 316.697, 317.372, 0.675, 604, 317.372, 318.027, 0.655, 18432, 0, 318.027, 318.7, 0.673, 2700, 318.7, 319.386, 0.686, 12288, 0,     3.386,
 316, 3, 317, 317, 317.915, 0.915, 16384, 0, 317.915, 318.861, 0.946, 831, 318.861, 319.761, 0.9, 24576, 0, 319.761, 320.669, 0.908, 3600, 320.669, 321.538, 0.869, 16384, 0,     4.538,
 317, 3, 318, 318, 318.735, 0.735, 13312, 0, 318.735, 319.618, 0.883, 673, 319.618, 320.51, 0.893, 20480, 0, 320.51, 321.417, 0.907, 3000, 321.417, 322.232, 0.815, 13312, 0,     4.232,
 318, 3, 319, 319, 319.734, 0.734, 13312, 0, 319.734, 320.508, 0.774, 670, 320.508, 321.262, 0.754, 20480, 0, 321.262, 322.154, 0.892, 3000, 322.154, 322.92, 0.767, 13312, 0,     3.920,
 319, 3, 320, 320, 320.855, 0.855, 15360, 0, 320.855, 321.722, 0.868, 780, 321.722, 322.59, 0.868, 23552, 0, 322.59, 323.45, 0.86, 3450, 323.45, 324.248, 0.799, 15360, 0,     4.248,
 320, 3, 321, 321, 321.803, 0.803, 14336, 0, 321.803, 322.568, 0.765, 704, 322.568, 323.357, 0.789, 21504, 0, 323.357, 324.228, 0.871, 3150, 324.228, 325.002, 0.774, 14336, 0,     4.002,
 321, 3, 322, 322, 322.683, 0.683, 12288, 0, 322.683, 323.397, 0.714, 639, 323.397, 324.118, 0.721, 19456, 0, 324.118, 324.94, 0.822, 2850, 324.94, 325.642, 0.702, 12288, 0,     3.642,
 322, 3, 323, 323, 323.814, 0.814, 14336, 0, 323.814, 324.619, 0.805, 721, 324.619, 325.4, 0.781, 21504, 0, 325.4, 326.178, 0.777, 3150, 326.178, 326.936, 0.759, 14336, 0,     3.936,
 323, 3, 324, 324, 324.801, 0.801, 14336, 0, 324.801, 325.577, 0.775, 706, 325.577, 326.357, 0.781, 21504, 0, 326.357, 327.143, 0.786, 3150, 327.143, 327.885, 0.742, 14336, 0,     3.885,
 324, 3, 325, 325, 325.814, 0.814, 14336, 0, 325.814, 326.611, 0.797, 706, 326.611, 327.401, 0.79, 21504, 0, 327.401, 328.189, 0.788, 3150, 328.189, 328.941, 0.753, 14336, 0,     3.941,
 325, 3, 326, 326, 326.746, 0.746, 13312, 0, 326.746, 327.511, 0.764, 679, 327.511, 328.262, 0.752, 20480, 0, 328.262, 329.01, 0.748, 3000, 329.01, 329.71, 0.7, 13312, 0,     3.710,
 326, 3, 327, 327, 327.811, 0.811, 14336, 0, 327.811, 328.607, 0.795, 712, 328.607, 329.391, 0.784, 21504, 0, 329.391, 330.167, 0.776, 3150, 330.167, 330.913, 0.746, 14336, 0,     3.913,
 327, 3, 328, 328, 328.744, 0.744, 13312, 0, 328.744, 329.524, 0.78, 689, 329.524, 330.276, 0.752, 20480, 0, 330.276, 331.017, 0.741, 3000, 331.017, 331.709, 0.692, 13312, 0,     3.709,
 328, 3, 329, 329, 329.798, 0.798, 14336, 0, 329.798, 330.586, 0.789, 708, 330.586, 331.357, 0.771, 21504, 0, 331.357, 332.129, 0.771, 3150, 332.129, 332.889, 0.76, 14336, 0,     3.889,
 329, 3, 330, 330, 330.975, 0.975, 17408, 0, 330.975, 331.973, 0.997, 893, 331.973, 332.93, 0.957, 26624, 0, 332.93, 333.905, 0.975, 3900, 333.905, 334.815, 0.91, 17408, 0,     4.815,
 330, 3, 331, 331, 331.976, 0.976, 17408, 0, 331.976, 332.939, 0.964, 874, 332.939, 333.912, 0.973, 26624, 0, 333.912, 334.886, 0.974, 3900, 334.886, 335.809, 0.923, 17408, 0,     4.809,
 331, 3, 332, 332, 332.748, 0.748, 13312, 0, 332.748, 333.706, 0.958, 686, 333.706, 334.661, 0.955, 20480, 0, 334.661, 335.638, 0.977, 3000, 335.638, 336.499, 0.861, 13312, 0,     4.499,
 332, 3, 333, 333, 333.978, 0.978, 17408, 0, 333.978, 334.969, 0.992, 885, 334.969, 335.947, 0.977, 26624, 0, 335.947, 336.929, 0.983, 3900, 336.929, 337.83, 0.901, 17408, 0,     4.830,
 333, 3, 334, 334, 334.866, 0.866, 15360, 0, 334.866, 335.851, 0.985, 784, 335.851, 336.81, 0.959, 23552, 0, 336.81, 337.79, 0.98, 3450, 337.79, 338.63, 0.84, 15360, 0,     4.630,
 334, 3, 335, 335, 335.915, 0.915, 16384, 0, 335.915, 336.85, 0.935, 841, 336.85, 337.783, 0.933, 25600, 0, 337.783, 338.723, 0.941, 3750, 338.723, 339.586, 0.862, 16384, 0,     4.586,
 335, 3, 336, 336, 336.86, 0.86, 15360, 0, 336.86, 337.73, 0.87, 778, 337.73, 338.64, 0.91, 23552, 0, 338.64, 339.572, 0.932, 3450, 339.572, 340.382, 0.81, 15360, 0,     4.382,
 336, 3, 337, 337, 337.689, 0.689, 12288, 0, 337.689, 338.447, 0.757, 633, 338.447, 339.309, 0.862, 18432, 0, 339.309, 340.236, 0.927, 2700, 340.236, 341.02, 0.784, 12288, 0,     4.020,
 337, 3, 338, 338, 338.953, 0.953, 17408, 0, 338.953, 339.935, 0.982, 881, 339.935, 340.915, 0.98, 26624, 0, 340.915, 341.878, 0.963, 3900, 341.878, 342.786, 0.908, 17408, 0,     4.786,
 338, 3, 339, 339, 339.688, 0.688, 12288, 0, 339.688, 340.649, 0.962, 638, 340.649, 341.613, 0.964, 19456, 0, 341.613, 342.594, 0.981, 2850, 342.594, 343.435, 0.84, 12288, 0,     4.435,
 339, 3, 340, 340, 340.925, 0.925, 16384, 0, 340.925, 341.824, 0.899, 829, 341.824, 342.727, 0.903, 24576, 0, 342.727, 343.626, 0.898, 3600, 343.626, 344.496, 0.871, 16384, 0,     4.496,
 340, 3, 341, 341, 341.697, 0.697, 12288, 0, 341.697, 342.52, 0.823, 614, 342.52, 343.396, 0.875, 18432, 0, 343.396, 344.299, 0.903, 2700, 344.299, 345.146, 0.847, 12288, 0,     4.146,
 341, 3, 342, 342, 342.692, 0.692, 12288, 0, 342.692, 343.373, 0.681, 620, 343.373, 344.062, 0.689, 18432, 0, 344.062, 344.978, 0.916, 2700, 344.978, 345.791, 0.812, 12288, 0,     3.791,
 342, 3, 343, 343, 343.855, 0.855, 15360, 0, 343.855, 344.712, 0.858, 757, 344.712, 345.531, 0.819, 22528, 0, 345.531, 346.345, 0.813, 3300, 346.345, 347.093, 0.748, 14336, 0,     4.093,
 343, 3, 344, 344, 344.978, 0.978, 17408, 0, 344.978, 345.955, 0.977, 858, 345.955, 346.885, 0.93, 25600, 0, 346.885, 347.81, 0.924, 3750, 347.81, 348.665, 0.855, 16384, 0,     4.665,
 344, 3, 345, 345, 345.869, 0.869, 15360, 0, 345.869, 346.823, 0.954, 770, 346.823, 347.733, 0.909, 23552, 0, 347.733, 348.663, 0.93, 3450, 348.663, 349.476, 0.813, 15360, 0,     4.476,
 345, 3, 346, 346, 346.751, 0.751, 13312, 0, 346.751, 347.575, 0.824, 675, 347.575, 348.477, 0.902, 20480, 0, 348.477, 349.408, 0.931, 3000, 349.408, 350.179, 0.771, 13312, 0,     4.179,
 346, 3, 347, 347, 347.932, 0.932, 16384, 0, 347.932, 348.828, 0.896, 804, 348.828, 349.708, 0.88, 24576, 0, 349.708, 350.595, 0.887, 3600, 350.595, 351.453, 0.858, 16384, 0,     4.453,
 347, 3, 348, 348, 348.897, 0.897, 16384, 0, 348.897, 349.827, 0.93, 846, 349.827, 350.769, 0.942, 25600, 0, 350.769, 351.706, 0.937, 3750, 351.706, 352.566, 0.86, 16384, 0,     4.566,
 348, 3, 349, 349, 349.964, 0.964, 17408, 0, 349.964, 350.968, 1.004, 891, 350.968, 351.933, 0.966, 26624, 0, 351.933, 352.904, 0.971, 3900, 352.904, 353.818, 0.914, 17408, 0,     4.818,
 349, 3, 350, 350, 350.899, 0.899, 16384, 0, 350.899, 351.867, 0.968, 800, 351.867, 352.815, 0.948, 24576, 0, 352.815, 353.788, 0.972, 3600, 353.788, 354.674, 0.887, 16384, 0,     4.674,
 350, 3, 351, 351, 351.79, 0.79, 14336, 0, 351.79, 352.657, 0.867, 703, 352.657, 353.594, 0.937, 21504, 0, 353.594, 354.575, 0.981, 3150, 354.575, 355.42, 0.845, 14336, 0,     4.420,
 351, 3, 352, 352, 352.972, 0.972, 17408, 0, 352.972, 353.924, 0.952, 851, 353.924, 354.88, 0.956, 25600, 0, 354.88, 355.824, 0.944, 3750, 355.824, 356.688, 0.863, 16384, 0,     4.688,
 352, 3, 353, 353, 353.821, 0.821, 14336, 0, 353.821, 354.713, 0.892, 700, 354.713, 355.659, 0.946, 21504, 0, 355.659, 356.607, 0.949, 3150, 356.607, 357.435, 0.827, 14336, 0,     4.435,
 353, 3, 354, 354, 354.754, 0.754, 13312, 0, 354.754, 355.539, 0.785, 696, 355.539, 356.408, 0.869, 20480, 0, 356.408, 357.368, 0.96, 3000, 357.368, 358.129, 0.761, 13312, 0,     4.129,
 354, 3, 355, 355, 355.878, 0.878, 15360, 0, 355.878, 356.734, 0.855, 794, 356.734, 357.599, 0.865, 23552, 0, 357.599, 358.453, 0.854, 3450, 358.453, 359.252, 0.8, 15360, 0,     4.252,
 355, 3, 356, 356, 356.692, 0.692, 12288, 0, 356.692, 357.42, 0.728, 619, 357.42, 358.268, 0.848, 18432, 0, 358.268, 359.126, 0.858, 2700, 359.126, 359.887, 0.761, 12288, 0,     3.887,
 356, 3, 357, 357, 357.998, 0.998, 17408, 0, 357.998, 358.97, 0.972, 868, 358.97, 359.961, 0.991, 26624, 0, 359.961, 360.919, 0.958, 3900, 360.919, 361.827, 0.908, 17408, 0,     4.827,
 357, 3, 358, 358, 358.79, 0.79, 14336, 0, 358.79, 359.755, 0.965, 710, 359.755, 360.74, 0.985, 21504, 0, 360.74, 361.705, 0.965, 3150, 361.705, 362.579, 0.873, 14336, 0,     4.579,
 358, 3, 359, 359, 359.87, 0.87, 15360, 0, 359.87, 360.734, 0.864, 780, 360.734, 361.598, 0.865, 23552, 0, 361.598, 362.553, 0.954, 3450, 362.553, 363.379, 0.826, 15360, 0,     4.379,
 359, 3, 360, 360, 360.742, 0.742, 13312, 0, 360.742, 361.51, 0.767, 689, 361.51, 362.352, 0.842, 20480, 0, 362.352, 363.299, 0.947, 3000, 363.299, 364.067, 0.768, 13312, 0,     4.067,
 360, 3, 361, 361, 361.85, 0.85, 15360, 0, 361.85, 362.698, 0.848, 752, 362.698, 363.523, 0.825, 22528, 0, 363.523, 364.35, 0.828, 3300, 364.35, 365.103, 0.753, 14336, 0,     4.103,
 361, 3, 362, 362, 362.807, 0.807, 14336, 0, 362.807, 363.603, 0.796, 709, 363.603, 364.391, 0.788, 21504, 0, 364.391, 365.171, 0.779, 3150, 365.171, 365.919, 0.748, 14336, 0,     3.919,
 362, 3, 363, 363, 363.874, 0.874, 15360, 0, 363.874, 364.718, 0.844, 772, 364.718, 365.589, 0.871, 23552, 0, 365.589, 366.448, 0.859, 3450, 366.448, 367.245, 0.797, 15360, 0,     4.245,
 363, 3, 364, 364, 364.8, 0.8, 14336, 0, 364.8, 365.636, 0.835, 744, 365.636, 366.459, 0.824, 22528, 0, 366.459, 367.281, 0.822, 3300, 367.281, 368.038, 0.757, 14336, 0,     4.038,
 364, 3, 365, 365, 365.687, 0.687, 12288, 0, 365.687, 366.379, 0.692, 617, 366.379, 367.13, 0.751, 18432, 0, 367.13, 367.943, 0.813, 2700, 367.943, 368.672, 0.728, 12288, 0,     3.672,
 365, 3, 366, 366, 366.748, 0.748, 13312, 0, 366.748, 367.517, 0.769, 682, 367.517, 368.261, 0.745, 20480, 0, 368.261, 369.025, 0.764, 3000, 369.025, 369.726, 0.701, 13312, 0,     3.726,
 366, 3, 367, 367, 367.682, 0.682, 12288, 0, 367.682, 368.398, 0.716, 645, 368.398, 369.094, 0.696, 19456, 0, 369.094, 369.796, 0.702, 2850, 369.796, 370.446, 0.65, 12288, 0,     3.446,
 367, 3, 368, 368, 368.802, 0.802, 14336, 0, 368.802, 369.626, 0.825, 736, 369.626, 370.446, 0.82, 22528, 0, 370.446, 371.285, 0.839, 3300, 371.285, 372.018, 0.733, 14336, 0,     4.018,
 368, 3, 369, 369, 369.913, 0.913, 16384, 0, 369.913, 370.825, 0.912, 824, 370.825, 371.73, 0.906, 24576, 0, 371.73, 372.61, 0.88, 3600, 372.61, 373.475, 0.865, 16384, 0,     4.475,
 369, 3, 370, 370, 370.805, 0.805, 14336, 0, 370.805, 371.633, 0.828, 723, 371.633, 372.505, 0.872, 21504, 0, 372.505, 373.38, 0.875, 3150, 373.38, 374.224, 0.844, 14336, 0,     4.224,
 370, 3, 371, 371, 371.861, 0.861, 15360, 0, 371.861, 372.73, 0.869, 789, 372.73, 373.585, 0.854, 23552, 0, 373.585, 374.441, 0.856, 3450, 374.441, 375.256, 0.815, 15360, 0,     4.256,
 371, 3, 372, 372, 372.863, 0.863, 15360, 0, 372.863, 373.705, 0.843, 761, 373.705, 374.523, 0.818, 22528, 0, 374.523, 375.358, 0.835, 3300, 375.358, 376.101, 0.743, 14336, 0,     4.101,
 372, 3, 373, 373, 373.739, 0.739, 13312, 0, 373.739, 374.522, 0.782, 699, 374.522, 375.268, 0.746, 20480, 0, 375.268, 376.108, 0.84, 3000, 376.108, 376.817, 0.709, 13312, 0,     3.817,
 373, 3, 374, 374, 374.97, 0.97, 17408, 0, 374.97, 375.952, 0.982, 870, 375.952, 376.916, 0.964, 26624, 0, 376.916, 377.899, 0.983, 3900, 377.899, 378.812, 0.913, 17408, 0,     4.812,
 374, 3, 375, 375, 375.857, 0.857, 15360, 0, 375.857, 376.828, 0.971, 786, 376.828, 377.778, 0.95, 23552, 0, 377.778, 378.765, 0.987, 3450, 378.765, 379.612, 0.847, 15360, 0,     4.612,
 375, 3, 376, 376, 376.918, 0.918, 16384, 0, 376.918, 377.848, 0.93, 833, 377.848, 378.772, 0.924, 24576, 0, 378.772, 379.654, 0.881, 3600, 379.654, 380.504, 0.851, 16384, 0,     4.504,
 376, 3, 377, 377, 377.869, 0.869, 15360, 0, 377.869, 378.735, 0.866, 753, 378.735, 379.612, 0.877, 22528, 0, 379.612, 380.478, 0.865, 3300, 380.478, 381.255, 0.777, 14336, 0,     4.255,
 377, 3, 378, 378, 378.755, 0.755, 13312, 0, 378.755, 379.521, 0.766, 681, 379.521, 380.362, 0.842, 20480, 0, 380.362, 381.22, 0.857, 3000, 381.22, 381.95, 0.731, 13312, 0,     3.950,
 378, 3, 379, 379, 379.911, 0.911, 16384, 0, 379.911, 380.819, 0.909, 834, 380.819, 381.767, 0.948, 25600, 0, 381.767, 382.702, 0.935, 3750, 382.702, 383.548, 0.846, 16384, 0,     4.548,
 379, 3, 380, 380, 380.972, 0.972, 17408, 0, 380.972, 381.919, 0.947, 860, 381.919, 382.844, 0.925, 25600, 0, 382.844, 383.786, 0.942, 3750, 383.786, 384.643, 0.857, 16384, 0,     4.643,
 380, 3, 381, 381, 381.807, 0.807, 14336, 0, 381.807, 382.702, 0.895, 707, 382.702, 383.621, 0.919, 21504, 0, 383.621, 384.562, 0.941, 3150, 384.562, 385.393, 0.831, 14336, 0,     4.393,
 381, 3, 382, 382, 382.685, 0.685, 12288, 0, 382.685, 383.383, 0.698, 603, 383.383, 384.29, 0.907, 18432, 0, 384.29, 385.242, 0.952, 2700, 385.242, 386.029, 0.786, 12288, 0,     4.029,
 382, 3, 383, 383, 383.991, 0.991, 17408, 0, 383.991, 385, 1.009, 898, 385, 385.967, 0.967, 26624, 0, 385.967, 386.923, 0.956, 3900, 386.923, 387.824, 0.901, 17408, 0,     4.824,
 383, 3, 384, 384, 384.855, 0.855, 15360, 0, 384.855, 385.858, 1.003, 753, 385.858, 386.784, 0.926, 22528, 0, 386.784, 387.753, 0.97, 3300, 387.753, 388.58, 0.827, 14336, 0,     4.580,
 384, 3, 385, 385, 385.798, 0.798, 14336, 0, 385.798, 386.653, 0.855, 716, 386.653, 387.561, 0.909, 21504, 0, 387.561, 388.543, 0.982, 3150, 388.543, 389.342, 0.799, 14336, 0,     4.342,
 385, 3, 386, 386, 386.804, 0.804, 14336, 0, 386.804, 387.576, 0.772, 705, 387.576, 388.351, 0.775, 21504, 0, 388.351, 389.324, 0.973, 3150, 389.324, 390.097, 0.773, 14336, 0,     4.097,
 386, 3, 387, 387, 387.702, 0.702, 12288, 0, 387.702, 388.41, 0.708, 639, 388.41, 389.135, 0.725, 19456, 0, 389.135, 390.031, 0.896, 2850, 390.031, 390.744, 0.713, 12288, 0,     3.744,
 387, 3, 388, 388, 388.698, 0.698, 12288, 0, 388.698, 389.371, 0.673, 606, 389.371, 390.036, 0.666, 18432, 0, 390.036, 390.696, 0.659, 2700, 390.696, 391.39, 0.694, 12288, 0,     3.390,
 388, 3, 389, 389, 389.699, 0.699, 12288, 0, 389.699, 390.382, 0.683, 625, 390.382, 391.063, 0.681, 18432, 0, 391.063, 391.737, 0.675, 2700, 391.737, 392.395, 0.657, 12288, 0,     3.395,
 389, 3, 390, 390, 390.86, 0.86, 15360, 0, 390.86, 391.707, 0.847, 762, 391.707, 392.534, 0.827, 22528, 0, 392.534, 393.354, 0.82, 3300, 393.354, 394.096, 0.742, 14336, 0,     4.096,
 390, 3, 391, 391, 391.977, 0.977, 17408, 0, 391.977, 392.933, 0.956, 850, 392.933, 393.866, 0.933, 25600, 0, 393.866, 394.795, 0.929, 3750, 394.795, 395.645, 0.85, 16384, 0,     4.645,
 391, 3, 392, 392, 392.696, 0.696, 12288, 0, 392.696, 393.637, 0.94, 638, 393.637, 394.579, 0.942, 19456, 0, 394.579, 395.511, 0.933, 2850, 395.511, 396.294, 0.783, 12288, 0,     4.294,
 392, 3, 393, 393, 393.925, 0.925, 16384, 0, 393.925, 394.805, 0.88, 813, 394.805, 395.689, 0.884, 24576, 0, 395.689, 396.569, 0.881, 3600, 396.569, 397.429, 0.86, 16384, 0,     4.429,
 393, 3, 394, 394, 394.916, 0.916, 16384, 0, 394.916, 395.818, 0.902, 815, 395.818, 396.716, 0.898, 24576, 0, 396.716, 397.609, 0.893, 3600, 397.609, 398.471, 0.862, 16384, 0,     4.471,
 394, 3, 395, 395, 395.808, 0.808, 14336, 0, 395.808, 396.657, 0.848, 748, 396.657, 397.526, 0.869, 22528, 0, 397.526, 398.444, 0.918, 3300, 398.444, 399.232, 0.788, 14336, 0,     4.232,
 395, 3, 396, 396, 396.982, 0.982, 17408, 0, 396.982, 397.986, 1.004, 897, 397.986, 398.942, 0.957, 26624, 0, 398.942, 399.919, 0.977, 3900, 399.919, 400.84, 0.921, 17408, 0,     4.840,
 396, 3, 397, 397, 397.806, 0.806, 14336, 0, 397.806, 398.81, 1.005, 741, 398.81, 399.763, 0.953, 22528, 0, 399.763, 400.741, 0.977, 3300, 400.741, 401.59, 0.849, 14336, 0,     4.590,
 397, 3, 398, 398, 398.915, 0.915, 16384, 0, 398.915, 399.809, 0.895, 806, 399.809, 400.703, 0.894, 24576, 0, 400.703, 401.65, 0.947, 3600, 401.65, 402.499, 0.849, 16384, 0,     4.499,
 398, 3, 399, 399, 399.988, 0.988, 17408, 0, 399.988, 401.013, 1.025, 896, 401.013, 401.978, 0.965, 26624, 0, 401.978, 402.957, 0.979, 3900, 402.957, 403.872, 0.914, 17408, 0,     4.872,
 399, 3, 400, 400, 400.878, 0.878, 15360, 0, 400.878, 401.887, 1.008, 783, 401.887, 402.826, 0.94, 23552, 0, 402.826, 403.827, 1.001, 3450, 403.827, 404.676, 0.849, 15360, 0,     4.676,
 400, 3, 402, 402, 402.913, 0.913, 16384, 0, 402.913, 403.817, 0.904, 801, 403.817, 404.71, 0.892, 24576, 0, 404.71, 405.609, 0.899, 3600, 405.609, 406.458, 0.849, 16384, 0,     4.458,
 401, 3, 403, 403, 403.863, 0.863, 15360, 0, 403.863, 404.74, 0.878, 778, 404.74, 405.59, 0.85, 23552, 0, 405.59, 406.462, 0.872, 3450, 406.462, 407.277, 0.815, 15360, 0,     4.277,
 402, 3, 404, 404, 404.76, 0.76, 13312, 0, 404.76, 405.503, 0.743, 671, 405.503, 406.331, 0.828, 20480, 0, 406.331, 407.208, 0.877, 3000, 407.208, 407.973, 0.765, 13312, 0,     3.973,
 403, 3, 405, 405, 405.693, 0.693, 12288, 0, 405.693, 406.419, 0.726, 649, 406.419, 407.128, 0.709, 19456, 0, 407.128, 407.916, 0.788, 2850, 407.916, 408.61, 0.694, 12288, 0,     3.610,
 404, 3, 406, 406, 406.994, 0.994, 17408, 0, 406.994, 407.96, 0.965, 869, 407.96, 408.919, 0.959, 26624, 0, 408.919, 409.878, 0.959, 3900, 409.878, 410.786, 0.909, 17408, 0,     4.786,
 405, 3, 407, 407, 407.92, 0.92, 16384, 0, 407.92, 408.883, 0.964, 831, 408.883, 409.814, 0.931, 24576, 0, 409.814, 410.776, 0.962, 3600, 410.776, 411.645, 0.869, 16384, 0,     4.645,
 406, 3, 408, 408, 408.697, 0.697, 12288, 0, 408.697, 409.596, 0.899, 645, 409.596, 410.52, 0.923, 19456, 0, 410.52, 411.484, 0.964, 2850, 411.484, 412.288, 0.804, 12288, 0,     4.288,
 407, 3, 409, 409, 409.689, 0.689, 12288, 0, 409.689, 410.362, 0.673, 609, 410.362, 411.194, 0.832, 18432, 0, 411.194, 412.151, 0.957, 2700, 412.151, 412.928, 0.778, 12288, 0,     3.928,
 408, 3, 410, 410, 410.985, 0.985, 17408, 0, 410.985, 411.931, 0.946, 855, 411.931, 412.866, 0.936, 25600, 0, 412.866, 413.794, 0.928, 3750, 413.794, 414.653, 0.859, 16384, 0,     4.653,
 409, 3, 411, 411, 411.911, 0.911, 16384, 0, 411.911, 412.833, 0.922, 803, 412.833, 413.765, 0.932, 24576, 0, 413.765, 414.697, 0.932, 3600, 414.697, 415.556, 0.859, 16384, 0,     4.556,
 410, 3, 412, 412, 412.744, 0.744, 13312, 0, 412.744, 413.566, 0.822, 653, 413.566, 414.474, 0.908, 19456, 0, 414.474, 415.42, 0.947, 2850, 415.42, 416.195, 0.775, 12288, 0,     4.195,
 411, 3, 413, 413, 413.685, 0.685, 12288, 0, 413.685, 414.372, 0.687, 623, 414.372, 415.14, 0.768, 18432, 0, 415.14, 416.103, 0.962, 2700, 416.103, 416.832, 0.729, 12288, 0,     3.832,
 412, 3, 414, 414, 414.876, 0.876, 15360, 0, 414.876, 415.768, 0.892, 785, 415.768, 416.635, 0.867, 23552, 0, 416.635, 417.489, 0.854, 3450, 417.489, 418.286, 0.797, 15360, 0,     4.286,
 413, 3, 415, 415, 415.758, 0.758, 13312, 0, 415.758, 416.537, 0.779, 679, 416.537, 417.374, 0.837, 20480, 0, 417.374, 418.225, 0.851, 3000, 418.225, 418.981, 0.756, 13312, 0,     3.981,
 414, 3, 416, 416, 416.912, 0.912, 16384, 0, 416.912, 417.823, 0.91, 833, 417.823, 418.767, 0.944, 25600, 0, 418.767, 419.709, 0.942, 3750, 419.709, 420.553, 0.844, 16384, 0,     4.553,
 415, 3, 417, 417, 417.803, 0.803, 14336, 0, 417.803, 418.612, 0.809, 708, 418.612, 419.54, 0.928, 21504, 0, 419.54, 420.487, 0.947, 3150, 420.487, 421.304, 0.817, 14336, 0,     4.304,
 416, 3, 418, 418, 418.812, 0.812, 14336, 0, 418.812, 419.619, 0.807, 730, 419.619, 420.399, 0.78, 21504, 0, 420.399, 421.259, 0.86, 3150, 421.259, 422.067, 0.808, 14336, 0,     4.067,
 417, 3, 419, 419, 419.693, 0.693, 12288, 0, 419.693, 420.373, 0.68, 616, 420.373, 421.073, 0.7, 18432, 0, 421.073, 421.941, 0.868, 2700, 421.941, 422.716, 0.775, 12288, 0,     3.716,
 418, 3, 420, 420, 420.908, 0.908, 16384, 0, 420.908, 421.852, 0.944, 834, 421.852, 422.783, 0.931, 25600, 0, 422.783, 423.712, 0.929, 3750, 423.712, 424.579, 0.867, 16384, 0,     4.579,
 419, 3, 421, 421, 421.745, 0.745, 13312, 0, 421.745, 422.597, 0.852, 656, 422.597, 423.493, 0.896, 19456, 0, 423.493, 424.408, 0.915, 2850, 424.408, 425.22, 0.813, 12288, 0,     4.220,
 420, 3, 422, 422, 422.851, 0.851, 15360, 0, 422.851, 423.724, 0.873, 795, 423.724, 424.589, 0.865, 23552, 0, 424.589, 425.45, 0.861, 3450, 425.45, 426.247, 0.797, 15360, 0,     4.247,
 421, 3, 423, 423, 423.794, 0.794, 14336, 0, 423.794, 424.571, 0.776, 705, 424.571, 425.372, 0.801, 21504, 0, 425.372, 426.238, 0.866, 3150, 426.238, 426.997, 0.758, 14336, 0,     3.997,
 422, 3, 424, 424, 424.87, 0.87, 15360, 0, 424.87, 425.715, 0.846, 753, 425.715, 426.537, 0.821, 22528, 0, 426.537, 427.362, 0.826, 3300, 427.362, 428.112, 0.749, 14336, 0,     4.112,
 423, 3, 425, 425, 425.925, 0.925, 16384, 0, 425.925, 426.819, 0.893, 810, 426.819, 427.709, 0.89, 24576, 0, 427.709, 428.591, 0.882, 3600, 428.591, 429.445, 0.854, 16384, 0,     4.445,
 424, 3, 426, 426, 426.742, 0.742, 13312, 0, 426.742, 427.581, 0.838, 684, 427.581, 428.459, 0.878, 20480, 0, 428.459, 429.343, 0.884, 3000, 429.343, 430.137, 0.794, 13312, 0,     4.137,
 425, 3, 427, 427, 427.971, 0.971, 17408, 0, 427.971, 428.932, 0.961, 874, 428.932, 429.892, 0.96, 26624, 0, 429.892, 430.879, 0.987, 3900, 430.879, 431.783, 0.904, 17408, 0,     4.783,
 426, 3, 428, 428, 428.802, 0.802, 14336, 0, 428.802, 429.766, 0.964, 745, 429.766, 430.705, 0.94, 22528, 0, 430.705, 431.686, 0.981, 3300, 431.686, 432.522, 0.836, 14336, 0,     4.522,
 427, 3, 429, 429, 429.816, 0.816, 14336, 0, 429.816, 430.604, 0.787, 700, 430.604, 431.487, 0.884, 21504, 0, 431.487, 432.477, 0.989, 3150, 432.477, 433.269, 0.793, 14336, 0,     4.269,
 428, 3, 430, 430, 430.974, 0.974, 17408, 0, 430.974, 431.923, 0.948, 862, 431.923, 432.831, 0.908, 25600, 0, 432.831, 433.748, 0.917, 3750, 433.748, 434.598, 0.85, 16384, 0,     4.598,
 429, 3, 431, 431, 431.757, 0.757, 13312, 0, 431.757, 432.672, 0.914, 674, 432.672, 433.575, 0.903, 20480, 0, 433.575, 434.504, 0.93, 3000, 434.504, 435.295, 0.791, 13312, 0,     4.295,
 430, 3, 432, 432, 432.74, 0.74, 13312, 0, 432.74, 433.497, 0.758, 692, 433.497, 434.316, 0.819, 20480, 0, 434.316, 435.249, 0.933, 3000, 435.249, 435.989, 0.741, 13312, 0,     3.989,
 431, 3, 433, 433, 433.983, 0.983, 17408, 0, 433.983, 434.942, 0.959, 857, 434.942, 435.878, 0.936, 25600, 0, 435.878, 436.784, 0.907, 3750, 436.784, 437.629, 0.845, 16384, 0,     4.629,
 432, 3, 434, 434, 434.734, 0.734, 13312, 0, 434.734, 435.679, 0.945, 665, 435.679, 436.595, 0.916, 19456, 0, 436.595, 437.491, 0.896, 2850, 437.491, 438.267, 0.776, 12288, 0,     4.267,
 433, 3, 435, 435, 435.913, 0.913, 16384, 0, 435.913, 436.854, 0.941, 844, 436.854, 437.798, 0.944, 25600, 0, 437.798, 438.737, 0.939, 3750, 438.737, 439.594, 0.857, 16384, 0,     4.594,
 434, 3, 436, 436, 436.961, 0.961, 17408, 0, 436.961, 437.941, 0.979, 886, 437.941, 438.898, 0.958, 26624, 0, 438.898, 439.863, 0.965, 3900, 439.863, 440.791, 0.928, 17408, 0,     4.791,
 435, 3, 437, 437, 437.745, 0.745, 13312, 0, 437.745, 438.687, 0.942, 673, 438.687, 439.649, 0.961, 20480, 0, 439.649, 440.612, 0.963, 3000, 440.612, 441.485, 0.874, 13312, 0,     4.485,
 436, 3, 438, 438, 438.692, 0.692, 12288, 0, 438.692, 439.392, 0.699, 627, 439.392, 440.314, 0.922, 18432, 0, 440.314, 441.285, 0.972, 2700, 441.285, 442.124, 0.839, 12288, 0,     4.124,
 437, 3, 439, 439, 439.687, 0.687, 12288, 0, 439.687, 440.404, 0.718, 634, 440.404, 441.118, 0.714, 19456, 0, 441.118, 442, 0.882, 2850, 442, 442.762, 0.761, 12288, 0,     3.762,
 438, 3, 440, 440, 440.764, 0.764, 13312, 0, 440.764, 441.499, 0.735, 652, 441.499, 442.207, 0.709, 19456, 0, 442.207, 442.914, 0.706, 2850, 442.914, 443.555, 0.642, 12288, 0,     3.555,
 439, 3, 441, 441, 441.866, 0.866, 15360, 0, 441.866, 442.767, 0.901, 792, 442.767, 443.623, 0.856, 23552, 0, 443.623, 444.467, 0.844, 3450, 444.467, 445.259, 0.792, 15360, 0,     4.259,
 440, 3, 442, 442, 442.851, 0.851, 15360, 0, 442.851, 443.699, 0.848, 769, 443.699, 444.555, 0.856, 23552, 0, 444.555, 445.426, 0.871, 3450, 445.426, 446.235, 0.809, 15360, 0,     4.235,
 441, 3, 443, 443, 443.797, 0.797, 14336, 0, 443.797, 444.605, 0.808, 733, 444.605, 445.429, 0.824, 22528, 0, 445.429, 446.244, 0.815, 3300, 446.244, 446.995, 0.751, 14336, 0,     3.995,
 442, 3, 444, 444, 444.749, 0.749, 13312, 0, 444.749, 445.493, 0.745, 668, 445.493, 446.248, 0.754, 20480, 0, 446.248, 446.993, 0.745, 3000, 446.993, 447.704, 0.712, 13312, 0,     3.704,
 443, 3, 445, 445, 445.791, 0.791, 14336, 0, 445.791, 446.634, 0.843, 737, 446.634, 447.452, 0.819, 22528, 0, 447.452, 448.258, 0.806, 3300, 448.258, 449.026, 0.768, 14336, 0,     4.026,
 444, 3, 446, 446, 446.86, 0.86, 15360, 0, 446.86, 447.704, 0.844, 757, 447.704, 448.526, 0.821, 22528, 0, 448.526, 449.337, 0.811, 3300, 449.337, 450.082, 0.745, 14336, 0,     4.082,
 445, 3, 447, 447, 447.734, 0.734, 13312, 0, 447.734, 448.455, 0.721, 655, 448.455, 449.24, 0.785, 19456, 0, 449.24, 450.046, 0.806, 2850, 450.046, 450.719, 0.674, 12288, 0,     3.719,
 446, 3, 448, 448, 448.971, 0.971, 17408, 0, 448.971, 449.978, 1.006, 897, 449.978, 450.955, 0.977, 26624, 0, 450.955, 451.907, 0.953, 3900, 451.907, 452.816, 0.909, 17408, 0,     4.816,
 447, 3, 449, 449, 449.926, 0.926, 16384, 0, 449.926, 450.871, 0.944, 811, 450.871, 451.847, 0.977, 24576, 0, 451.847, 452.802, 0.954, 3600, 452.802, 453.684, 0.883, 16384, 0,     4.684,
 448, 3, 450, 450, 450.806, 0.806, 14336, 0, 450.806, 451.724, 0.918, 748, 451.724, 452.664, 0.94, 22528, 0, 452.664, 453.633, 0.969, 3300, 453.633, 454.436, 0.803, 14336, 0,     4.436,
 449, 3, 451, 451, 451.935, 0.935, 16384, 0, 451.935, 452.842, 0.907, 836, 452.842, 453.788, 0.946, 25600, 0, 453.788, 454.747, 0.96, 3750, 454.747, 455.595, 0.848, 16384, 0,     4.595,
 450, 3, 452, 452, 452.881, 0.881, 15360, 0, 452.881, 453.766, 0.885, 798, 453.766, 454.659, 0.893, 23552, 0, 454.659, 455.597, 0.938, 3450, 455.597, 456.416, 0.819, 15360, 0,     4.416,
 451, 3, 453, 453, 453.814, 0.814, 14336, 0, 453.814, 454.639, 0.825, 740, 454.639, 455.473, 0.834, 22528, 0, 455.473, 456.428, 0.955, 3300, 456.428, 457.177, 0.748, 14336, 0,     4.177,
 452, 3, 454, 454, 454.69, 0.69, 12288, 0, 454.69, 455.407, 0.717, 638, 455.407, 456.173, 0.766, 19456, 0, 456.173, 457.137, 0.963, 2850, 457.137, 457.816, 0.679, 12288, 0,     3.816,
 453, 3, 455, 455, 455.929, 0.929, 16384, 0, 455.929, 456.842, 0.913, 822, 456.842, 457.734, 0.891, 24576, 0, 457.734, 458.623, 0.889, 3600, 458.623, 459.499, 0.876, 16384, 0,     4.499,
 454, 3, 456, 456, 456.914, 0.914, 16384, 0, 456.914, 457.817, 0.903, 803, 457.817, 458.712, 0.895, 24576, 0, 458.712, 459.594, 0.882, 3600, 459.594, 460.451, 0.857, 16384, 0,     4.451,
 455, 3, 457, 457, 457.978, 0.978, 17408, 0, 457.978, 458.926, 0.948, 855, 458.926, 459.868, 0.942, 25600, 0, 459.868, 460.784, 0.916, 3750, 460.784, 461.646, 0.862, 16384, 0,     4.646,
 456, 3, 458, 458, 458.922, 0.922, 16384, 0, 458.922, 459.857, 0.935, 840, 459.857, 460.804, 0.947, 25600, 0, 460.804, 461.729, 0.925, 3750, 461.729, 462.588, 0.859, 16384, 0,     4.588,
 457, 3, 459, 459, 459.859, 0.859, 15360, 0, 459.859, 460.705, 0.846, 761, 460.705, 461.618, 0.913, 22528, 0, 461.618, 462.539, 0.92, 3300, 462.539, 463.361, 0.822, 14336, 0,     4.361,
 458, 3, 460, 460, 460.734, 0.734, 13312, 0, 460.734, 461.517, 0.783, 695, 461.517, 462.354, 0.837, 20480, 0, 462.354, 463.275, 0.921, 3000, 463.275, 464.065, 0.79, 13312, 0,     4.065,
 459, 3, 461, 461, 461.981, 0.981, 17408, 0, 461.981, 462.943, 0.962, 867, 462.943, 463.899, 0.957, 26624, 0, 463.899, 464.857, 0.958, 3900, 464.857, 465.76, 0.902, 17408, 0,     4.760,
 460, 3, 462, 462, 462.963, 0.963, 17408, 0, 462.963, 463.935, 0.972, 869, 463.935, 464.891, 0.956, 26624, 0, 464.891, 465.869, 0.979, 3900, 465.869, 466.788, 0.918, 17408, 0,     4.788,
 461, 3, 463, 463, 463.686, 0.686, 12288, 0, 463.686, 464.593, 0.907, 600, 464.593, 465.563, 0.97, 18432, 0, 465.563, 466.536, 0.973, 2700, 466.536, 467.424, 0.888, 12288, 0,     4.424,
 462, 3, 464, 464, 464.802, 0.802, 14336, 0, 464.802, 465.592, 0.789, 723, 465.592, 466.377, 0.785, 21504, 0, 466.377, 467.304, 0.927, 3150, 467.304, 468.173, 0.87, 14336, 0,     4.173,
 463, 3, 465, 465, 465.859, 0.859, 15360, 0, 465.859, 466.737, 0.877, 793, 466.737, 467.596, 0.859, 23552, 0, 467.596, 468.47, 0.874, 3450, 468.47, 469.26, 0.789, 15360, 0,     4.260,
 464, 3, 466, 466, 466.919, 0.919, 16384, 0, 466.919, 467.858, 0.939, 845, 467.858, 468.77, 0.912, 25600, 0, 468.77, 469.699, 0.929, 3750, 469.699, 470.553, 0.853, 16384, 0,     4.553,
 465, 3, 467, 467, 467.869, 0.869, 15360, 0, 467.869, 468.738, 0.869, 769, 468.738, 469.62, 0.882, 23552, 0, 469.62, 470.555, 0.935, 3450, 470.555, 471.362, 0.807, 15360, 0,     4.362,
 466, 3, 468, 468, 468.911, 0.911, 16384, 0, 468.911, 469.802, 0.891, 813, 469.802, 470.686, 0.884, 24576, 0, 470.686, 471.58, 0.894, 3600, 471.58, 472.446, 0.866, 16384, 0,     4.446,
 467, 3, 469, 469, 469.76, 0.76, 13312, 0, 469.76, 470.591, 0.831, 697, 470.591, 471.417, 0.826, 20480, 0, 471.417, 472.328, 0.911, 3000, 472.328, 473.147, 0.818, 13312, 0,     4.147,
 468, 3, 470, 470, 470.87, 0.87, 15360, 0, 470.87, 471.734, 0.864, 759, 471.734, 472.566, 0.832, 22528, 0, 472.566, 473.396, 0.83, 3300, 473.396, 474.163, 0.768, 14336, 0,     4.163,
 469, 3, 471, 471, 471.693, 0.693, 12288, 0, 471.693, 472.44, 0.748, 625, 472.44, 473.244, 0.804, 18432, 0, 473.244, 474.068, 0.824, 2700, 474.068, 474.808, 0.74, 12288, 0,     3.808,
 470, 3, 472, 472, 472.7, 0.7, 12288, 0, 472.7, 473.415, 0.715, 643, 473.415, 474.132, 0.717, 19456, 0, 474.132, 474.845, 0.714, 2850, 474.845, 475.487, 0.642, 12288, 0,     3.487,
 471, 3, 473, 473, 473.905, 0.905, 16384, 0, 473.905, 474.81, 0.905, 804, 474.81, 475.69, 0.879, 24576, 0, 475.69, 476.59, 0.901, 3600, 476.59, 477.453, 0.863, 16384, 0,     4.453,
 472, 3, 474, 474, 474.816, 0.816, 14336, 0, 474.816, 475.634, 0.818, 737, 475.634, 476.518, 0.884, 22528, 0, 476.518, 477.416, 0.898, 3300, 477.416, 478.207, 0.791, 14336, 0,     4.207,
 473, 3, 475, 475, 475.934, 0.934, 16384, 0, 475.934, 476.868, 0.933, 830, 476.868, 477.763, 0.896, 24576, 0, 477.763, 478.664, 0.901, 3600, 478.664, 479.534, 0.87, 16384, 0,     4.534,
 474, 3, 476, 476, 476.808, 0.808, 14336, 0, 476.808, 477.702, 0.894, 735, 477.702, 478.591, 0.889, 22528, 0, 478.591, 479.497, 0.906, 3300, 479.497, 480.279, 0.782, 14336, 0,     4.279,
 475, 3, 477, 477, 477.931, 0.931, 16384, 0, 477.931, 478.89, 0.959, 848, 478.89, 479.819, 0.928, 25600, 0, 479.819, 480.743, 0.924, 3750, 480.743, 481.585, 0.842, 16384, 0,     4.585,
 476, 3, 478, 478, 478.914, 0.914, 16384, 0, 478.914, 479.811, 0.896, 804, 479.811, 480.724, 0.913, 24576, 0, 480.724, 481.645, 0.921, 3600, 481.645, 482.494, 0.849, 16384, 0,     4.494,
 477, 3, 479, 479, 479.747, 0.747, 13312, 0, 479.747, 480.546, 0.8, 664, 480.546, 481.437, 0.89, 19456, 0, 481.437, 482.356, 0.92, 2850, 482.356, 483.147, 0.791, 12288, 0,     4.147,
 478, 3, 480, 480, 480.806, 0.806, 14336, 0, 480.806, 481.595, 0.789, 707, 481.595, 482.374, 0.779, 21504, 0, 482.374, 483.16, 0.786, 3150, 483.16, 483.908, 0.748, 14336, 0,     3.908,
 479, 3, 481, 481, 481.755, 0.755, 13312, 0, 481.755, 482.529, 0.774, 695, 482.529, 483.27, 0.742, 20480, 0, 483.27, 484.003, 0.733, 3000, 484.003, 484.698, 0.695, 13312, 0,     3.698,
 480, 3, 482, 482, 482.859, 0.859, 15360, 0, 482.859, 483.692, 0.833, 751, 483.692, 484.511, 0.819, 22528, 0, 484.511, 485.331, 0.821, 3300, 485.331, 486.1, 0.769, 14336, 0,     4.100,
 481, 3, 483, 483, 483.692, 0.692, 12288, 0, 483.692, 484.374, 0.682, 609, 484.374, 485.181, 0.807, 18432, 0, 485.181, 485.994, 0.813, 2700, 485.994, 486.751, 0.757, 12288, 0,     3.751,
 482, 3, 484, 484, 484.928, 0.928, 16384, 0, 484.928, 485.853, 0.925, 842, 485.853, 486.771, 0.918, 25600, 0, 486.771, 487.704, 0.933, 3750, 487.704, 488.558, 0.854, 16384, 0,     4.558,
 483, 3, 485, 485, 485.967, 0.967, 17408, 0, 485.967, 486.96, 0.993, 894, 486.96, 487.94, 0.98, 26624, 0, 487.94, 488.9, 0.96, 3900, 488.9, 489.805, 0.905, 17408, 0,     4.805,
 484, 3, 486, 486, 486.814, 0.814, 14336, 0, 486.814, 487.774, 0.96, 744, 487.774, 488.773, 0.999, 22528, 0, 488.773, 489.719, 0.946, 3300, 489.719, 490.558, 0.839, 14336, 0,     4.558,
 485, 3, 487, 487, 487.9, 0.9, 16384, 0, 487.9, 488.806, 0.906, 828, 488.806, 489.692, 0.886, 24576, 0, 489.692, 490.608, 0.916, 3600, 490.608, 491.494, 0.885, 16384, 0,     4.494,
 486, 3, 488, 488, 488.688, 0.688, 12288, 0, 488.688, 489.477, 0.789, 605, 489.477, 490.359, 0.882, 18432, 0, 490.359, 491.281, 0.922, 2700, 491.281, 492.133, 0.853, 12288, 0,     4.133,
 487, 3, 489, 489, 489.679, 0.679, 12288, 0, 489.679, 490.368, 0.689, 630, 490.368, 491.034, 0.666, 18432, 0, 491.034, 491.954, 0.92, 2700, 491.954, 492.771, 0.817, 12288, 0,     3.771,
 488, 3, 490, 490, 490.923, 0.923, 16384, 0, 490.923, 491.86, 0.937, 834, 491.86, 492.789, 0.929, 25600, 0, 492.789, 493.736, 0.947, 3750, 493.736, 494.601, 0.864, 16384, 0,     4.601,
 489, 3, 491, 491, 491.924, 0.924, 16384, 0, 491.924, 492.878, 0.955, 848, 492.878, 493.801, 0.923, 25600, 0, 493.801, 494.72, 0.919, 3750, 494.72, 495.582, 0.862, 16384, 0,     4.582,
 490, 3, 492, 492, 492.964, 0.964, 17408, 0, 492.964, 493.939, 0.975, 878, 493.939, 494.917, 0.978, 26624, 0, 494.917, 495.88, 0.963, 3900, 495.88, 496.802, 0.922, 17408, 0,     4.802,
 491, 3, 493, 493, 493.697, 0.697, 12288, 0, 493.697, 494.642, 0.946, 634, 494.642, 495.625, 0.983, 19456, 0, 495.625, 496.59, 0.965, 2850, 496.59, 497.445, 0.854, 12288, 0,     4.445,
 492, 3, 494, 494, 494.862, 0.862, 15360, 0, 494.862, 495.728, 0.866, 784, 495.728, 496.59, 0.863, 23552, 0, 496.59, 497.448, 0.858, 3450, 497.448, 498.243, 0.795, 15360, 0,     4.243,
 493, 3, 495, 495, 495.921, 0.921, 16384, 0, 495.921, 496.822, 0.901, 800, 496.822, 497.715, 0.893, 24576, 0, 497.715, 498.62, 0.905, 3600, 498.62, 499.477, 0.857, 16384, 0,     4.477,
 494, 3, 496, 496, 496.92, 0.92, 16384, 0, 496.92, 497.881, 0.961, 849, 497.881, 498.814, 0.933, 25600, 0, 498.814, 499.753, 0.939, 3750, 499.753, 500.615, 0.863, 16384, 0,     4.615,
 495, 3, 497, 497, 497.936, 0.936, 16384, 0, 497.936, 498.824, 0.888, 804, 498.824, 499.707, 0.884, 24576, 0, 499.707, 500.647, 0.94, 3600, 500.647, 501.52, 0.873, 16384, 0,     4.520,
 496, 3, 498, 498, 498.864, 0.864, 15360, 0, 498.864, 499.704, 0.841, 760, 499.704, 500.518, 0.814, 22528, 0, 500.518, 501.468, 0.95, 3300, 501.468, 502.269, 0.801, 14336, 0,     4.269,
 497, 3, 499, 499, 499.874, 0.874, 15360, 0, 499.874, 500.72, 0.846, 767, 500.72, 501.578, 0.858, 23552, 0, 501.578, 502.445, 0.867, 3450, 502.445, 503.246, 0.801, 15360, 0,     4.246,
 498, 3, 500, 500, 500.752, 0.752, 13312, 0, 500.752, 501.5, 0.749, 685, 501.5, 502.33, 0.83, 20480, 0, 502.33, 503.184, 0.854, 3000, 503.184, 503.945, 0.761, 13312, 0,     3.945,
