time(s),target_sfc,Ingress,InitialRequestSize,Transmission1(MB),VM1,cloudlet.1(MI),Transmission2(MB),VM2,cloudlet.2(MI),Transmission3(MB),VM3,cloudlet.3(MI),Transmission4(MB),VM4,cloudlet.4(MI),Transmission5(MB),Egress,latency_demand(s)
0.0,chain1,Ingress1,11,11,SF-A,578,17,SF-B,1360,8,SF-C,1200,5,SF-E,1000,4,Egress1,1000.0
1.0,chain1,Ingress1,15,15,SF-A,759,22,SF-B,1760,11,SF-C,1650,7,SF-E,1400,5,Egress1,1000.0
2.0,chain1,Ingress1,13,13,SF-A,690,20,SF-B,1600,10,SF-C,1500,6,SF-E,1200,5,Egress1,1000.0
3.0,chain1,Ingress1,12,12,SF-A,649,19,SF-B,1520,9,SF-C,1350,6,SF-E,1200,5,Egress1,1000.0
4.0,chain1,Ingress1,12,12,SF-A,606,18,SF-B,1440,9,SF-C,1350,6,SF-E,1200,5,Egress1,1000.0
5.0,chain1,Ingress1,15,15,SF-A,753,22,SF-B,1760,11,SF-C,1650,7,SF-E,1400,5,Egress1,1000.0
6.0,chain1,Ingress1,14,14,SF-A,732,21,SF-B,1680,10,SF-C,1500,6,SF-E,1200,5,Egress1,1000.0
7.0,chain1,Ingress1,11,11,SF-A,578,17,SF-B,1360,8,SF-C,1200,5,SF-E,1000,4,Egress1,1000.0
8.0,chain1,Ingress1,13,13,SF-A,668,20,SF-B,1600,10,SF-C,1500,6,SF-E,1200,5,Egress1,1000.0
9.0,chain1,Ingress1,14,14,SF-A,706,21,SF-B,1680,10,SF-C,1500,6,SF-E,1200,5,Egress1,1000.0
10.0,chain1,Ingress1,14,14,SF-A,707,21,SF-B,1680,10,SF-C,1500,6,SF-E,1200,5,Egress1,1000.0
11.0,chain1,Ingress1,13,13,SF-A,671,20,SF-B,1600,10,SF-C,1500,6,SF-E,1200,5,Egress1,1000.0
12.0,chain1,Ingress1,13,13,SF-A,699,20,SF-B,1600,10,SF-C,1500,6,SF-E,1200,5,Egress1,1000.0
13.0,chain1,Ingress1,14,14,SF-A,727,21,SF-B,1680,10,SF-C,1500,6,SF-E,1200,5,Egress1,1000.0
14.0,chain1,Ingress1,15,15,SF-A,786,23,SF-B,1840,11,SF-C,1650,7,SF-E,1400,5,Egress1,1000.0
15.0,chain1,Ingress1,16,16,SF-A,811,24,SF-B,1920,12,SF-C,1800,8,SF-E,1600,6,Egress1,1000.0
16.0,chain1,Ingress1,15,15,SF-A,780,23,SF-B,1840,11,SF-C,1650,7,SF-E,1400,5,Egress1,1000.0
17.0,chain1,Ingress1,14,14,SF-A,721,21,SF-B,1680,10,SF-C,1500,6,SF-E,1200,5,Egress1,1000.0
18.0,chain1,Ingress1,13,13,SF-A,664,19,SF-B,1520,9,SF-C,1350,6,SF-E,1200,5,Egress1,1000.0
19.0,chain1,Ingress1,13,13,SF-A,672,20,SF-B,1600,10,SF-C,1500,6,SF-E,1200,5,Egress1,1000.0
20.0,chain1,Ingress1,11,11,SF-A,581,17,SF-B,1360,8,SF-C,1200,5,SF-E,1000,4,Egress1,1000.0
21.0,chain1,Ingress1,16,16,SF-A,804,24,SF-B,1920,12,SF-C,1800,8,SF-E,1600,6,Egress1,1000.0
22.0,chain1,Ingress1,16,16,SF-A,825,24,SF-B,1920,12,SF-C,1800,8,SF-E,1600,6,Egress1,1000.0
23.0,chain1,Ingress1,13,13,SF-A,674,20,SF-B,1600,10,SF-C,1500,6,SF-E,1200,5,Egress1,1000.0
24.0,chain1,Ingress1,15,15,SF-A,753,22,SF-B,1760,11,SF-C,1650,7,SF-E,1400,5,Egress1,1000.0
25.0,chain1,Ingress1,15,15,SF-A,770,23,SF-B,1840,11,SF-C,1650,7,SF-E,1400,5,Egress1,1000.0
26.0,chain1,Ingress1,15,15,SF-A,770,23,SF-B,1840,11,SF-C,1650,7,SF-E,1400,5,Egress1,1000.0
27.0,chain1,Ingress1,13,13,SF-A,687,20,SF-B,1600,10,SF-C,1500,6,SF-E,1200,5,Egress1,1000.0
28.0,chain1,Ingress1,11,11,SF-A,597,17,SF-B,1360,8,SF-C,1200,5,SF-E,1000,4,Egress1,1000.0
29.0,chain1,Ingress1,12,12,SF-A,624,18,SF-B,1440,9,SF-C,1350,6,SF-E,1200,5,Egress1,1000.0
30.0,chain1,Ingress1,15,15,SF-A,757,22,SF-B,1760,11,SF-C,1650,7,SF-E,1400,5,Egress1,1000.0
31.0,chain1,Ingress1,13,13,SF-A,684,20,SF-B,1600,10,SF-C,1500,6,SF-E,1200,5,Egress1,1000.0
32.0,chain1,Ingress1,12,12,SF-A,646,19,SF-B,1520,9,SF-C,1350,6,SF-E,1200,5,Egress1,1000.0
33.0,chain1,Ingress1,13,13,SF-A,671,20,SF-B,1600,10,SF-C,1500,6,SF-E,1200,5,Egress1,1000.0
34.0,chain1,Ingress1,11,11,SF-A,582,17,SF-B,1360,8,SF-C,1200,5,SF-E,1000,4,Egress1,1000.0
35.0,chain1,Ingress1,13,13,SF-A,684,20,SF-B,1600,10,SF-C,1500,6,SF-E,1200,5,Egress1,1000.0
36.0,chain1,Ingress1,15,15,SF-A,776,23,SF-B,1840,11,SF-C,1650,7,SF-E,1400,5,Egress1,1000.0
37.0,chain1,Ingress1,15,15,SF-A,797,23,SF-B,1840,11,SF-C,1650,7,SF-E,1400,5,Egress1,1000.0
38.0,chain1,Ingress1,15,15,SF-A,775,23,SF-B,1840,11,SF-C,1650,7,SF-E,1400,5,Egress1,1000.0
39.0,chain1,Ingress1,16,16,SF-A,801,24,SF-B,1920,12,SF-C,1800,8,SF-E,1600,6,Egress1,1000.0
40.0,chain1,Ingress1,13,13,SF-A,692,20,SF-B,1600,10,SF-C,1500,6,SF-E,1200,5,Egress1,1000.0
41.0,chain1,Ingress1,16,16,SF-A,839,25,SF-B,2000,12,SF-C,1800,8,SF-E,1600,6,Egress1,1000.0
42.0,chain1,Ingress1,11,11,SF-A,593,17,SF-B,1360,8,SF-C,1200,5,SF-E,1000,4,Egress1,1000.0
43.0,chain1,Ingress1,15,15,SF-A,781,23,SF-B,1840,11,SF-C,1650,7,SF-E,1400,5,Egress1,1000.0
44.0,chain1,Ingress1,16,16,SF-A,815,24,SF-B,1920,12,SF-C,1800,8,SF-E,1600,6,Egress1,1000.0
45.0,chain1,Ingress1,11,11,SF-A,567,17,SF-B,1360,8,SF-C,1200,5,SF-E,1000,4,Egress1,1000.0
46.0,chain1,Ingress1,13,13,SF-A,698,20,SF-B,1600,10,SF-C,1500,6,SF-E,1200,5,Egress1,1000.0
47.0,chain1,Ingress1,12,12,SF-A,619,18,SF-B,1440,9,SF-C,1350,6,SF-E,1200,5,Egress1,1000.0
48.0,chain1,Ingress1,16,16,SF-A,826,24,SF-B,1920,12,SF-C,1800,8,SF-E,1600,6,Egress1,1000.0
49.0,chain1,Ingress1,12,12,SF-A,616,18,SF-B,1440,9,SF-C,1350,6,SF-E,1200,5,Egress1,1000.0
50.0,chain1,Ingress1,11,11,SF-A,580,17,SF-B,1360,8,SF-C,1200,5,SF-E,1000,4,Egress1,1000.0
51.0,chain1,Ingress1,13,13,SF-A,698,20,SF-B,1600,10,SF-C,1500,6,SF-E,1200,5,Egress1,1000.0
52.0,chain1,Ingress1,15,15,SF-A,779,23,SF-B,1840,11,SF-C,1650,7,SF-E,1400,5,Egress1,1000.0
53.0,chain1,Ingress1,14,14,SF-A,734,22,SF-B,1760,11,SF-C,1650,7,SF-E,1400,5,Egress1,1000.0
54.0,chain1,Ingress1,15,15,SF-A,760,22,SF-B,1760,11,SF-C,1650,7,SF-E,1400,5,Egress1,1000.0
55.0,chain1,Ingress1,14,14,SF-A,714,21,SF-B,1680,10,SF-C,1500,6,SF-E,1200,5,Egress1,1000.0
56.0,chain1,Ingress1,12,12,SF-A,647,19,SF-B,1520,9,SF-C,1350,6,SF-E,1200,5,Egress1,1000.0
57.0,chain1,Ingress1,14,14,SF-A,709,21,SF-B,1680,10,SF-C,1500,6,SF-E,1200,5,Egress1,1000.0
58.0,chain1,Ingress1,14,14,SF-A,748,22,SF-B,1760,11,SF-C,1650,7,SF-E,1400,5,Egress1,1000.0
59.0,chain1,Ingress1,13,13,SF-A,697,20,SF-B,1600,10,SF-C,1500,6,SF-E,1200,5,Egress1,1000.0
60.0,chain1,Ingress1,13,13,SF-A,682,20,SF-B,1600,10,SF-C,1500,6,SF-E,1200,5,Egress1,1000.0
61.0,chain1,Ingress1,15,15,SF-A,750,22,SF-B,1760,11,SF-C,1650,7,SF-E,1400,5,Egress1,1000.0
62.0,chain1,Ingress1,16,16,SF-A,813,24,SF-B,1920,12,SF-C,1800,8,SF-E,1600,6,Egress1,1000.0
63.0,chain1,Ingress1,12,12,SF-A,624,18,SF-B,1440,9,SF-C,1350,6,SF-E,1200,5,Egress1,1000.0
64.0,chain1,Ingress1,15,15,SF-A,797,23,SF-B,1840,11,SF-C,1650,7,SF-E,1400,5,Egress1,1000.0
65.0,chain1,Ingress1,13,13,SF-A,693,20,SF-B,1600,10,SF-C,1500,6,SF-E,1200,5,Egress1,1000.0
66.0,chain1,Ingress1,14,14,SF-A,739,22,SF-B,1760,11,SF-C,1650,7,SF-E,1400,5,Egress1,1000.0
67.0,chain1,Ingress1,13,13,SF-A,695,20,SF-B,1600,10,SF-C,1500,6,SF-E,1200,5,Egress1,1000.0
68.0,chain1,Ingress1,12,12,SF-A,613,18,SF-B,1440,9,SF-C,1350,6,SF-E,1200,5,Egress1,1000.0
69.0,chain1,Ingress1,15,15,SF-A,775,23,SF-B,1840,11,SF-C,1650,7,SF-E,1400,5,Egress1,1000.0
70.0,chain1,Ingress1,13,13,SF-A,659,19,SF-B,1520,9,SF-C,1350,6,SF-E,1200,5,Egress1,1000.0
71.0,chain1,Ingress1,13,13,SF-A,693,20,SF-B,1600,10,SF-C,1500,6,SF-E,1200,5,Egress1,1000.0
72.0,chain1,Ingress1,16,16,SF-A,815,24,SF-B,1920,12,SF-C,1800,8,SF-E,1600,6,Egress1,1000.0
73.0,chain1,Ingress1,16,16,SF-A,830,24,SF-B,1920,12,SF-C,1800,8,SF-E,1600,6,Egress1,1000.0
74.0,chain1,Ingress1,12,12,SF-A,640,19,SF-B,1520,9,SF-C,1350,6,SF-E,1200,5,Egress1,1000.0
75.0,chain1,Ingress1,11,11,SF-A,580,17,SF-B,1360,8,SF-C,1200,5,SF-E,1000,4,Egress1,1000.0
76.0,chain1,Ingress1,12,12,SF-A,647,19,SF-B,1520,9,SF-C,1350,6,SF-E,1200,5,Egress1,1000.0
77.0,chain1,Ingress1,13,13,SF-A,691,20,SF-B,1600,10,SF-C,1500,6,SF-E,1200,5,Egress1,1000.0
78.0,chain1,Ingress1,14,14,SF-A,711,21,SF-B,1680,10,SF-C,1500,6,SF-E,1200,5,Egress1,1000.0
79.0,chain1,Ingress1,16,16,SF-A,801,24,SF-B,1920,12,SF-C,1800,8,SF-E,1600,6,Egress1,1000.0
80.0,chain1,Ingress1,15,15,SF-A,779,23,SF-B,1840,11,SF-C,1650,7,SF-E,1400,5,Egress1,1000.0
81.0,chain1,Ingress1,11,11,SF-A,576,17,SF-B,1360,8,SF-C,1200,5,SF-E,1000,4,Egress1,1000.0
82.0,chain1,Ingress1,11,11,SF-A,578,17,SF-B,1360,8,SF-C,1200,5,SF-E,1000,4,Egress1,1000.0
83.0,chain1,Ingress1,15,15,SF-A,751,22,SF-B,1760,11,SF-C,1650,7,SF-E,1400,5,Egress1,1000.0
84.0,chain1,Ingress1,14,14,SF-A,705,21,SF-B,1680,10,SF-C,1500,6,SF-E,1200,5,Egress1,1000.0
85.0,chain1,Ingress1,13,13,SF-A,665,19,SF-B,1520,9,SF-C,1350,6,SF-E,1200,5,Egress1,1000.0
86.0,chain1,Ingress1,13,13,SF-A,668,20,SF-B,1600,10,SF-C,1500,6,SF-E,1200,5,Egress1,1000.0
87.0,chain1,Ingress1,13,13,SF-A,676,20,SF-B,1600,10,SF-C,1500,6,SF-E,1200,5,Egress1,1000.0
88.0,chain1,Ingress1,11,11,SF-A,599,17,SF-B,1360,8,SF-C,1200,5,SF-E,1000,4,Egress1,1000.0
89.0,chain1,Ingress1,13,13,SF-A,665,19,SF-B,1520,9,SF-C,1350,6,SF-E,1200,5,Egress1,1000.0
90.0,chain1,Ingress1,12,12,SF-A,625,18,SF-B,1440,9,SF-C,1350,6,SF-E,1200,5,Egress1,1000.0
91.0,chain1,Ingress1,12,12,SF-A,646,19,SF-B,1520,9,SF-C,1350,6,SF-E,1200,5,Egress1,1000.0
92.0,chain1,Ingress1,11,11,SF-A,581,17,SF-B,1360,8,SF-C,1200,5,SF-E,1000,4,Egress1,1000.0
93.0,chain1,Ingress1,13,13,SF-A,694,20,SF-B,1600,10,SF-C,1500,6,SF-E,1200,5,Egress1,1000.0
94.0,chain1,Ingress1,16,16,SF-A,839,25,SF-B,2000,12,SF-C,1800,8,SF-E,1600,6,Egress1,1000.0
95.0,chain1,Ingress1,13,13,SF-A,680,20,SF-B,1600,10,SF-C,1500,6,SF-E,1200,5,Egress1,1000.0
96.0,chain1,Ingress1,12,12,SF-A,607,18,SF-B,1440,9,SF-C,1350,6,SF-E,1200,5,Egress1,1000.0
97.0,chain1,Ingress1,14,14,SF-A,713,21,SF-B,1680,10,SF-C,1500,6,SF-E,1200,5,Egress1,1000.0
98.0,chain1,Ingress1,15,15,SF-A,793,23,SF-B,1840,11,SF-C,1650,7,SF-E,1400,5,Egress1,1000.0
99.0,chain1,Ingress1,14,14,SF-A,703,21,SF-B,1680,10,SF-C,1500,6,SF-E,1200,5,Egress1,1000.0
100.0,chain1,Ingress1,13,13,SF-A,680,20,SF-B,1600,10,SF-C,1500,6,SF-E,1200,5,Egress1,1000.0
101.0,chain1,Ingress1,11,11,SF-A,564,16,SF-B,1280,8,SF-C,1200,5,SF-E,1000,4,Egress1,1000.0
102.0,chain1,Ingress1,12,12,SF-A,600,18,SF-B,1440,9,SF-C,1350,6,SF-E,1200,5,Egress1,1000.0
103.0,chain1,Ingress1,14,14,SF-A,744,22,SF-B,1760,11,SF-C,1650,7,SF-E,1400,5,Egress1,1000.0
104.0,chain1,Ingress1,14,14,SF-A,730,21,SF-B,1680,10,SF-C,1500,6,SF-E,1200,5,Egress1,1000.0
105.0,chain1,Ingress1,14,14,SF-A,715,21,SF-B,1680,10,SF-C,1500,6,SF-E,1200,5,Egress1,1000.0
106.0,chain1,Ingress1,15,15,SF-A,770,23,SF-B,1840,11,SF-C,1650,7,SF-E,1400,5,Egress1,1000.0
107.0,chain1,Ingress1,11,11,SF-A,561,16,SF-B,1280,8,SF-C,1200,5,SF-E,1000,4,Egress1,1000.0
108.0,chain1,Ingress1,11,11,SF-A,597,17,SF-B,1360,8,SF-C,1200,5,SF-E,1000,4,Egress1,1000.0
109.0,chain1,Ingress1,11,11,SF-A,580,17,SF-B,1360,8,SF-C,1200,5,SF-E,1000,4,Egress1,1000.0
110.0,chain1,Ingress1,15,15,SF-A,798,23,SF-B,1840,11,SF-C,1650,7,SF-E,1400,5,Egress1,1000.0
111.0,chain1,Ingress1,15,15,SF-A,773,23,SF-B,1840,11,SF-C,1650,7,SF-E,1400,5,Egress1,1000.0
112.0,chain1,Ingress1,16,16,SF-A,810,24,SF-B,1920,12,SF-C,1800,8,SF-E,1600,6,Egress1,1000.0
113.0,chain1,Ingress1,13,13,SF-A,673,20,SF-B,1600,10,SF-C,1500,6,SF-E,1200,5,Egress1,1000.0
114.0,chain1,Ingress1,15,15,SF-A,781,23,SF-B,1840,11,SF-C,1650,7,SF-E,1400,5,Egress1,1000.0
115.0,chain1,Ingress1,14,14,SF-A,701,21,SF-B,1680,10,SF-C,1500,6,SF-E,1200,5,Egress1,1000.0
116.0,chain1,Ingress1,11,11,SF-A,599,17,SF-B,1360,8,SF-C,1200,5,SF-E,1000,4,Egress1,1000.0
117.0,chain1,Ingress1,12,12,SF-A,633,18,SF-B,1440,9,SF-C,1350,6,SF-E,1200,5,Egress1,1000.0
118.0,chain1,Ingress1,11,11,SF-A,572,17,SF-B,1360,8,SF-C,1200,5,SF-E,1000,4,Egress1,1000.0
119.0,chain1,Ingress1,13,13,SF-A,679,20,SF-B,1600,10,SF-C,1500,6,SF-E,1200,5,Egress1,1000.0
120.0,chain1,Ingress1,16,16,SF-A,827,24,SF-B,1920,12,SF-C,1800,8,SF-E,1600,6,Egress1,1000.0
121.0,chain1,Ingress1,13,13,SF-A,692,20,SF-B,1600,10,SF-C,1500,6,SF-E,1200,5,Egress1,1000.0
122.0,chain1,Ingress1,14,14,SF-A,715,21,SF-B,1680,10,SF-C,1500,6,SF-E,1200,5,Egress1,1000.0
123.0,chain1,Ingress1,16,16,SF-A,821,24,SF-B,1920,12,SF-C,1800,8,SF-E,1600,6,Egress1,1000.0
124.0,chain1,Ingress1,11,11,SF-A,590,17,SF-B,1360,8,SF-C,1200,5,SF-E,1000,4,Egress1,1000.0
125.0,chain1,Ingress1,11,11,SF-A,561,16,SF-B,1280,8,SF-C,1200,5,SF-E,1000,4,Egress1,1000.0
126.0,chain1,Ingress1,12,12,SF-A,618,18,SF-B,1440,9,SF-C,1350,6,SF-E,1200,5,Egress1,1000.0
127.0,chain1,Ingress1,11,11,SF-A,588,17,SF-B,1360,8,SF-C,1200,5,SF-E,1000,4,Egress1,1000.0
128.0,chain1,Ingress1,15,15,SF-A,757,22,SF-B,1760,11,SF-C,1650,7,SF-E,1400,5,Egress1,1000.0
129.0,chain1,Ingress1,12,12,SF-A,605,18,SF-B,1440,9,SF-C,1350,6,SF-E,1200,5,Egress1,1000.0
130.0,chain1,Ingress1,13,13,SF-A,658,19,SF-B,1520,9,SF-C,1350,6,SF-E,1200,5,Egress1,1000.0
131.0,chain1,Ingress1,11,11,SF-A,595,17,SF-B,1360,8,SF-C,1200,5,SF-E,1000,4,Egress1,1000.0
132.0,chain1,Ingress1,11,11,SF-A,582,17,SF-B,1360,8,SF-C,1200,5,SF-E,1000,4,Egress1,1000.0
133.0,chain1,Ingress1,16,16,SF-A,818,24,SF-B,1920,12,SF-C,1800,8,SF-E,1600,6,Egress1,1000.0
134.0,chain1,Ingress1,15,15,SF-A,759,22,SF-B,1760,11,SF-C,1650,7,SF-E,1400,5,Egress1,1000.0
135.0,chain1,Ingress1,14,14,SF-A,716,21,SF-B,1680,10,SF-C,1500,6,SF-E,1200,5,Egress1,1000.0
136.0,chain1,Ingress1,12,12,SF-A,605,18,SF-B,1440,9,SF-C,1350,6,SF-E,1200,5,Egress1,1000.0
137.0,chain1,Ingress1,15,15,SF-A,775,23,SF-B,1840,11,SF-C,1650,7,SF-E,1400,5,Egress1,1000.0
138.0,chain1,Ingress1,14,14,SF-A,700,21,SF-B,1680,10,SF-C,1500,6,SF-E,1200,5,Egress1,1000.0
139.0,chain1,Ingress1,11,11,SF-A,576,17,SF-B,1360,8,SF-C,1200,5,SF-E,1000,4,Egress1,1000.0
140.0,chain1,Ingress1,16,16,SF-A,800,24,SF-B,1920,12,SF-C,1800,8,SF-E,1600,6,Egress1,1000.0
141.0,chain1,Ingress1,14,14,SF-A,722,21,SF-B,1680,10,SF-C,1500,6,SF-E,1200,5,Egress1,1000.0
142.0,chain1,Ingress1,11,11,SF-A,590,17,SF-B,1360,8,SF-C,1200,5,SF-E,1000,4,Egress1,1000.0
143.0,chain1,Ingress1,15,15,SF-A,792,23,SF-B,1840,11,SF-C,1650,7,SF-E,1400,5,Egress1,1000.0
144.0,chain1,Ingress1,16,16,SF-A,824,24,SF-B,1920,12,SF-C,1800,8,SF-E,1600,6,Egress1,1000.0
145.0,chain1,Ingress1,12,12,SF-A,637,19,SF-B,1520,9,SF-C,1350,6,SF-E,1200,5,Egress1,1000.0
146.0,chain1,Ingress1,15,15,SF-A,791,23,SF-B,1840,11,SF-C,1650,7,SF-E,1400,5,Egress1,1000.0
147.0,chain1,Ingress1,11,11,SF-A,584,17,SF-B,1360,8,SF-C,1200,5,SF-E,1000,4,Egress1,1000.0
148.0,chain1,Ingress1,11,11,SF-A,597,17,SF-B,1360,8,SF-C,1200,5,SF-E,1000,4,Egress1,1000.0
149.0,chain1,Ingress1,15,15,SF-A,755,22,SF-B,1760,11,SF-C,1650,7,SF-E,1400,5,Egress1,1000.0
150.0,chain1,Ingress1,14,14,SF-A,707,21,SF-B,1680,10,SF-C,1500,6,SF-E,1200,5,Egress1,1000.0
151.0,chain1,Ingress1,13,13,SF-A,660,19,SF-B,1520,9,SF-C,1350,6,SF-E,1200,5,Egress1,1000.0
152.0,chain1,Ingress1,12,12,SF-A,636,19,SF-B,1520,9,SF-C,1350,6,SF-E,1200,5,Egress1,1000.0
153.0,chain1,Ingress1,12,12,SF-A,617,18,SF-B,1440,9,SF-C,1350,6,SF-E,1200,5,Egress1,1000.0
154.0,chain1,Ingress1,13,13,SF-A,678,20,SF-B,1600,10,SF-C,1500,6,SF-E,1200,5,Egress1,1000.0
155.0,chain1,Ingress1,12,12,SF-A,605,18,SF-B,1440,9,SF-C,1350,6,SF-E,1200,5,Egress1,1000.0
156.0,chain1,Ingress1,14,14,SF-A,743,22,SF-B,1760,11,SF-C,1650,7,SF-E,1400,5,Egress1,1000.0
157.0,chain1,Ingress1,14,14,SF-A,723,21,SF-B,1680,10,SF-C,1500,6,SF-E,1200,5,Egress1,1000.0
158.0,chain1,Ingress1,13,13,SF-A,658,19,SF-B,1520,9,SF-C,1350,6,SF-E,1200,5,Egress1,1000.0
159.0,chain1,Ingress1,12,12,SF-A,647,19,SF-B,1520,9,SF-C,1350,6,SF-E,1200,5,Egress1,1000.0
160.0,chain1,Ingress1,16,16,SF-A,800,24,SF-B,1920,12,SF-C,1800,8,SF-E,1600,6,Egress1,1000.0
161.0,chain1,Ingress1,16,16,SF-A,813,24,SF-B,1920,12,SF-C,1800,8,SF-E,1600,6,Egress1,1000.0
162.0,chain1,Ingress1,12,12,SF-A,626,18,SF-B,1440,9,SF-C,1350,6,SF-E,1200,5,Egress1,1000.0
163.0,chain1,Ingress1,12,12,SF-A,605,18,SF-B,1440,9,SF-C,1350,6,SF-E,1200,5,Egress1,1000.0
164.0,chain1,Ingress1,13,13,SF-A,665,19,SF-B,1520,9,SF-C,1350,6,SF-E,1200,5,Egress1,1000.0
165.0,chain1,Ingress1,13,13,SF-A,696,20,SF-B,1600,10,SF-C,1500,6,SF-E,1200,5,Egress1,1000.0
166.0,chain1,Ingress1,14,14,SF-A,719,21,SF-B,1680,10,SF-C,1500,6,SF-E,1200,5,Egress1,1000.0
167.0,chain1,Ingress1,13,13,SF-A,677,20,SF-B,1600,10,SF-C,1500,6,SF-E,1200,5,Egress1,1000.0
168.0,chain1,Ingress1,16,16,SF-A,823,24,SF-B,1920,12,SF-C,1800,8,SF-E,1600,6,Egress1,1000.0
169.0,chain1,Ingress1,13,13,SF-A,674,20,SF-B,1600,10,SF-C,1500,6,SF-E,1200,5,Egress1,1000.0
170.0,chain1,Ingress1,13,13,SF-A,674,20,SF-B,1600,10,SF-C,1500,6,SF-E,1200,5,Egress1,1000.0
171.0,chain1,Ingress1,11,11,SF-A,584,17,SF-B,1360,8,SF-C,1200,5,SF-E,1000,4,Egress1,1000.0
172.0,chain1,Ingress1,11,11,SF-A,577,17,SF-B,1360,8,SF-C,1200,5,SF-E,1000,4,Egress1,1000.0
173.0,chain1,Ingress1,15,15,SF-A,799,23,SF-B,1840,11,SF-C,1650,7,SF-E,1400,5,Egress1,1000.0
174.0,chain1,Ingress1,11,11,SF-A,598,17,SF-B,1360,8,SF-C,1200,5,SF-E,1000,4,Egress1,1000.0
175.0,chain1,Ingress1,16,16,SF-A,802,24,SF-B,1920,12,SF-C,1800,8,SF-E,1600,6,Egress1,1000.0
176.0,chain1,Ingress1,11,11,SF-A,566,17,SF-B,1360,8,SF-C,1200,5,SF-E,1000,4,Egress1,1000.0
177.0,chain1,Ingress1,11,11,SF-A,592,17,SF-B,1360,8,SF-C,1200,5,SF-E,1000,4,Egress1,1000.0
178.0,chain1,Ingress1,11,11,SF-A,565,16,SF-B,1280,8,SF-C,1200,5,SF-E,1000,4,Egress1,1000.0
179.0,chain1,Ingress1,12,12,SF-A,630,18,SF-B,1440,9,SF-C,1350,6,SF-E,1200,5,Egress1,1000.0
180.0,chain1,Ingress1,15,15,SF-A,768,23,SF-B,1840,11,SF-C,1650,7,SF-E,1400,5,Egress1,1000.0
181.0,chain1,Ingress1,12,12,SF-A,649,19,SF-B,1520,9,SF-C,1350,6,SF-E,1200,5,Egress1,1000.0
182.0,chain1,Ingress1,11,11,SF-A,593,17,SF-B,1360,8,SF-C,1200,5,SF-E,1000,4,Egress1,1000.0
183.0,chain1,Ingress1,13,13,SF-A,650,19,SF-B,1520,9,SF-C,1350,6,SF-E,1200,5,Egress1,1000.0
184.0,chain1,Ingress1,13,13,SF-A,691,20,SF-B,1600,10,SF-C,1500,6,SF-E,1200,5,Egress1,1000.0
185.0,chain1,Ingress1,11,11,SF-A,587,17,SF-B,1360,8,SF-C,1200,5,SF-E,1000,4,Egress1,1000.0
186.0,chain1,Ingress1,16,16,SF-A,814,24,SF-B,1920,12,SF-C,1800,8,SF-E,1600,6,Egress1,1000.0
187.0,chain1,Ingress1,16,16,SF-A,806,24,SF-B,1920,12,SF-C,1800,8,SF-E,1600,6,Egress1,1000.0
188.0,chain1,Ingress1,16,16,SF-A,831,24,SF-B,1920,12,SF-C,1800,8,SF-E,1600,6,Egress1,1000.0
189.0,chain1,Ingress1,13,13,SF-A,651,19,SF-B,1520,9,SF-C,1350,6,SF-E,1200,5,Egress1,1000.0
190.0,chain1,Ingress1,14,14,SF-A,749,22,SF-B,1760,11,SF-C,1650,7,SF-E,1400,5,Egress1,1000.0
191.0,chain1,Ingress1,14,14,SF-A,740,22,SF-B,1760,11,SF-C,1650,7,SF-E,1400,5,Egress1,1000.0
192.0,chain1,Ingress1,15,15,SF-A,768,23,SF-B,1840,11,SF-C,1650,7,SF-E,1400,5,Egress1,1000.0
193.0,chain1,Ingress1,13,13,SF-A,653,19,SF-B,1520,9,SF-C,1350,6,SF-E,1200,5,Egress1,1000.0
194.0,chain1,Ingress1,11,11,SF-A,577,17,SF-B,1360,8,SF-C,1200,5,SF-E,1000,4,Egress1,1000.0
195.0,chain1,Ingress1,16,16,SF-A,813,24,SF-B,1920,12,SF-C,1800,8,SF-E,1600,6,Egress1,1000.0
196.0,chain1,Ingress1,13,13,SF-A,686,20,SF-B,1600,10,SF-C,1500,6,SF-E,1200,5,Egress1,1000.0
197.0,chain1,Ingress1,12,12,SF-A,606,18,SF-B,1440,9,SF-C,1350,6,SF-E,1200,5,Egress1,1000.0
198.0,chain1,Ingress1,11,11,SF-A,579,17,SF-B,1360,8,SF-C,1200,5,SF-E,1000,4,Egress1,1000.0
199.0,chain1,Ingress1,16,16,SF-A,817,24,SF-B,1920,12,SF-C,1800,8,SF-E,1600,6,Egress1,1000.0
200.0,chain1,Ingress1,12,12,SF-A,615,18,SF-B,1440,9,SF-C,1350,6,SF-E,1200,5,Egress1,1000.0
201.0,chain1,Ingress1,12,12,SF-A,640,19,SF-B,1520,9,SF-C,1350,6,SF-E,1200,5,Egress1,1000.0
202.0,chain1,Ingress1,11,11,SF-A,575,17,SF-B,1360,8,SF-C,1200,5,SF-E,1000,4,Egress1,1000.0
203.0,chain1,Ingress1,16,16,SF-A,839,25,SF-B,2000,12,SF-C,1800,8,SF-E,1600,6,Egress1,1000.0
204.0,chain1,Ingress1,14,14,SF-A,741,22,SF-B,1760,11,SF-C,1650,7,SF-E,1400,5,Egress1,1000.0
205.0,chain1,Ingress1,15,15,SF-A,778,23,SF-B,1840,11,SF-C,1650,7,SF-E,1400,5,Egress1,1000.0
206.0,chain1,Ingress1,13,13,SF-A,661,19,SF-B,1520,9,SF-C,1350,6,SF-E,1200,5,Egress1,1000.0
207.0,chain1,Ingress1,14,14,SF-A,738,22,SF-B,1760,11,SF-C,1650,7,SF-E,1400,5,Egress1,1000.0
208.0,chain1,Ingress1,15,15,SF-A,776,23,SF-B,1840,11,SF-C,1650,7,SF-E,1400,5,Egress1,1000.0
209.0,chain1,Ingress1,16,16,SF-A,824,24,SF-B,1920,12,SF-C,1800,8,SF-E,1600,6,Egress1,1000.0
210.0,chain1,Ingress1,15,15,SF-A,757,22,SF-B,1760,11,SF-C,1650,7,SF-E,1400,5,Egress1,1000.0
211.0,chain1,Ingress1,13,13,SF-A,673,20,SF-B,1600,10,SF-C,1500,6,SF-E,1200,5,Egress1,1000.0
212.0,chain1,Ingress1,14,14,SF-A,743,22,SF-B,1760,11,SF-C,1650,7,SF-E,1400,5,Egress1,1000.0
213.0,chain1,Ingress1,13,13,SF-A,659,19,SF-B,1520,9,SF-C,1350,6,SF-E,1200,5,Egress1,1000.0
214.0,chain1,Ingress1,11,11,SF-A,575,17,SF-B,1360,8,SF-C,1200,5,SF-E,1000,4,Egress1,1000.0
215.0,chain1,Ingress1,14,14,SF-A,736,22,SF-B,1760,11,SF-C,1650,7,SF-E,1400,5,Egress1,1000.0
216.0,chain1,Ingress1,12,12,SF-A,647,19,SF-B,1520,9,SF-C,1350,6,SF-E,1200,5,Egress1,1000.0
217.0,chain1,Ingress1,16,16,SF-A,827,24,SF-B,1920,12,SF-C,1800,8,SF-E,1600,6,Egress1,1000.0
218.0,chain1,Ingress1,11,11,SF-A,583,17,SF-B,1360,8,SF-C,1200,5,SF-E,1000,4,Egress1,1000.0
219.0,chain1,Ingress1,15,15,SF-A,765,22,SF-B,1760,11,SF-C,1650,7,SF-E,1400,5,Egress1,1000.0
220.0,chain1,Ingress1,15,15,SF-A,751,22,SF-B,1760,11,SF-C,1650,7,SF-E,1400,5,Egress1,1000.0
221.0,chain1,Ingress1,11,11,SF-A,582,17,SF-B,1360,8,SF-C,1200,5,SF-E,1000,4,Egress1,1000.0
222.0,chain1,Ingress1,14,14,SF-A,744,22,SF-B,1760,11,SF-C,1650,7,SF-E,1400,5,Egress1,1000.0
223.0,chain1,Ingress1,11,11,SF-A,577,17,SF-B,1360,8,SF-C,1200,5,SF-E,1000,4,Egress1,1000.0
224.0,chain1,Ingress1,13,13,SF-A,677,20,SF-B,1600,10,SF-C,1500,6,SF-E,1200,5,Egress1,1000.0
225.0,chain1,Ingress1,14,14,SF-A,721,21,SF-B,1680,10,SF-C,1500,6,SF-E,1200,5,Egress1,1000.0
226.0,chain1,Ingress1,13,13,SF-A,678,20,SF-B,1600,10,SF-C,1500,6,SF-E,1200,5,Egress1,1000.0
227.0,chain1,Ingress1,14,14,SF-A,728,21,SF-B,1680,10,SF-C,1500,6,SF-E,1200,5,Egress1,1000.0
228.0,chain1,Ingress1,11,11,SF-A,599,17,SF-B,1360,8,SF-C,1200,5,SF-E,1000,4,Egress1,1000.0
229.0,chain1,Ingress1,11,11,SF-A,565,16,SF-B,1280,8,SF-C,1200,5,SF-E,1000,4,Egress1,1000.0
230.0,chain1,Ingress1,11,11,SF-A,565,16,SF-B,1280,8,SF-C,1200,5,SF-E,1000,4,Egress1,1000.0
231.0,chain1,Ingress1,11,11,SF-A,590,17,SF-B,1360,8,SF-C,1200,5,SF-E,1000,4,Egress1,1000.0
232.0,chain1,Ingress1,13,13,SF-A,676,20,SF-B,1600,10,SF-C,1500,6,SF-E,1200,5,Egress1,1000.0
233.0,chain1,Ingress1,11,11,SF-A,580,17,SF-B,1360,8,SF-C,1200,5,SF-E,1000,4,Egress1,1000.0
234.0,chain1,Ingress1,13,13,SF-A,657,19,SF-B,1520,9,SF-C,1350,6,SF-E,1200,5,Egress1,1000.0
235.0,chain1,Ingress1,11,11,SF-A,560,16,SF-B,1280,8,SF-C,1200,5,SF-E,1000,4,Egress1,1000.0
236.0,chain1,Ingress1,11,11,SF-A,574,17,SF-B,1360,8,SF-C,1200,5,SF-E,1000,4,Egress1,1000.0
237.0,chain1,Ingress1,15,15,SF-A,792,23,SF-B,1840,11,SF-C,1650,7,SF-E,1400,5,Egress1,1000.0
238.0,chain1,Ingress1,16,16,SF-A,820,24,SF-B,1920,12,SF-C,1800,8,SF-E,1600,6,Egress1,1000.0
239.0,chain1,Ingress1,16,16,SF-A,811,24,SF-B,1920,12,SF-C,1800,8,SF-E,1600,6,Egress1,1000.0
240.0,chain1,Ingress1,13,13,SF-A,655,19,SF-B,1520,9,SF-C,1350,6,SF-E,1200,5,Egress1,1000.0
241.0,chain1,Ingress1,16,16,SF-A,836,25,SF-B,2000,12,SF-C,1800,8,SF-E,1600,6,Egress1,1000.0
242.0,chain1,Ingress1,13,13,SF-A,699,20,SF-B,1600,10,SF-C,1500,6,SF-E,1200,5,Egress1,1000.0
243.0,chain1,Ingress1,15,15,SF-A,792,23,SF-B,1840,11,SF-C,1650,7,SF-E,1400,5,Egress1,1000.0
244.0,chain1,Ingress1,15,15,SF-A,784,23,SF-B,1840,11,SF-C,1650,7,SF-E,1400,5,Egress1,1000.0
245.0,chain1,Ingress1,12,12,SF-A,610,18,SF-B,1440,9,SF-C,1350,6,SF-E,1200,5,Egress1,1000.0
246.0,chain1,Ingress1,12,12,SF-A,601,18,SF-B,1440,9,SF-C,1350,6,SF-E,1200,5,Egress1,1000.0
247.0,chain1,Ingress1,12,12,SF-A,625,18,SF-B,1440,9,SF-C,1350,6,SF-E,1200,5,Egress1,1000.0
248.0,chain1,Ingress1,16,16,SF-A,825,24,SF-B,1920,12,SF-C,1800,8,SF-E,1600,6,Egress1,1000.0
249.0,chain1,Ingress1,13,13,SF-A,654,19,SF-B,1520,9,SF-C,1350,6,SF-E,1200,5,Egress1,1000.0
250.0,chain1,Ingress1,13,13,SF-A,660,19,SF-B,1520,9,SF-C,1350,6,SF-E,1200,5,Egress1,1000.0
251.0,chain1,Ingress1,16,16,SF-A,838,25,SF-B,2000,12,SF-C,1800,8,SF-E,1600,6,Egress1,1000.0
252.0,chain1,Ingress1,15,15,SF-A,798,23,SF-B,1840,11,SF-C,1650,7,SF-E,1400,5,Egress1,1000.0
253.0,chain1,Ingress1,12,12,SF-A,615,18,SF-B,1440,9,SF-C,1350,6,SF-E,1200,5,Egress1,1000.0
254.0,chain1,Ingress1,15,15,SF-A,759,22,SF-B,1760,11,SF-C,1650,7,SF-E,1400,5,Egress1,1000.0
255.0,chain1,Ingress1,15,15,SF-A,777,23,SF-B,1840,11,SF-C,1650,7,SF-E,1400,5,Egress1,1000.0
256.0,chain1,Ingress1,11,11,SF-A,597,17,SF-B,1360,8,SF-C,1200,5,SF-E,1000,4,Egress1,1000.0
257.0,chain1,Ingress1,15,15,SF-A,759,22,SF-B,1760,11,SF-C,1650,7,SF-E,1400,5,Egress1,1000.0
258.0,chain1,Ingress1,15,15,SF-A,759,22,SF-B,1760,11,SF-C,1650,7,SF-E,1400,5,Egress1,1000.0
259.0,chain1,Ingress1,12,12,SF-A,633,18,SF-B,1440,9,SF-C,1350,6,SF-E,1200,5,Egress1,1000.0
260.0,chain1,Ingress1,12,12,SF-A,608,18,SF-B,1440,9,SF-C,1350,6,SF-E,1200,5,Egress1,1000.0
261.0,chain1,Ingress1,16,16,SF-A,801,24,SF-B,1920,12,SF-C,1800,8,SF-E,1600,6,Egress1,1000.0
262.0,chain1,Ingress1,12,12,SF-A,648,19,SF-B,1520,9,SF-C,1350,6,SF-E,1200,5,Egress1,1000.0
263.0,chain1,Ingress1,12,12,SF-A,628,18,SF-B,1440,9,SF-C,1350,6,SF-E,1200,5,Egress1,1000.0
264.0,chain1,Ingress1,14,14,SF-A,723,21,SF-B,1680,10,SF-C,1500,6,SF-E,1200,5,Egress1,1000.0
265.0,chain1,Ingress1,11,11,SF-A,579,17,SF-B,1360,8,SF-C,1200,5,SF-E,1000,4,Egress1,1000.0
266.0,chain1,Ingress1,13,13,SF-A,680,20,SF-B,1600,10,SF-C,1500,6,SF-E,1200,5,Egress1,1000.0
267.0,chain1,Ingress1,12,12,SF-A,641,19,SF-B,1520,9,SF-C,1350,6,SF-E,1200,5,Egress1,1000.0
268.0,chain1,Ingress1,14,14,SF-A,727,21,SF-B,1680,10,SF-C,1500,6,SF-E,1200,5,Egress1,1000.0
269.0,chain1,Ingress1,13,13,SF-A,679,20,SF-B,1600,10,SF-C,1500,6,SF-E,1200,5,Egress1,1000.0
270.0,chain1,Ingress1,16,16,SF-A,825,24,SF-B,1920,12,SF-C,1800,8,SF-E,1600,6,Egress1,1000.0
271.0,chain1,Ingress1,13,13,SF-A,663,19,SF-B,1520,9,SF-C,1350,6,SF-E,1200,5,Egress1,1000.0
272.0,chain1,Ingress1,12,12,SF-A,639,19,SF-B,1520,9,SF-C,1350,6,SF-E,1200,5,Egress1,1000.0
273.0,chain1,Ingress1,13,13,SF-A,659,19,SF-B,1520,9,SF-C,1350,6,SF-E,1200,5,Egress1,1000.0
274.0,chain1,Ingress1,15,15,SF-A,785,23,SF-B,1840,11,SF-C,1650,7,SF-E,1400,5,Egress1,1000.0
275.0,chain1,Ingress1,11,11,SF-A,572,17,SF-B,1360,8,SF-C,1200,5,SF-E,1000,4,Egress1,1000.0
276.0,chain1,Ingress1,12,12,SF-A,611,18,SF-B,1440,9,SF-C,1350,6,SF-E,1200,5,Egress1,1000.0
277.0,chain1,Ingress1,11,11,SF-A,581,17,SF-B,1360,8,SF-C,1200,5,SF-E,1000,4,Egress1,1000.0
278.0,chain1,Ingress1,12,12,SF-A,607,18,SF-B,1440,9,SF-C,1350,6,SF-E,1200,5,Egress1,1000.0
279.0,chain1,Ingress1,16,16,SF-A,808,24,SF-B,1920,12,SF-C,1800,8,SF-E,1600,6,Egress1,1000.0
280.0,chain1,Ingress1,16,16,SF-A,825,24,SF-B,1920,12,SF-C,1800,8,SF-E,1600,6,Egress1,1000.0
281.0,chain1,Ingress1,13,13,SF-A,686,20,SF-B,1600,10,SF-C,1500,6,SF-E,1200,5,Egress1,1000.0
282.0,chain1,Ingress1,12,12,SF-A,642,19,SF-B,1520,9,SF-C,1350,6,SF-E,1200,5,Egress1,1000.0
283.0,chain1,Ingress1,12,12,SF-A,615,18,SF-B,1440,9,SF-C,1350,6,SF-E,1200,5,Egress1,1000.0
284.0,chain1,Ingress1,15,15,SF-A,758,22,SF-B,1760,11,SF-C,1650,7,SF-E,1400,5,Egress1,1000.0
285.0,chain1,Ingress1,13,13,SF-A,687,20,SF-B,1600,10,SF-C,1500,6,SF-E,1200,5,Egress1,1000.0
286.0,chain1,Ingress1,12,12,SF-A,646,19,SF-B,1520,9,SF-C,1350,6,SF-E,1200,5,Egress1,1000.0
287.0,chain1,Ingress1,13,13,SF-A,656,19,SF-B,1520,9,SF-C,1350,6,SF-E,1200,5,Egress1,1000.0
288.0,chain1,Ingress1,16,16,SF-A,817,24,SF-B,1920,12,SF-C,1800,8,SF-E,1600,6,Egress1,1000.0
289.0,chain1,Ingress1,16,16,SF-A,802,24,SF-B,1920,12,SF-C,1800,8,SF-E,1600,6,Egress1,1000.0
290.0,chain1,Ingress1,13,13,SF-A,658,19,SF-B,1520,9,SF-C,1350,6,SF-E,1200,5,Egress1,1000.0
291.0,chain1,Ingress1,14,14,SF-A,715,21,SF-B,1680,10,SF-C,1500,6,SF-E,1200,5,Egress1,1000.0
292.0,chain1,Ingress1,14,14,SF-A,726,21,SF-B,1680,10,SF-C,1500,6,SF-E,1200,5,Egress1,1000.0
293.0,chain1,Ingress1,12,12,SF-A,638,19,SF-B,1520,9,SF-C,1350,6,SF-E,1200,5,Egress1,1000.0
294.0,chain1,Ingress1,15,15,SF-A,787,23,SF-B,1840,11,SF-C,1650,7,SF-E,1400,5,Egress1,1000.0
295.0,chain1,Ingress1,13,13,SF-A,683,20,SF-B,1600,10,SF-C,1500,6,SF-E,1200,5,Egress1,1000.0
296.0,chain1,Ingress1,14,14,SF-A,708,21,SF-B,1680,10,SF-C,1500,6,SF-E,1200,5,Egress1,1000.0
297.0,chain1,Ingress1,11,11,SF-A,576,17,SF-B,1360,8,SF-C,1200,5,SF-E,1000,4,Egress1,1000.0
298.0,chain1,Ingress1,12,12,SF-A,630,18,SF-B,1440,9,SF-C,1350,6,SF-E,1200,5,Egress1,1000.0
299.0,chain1,Ingress1,13,13,SF-A,681,20,SF-B,1600,10,SF-C,1500,6,SF-E,1200,5,Egress1,1000.0
300.0,chain1,Ingress1,12,12,SF-A,617,18,SF-B,1440,9,SF-C,1350,6,SF-E,1200,5,Egress1,1000.0
301.0,chain1,Ingress1,14,14,SF-A,712,21,SF-B,1680,10,SF-C,1500,6,SF-E,1200,5,Egress1,1000.0
302.0,chain1,Ingress1,16,16,SF-A,837,25,SF-B,2000,12,SF-C,1800,8,SF-E,1600,6,Egress1,1000.0
303.0,chain1,Ingress1,11,11,SF-A,569,17,SF-B,1360,8,SF-C,1200,5,SF-E,1000,4,Egress1,1000.0
304.0,chain1,Ingress1,14,14,SF-A,744,22,SF-B,1760,11,SF-C,1650,7,SF-E,1400,5,Egress1,1000.0
305.0,chain1,Ingress1,16,16,SF-A,821,24,SF-B,1920,12,SF-C,1800,8,SF-E,1600,6,Egress1,1000.0
306.0,chain1,Ingress1,13,13,SF-A,695,20,SF-B,1600,10,SF-C,1500,6,SF-E,1200,5,Egress1,1000.0
307.0,chain1,Ingress1,16,16,SF-A,817,24,SF-B,1920,12,SF-C,1800,8,SF-E,1600,6,Egress1,1000.0
308.0,chain1,Ingress1,14,14,SF-A,717,21,SF-B,1680,10,SF-C,1500,6,SF-E,1200,5,Egress1,1000.0
309.0,chain1,Ingress1,13,13,SF-A,674,20,SF-B,1600,10,SF-C,1500,6,SF-E,1200,5,Egress1,1000.0
310.0,chain1,Ingress1,12,12,SF-A,621,18,SF-B,1440,9,SF-C,1350,6,SF-E,1200,5,Egress1,1000.0
311.0,chain1,Ingress1,15,15,SF-A,798,23,SF-B,1840,11,SF-C,1650,7,SF-E,1400,5,Egress1,1000.0
312.0,chain1,Ingress1,11,11,SF-A,573,17,SF-B,1360,8,SF-C,1200,5,SF-E,1000,4,Egress1,1000.0
313.0,chain1,Ingress1,13,13,SF-A,689,20,SF-B,1600,10,SF-C,1500,6,SF-E,1200,5,Egress1,1000.0
314.0,chain1,Ingress1,16,16,SF-A,836,25,SF-B,2000,12,SF-C,1800,8,SF-E,1600,6,Egress1,1000.0
315.0,chain1,Ingress1,12,12,SF-A,630,18,SF-B,1440,9,SF-C,1350,6,SF-E,1200,5,Egress1,1000.0
316.0,chain1,Ingress1,11,11,SF-A,560,16,SF-B,1280,8,SF-C,1200,5,SF-E,1000,4,Egress1,1000.0
317.0,chain1,Ingress1,13,13,SF-A,669,20,SF-B,1600,10,SF-C,1500,6,SF-E,1200,5,Egress1,1000.0
318.0,chain1,Ingress1,15,15,SF-A,787,23,SF-B,1840,11,SF-C,1650,7,SF-E,1400,5,Egress1,1000.0
319.0,chain1,Ingress1,15,15,SF-A,799,23,SF-B,1840,11,SF-C,1650,7,SF-E,1400,5,Egress1,1000.0
320.0,chain1,Ingress1,16,16,SF-A,826,24,SF-B,1920,12,SF-C,1800,8,SF-E,1600,6,Egress1,1000.0
321.0,chain1,Ingress1,16,16,SF-A,819,24,SF-B,1920,12,SF-C,1800,8,SF-E,1600,6,Egress1,1000.0
322.0,chain1,Ingress1,14,14,SF-A,729,21,SF-B,1680,10,SF-C,1500,6,SF-E,1200,5,Egress1,1000.0
323.0,chain1,Ingress1,13,13,SF-A,683,20,SF-B,1600,10,SF-C,1500,6,SF-E,1200,5,Egress1,1000.0
324.0,chain1,Ingress1,13,13,SF-A,687,20,SF-B,1600,10,SF-C,1500,6,SF-E,1200,5,Egress1,1000.0
325.0,chain1,Ingress1,15,15,SF-A,755,22,SF-B,1760,11,SF-C,1650,7,SF-E,1400,5,Egress1,1000.0
326.0,chain1,Ingress1,12,12,SF-A,649,19,SF-B,1520,9,SF-C,1350,6,SF-E,1200,5,Egress1,1000.0
327.0,chain1,Ingress1,14,14,SF-A,731,21,SF-B,1680,10,SF-C,1500,6,SF-E,1200,5,Egress1,1000.0
328.0,chain1,Ingress1,12,12,SF-A,612,18,SF-B,1440,9,SF-C,1350,6,SF-E,1200,5,Egress1,1000.0
329.0,chain1,Ingress1,14,14,SF-A,722,21,SF-B,1680,10,SF-C,1500,6,SF-E,1200,5,Egress1,1000.0
330.0,chain1,Ingress1,13,13,SF-A,683,20,SF-B,1600,10,SF-C,1500,6,SF-E,1200,5,Egress1,1000.0
331.0,chain1,Ingress1,13,13,SF-A,678,20,SF-B,1600,10,SF-C,1500,6,SF-E,1200,5,Egress1,1000.0
332.0,chain1,Ingress1,12,12,SF-A,623,18,SF-B,1440,9,SF-C,1350,6,SF-E,1200,5,Egress1,1000.0
333.0,chain1,Ingress1,13,13,SF-A,688,20,SF-B,1600,10,SF-C,1500,6,SF-E,1200,5,Egress1,1000.0
334.0,chain1,Ingress1,13,13,SF-A,698,20,SF-B,1600,10,SF-C,1500,6,SF-E,1200,5,Egress1,1000.0
335.0,chain1,Ingress1,15,15,SF-A,797,23,SF-B,1840,11,SF-C,1650,7,SF-E,1400,5,Egress1,1000.0
336.0,chain1,Ingress1,16,16,SF-A,808,24,SF-B,1920,12,SF-C,1800,8,SF-E,1600,6,Egress1,1000.0
337.0,chain1,Ingress1,11,11,SF-A,599,17,SF-B,1360,8,SF-C,1200,5,SF-E,1000,4,Egress1,1000.0
338.0,chain1,Ingress1,14,14,SF-A,700,21,SF-B,1680,10,SF-C,1500,6,SF-E,1200,5,Egress1,1000.0
339.0,chain1,Ingress1,14,14,SF-A,724,21,SF-B,1680,10,SF-C,1500,6,SF-E,1200,5,Egress1,1000.0
340.0,chain1,Ingress1,16,16,SF-A,808,24,SF-B,1920,12,SF-C,1800,8,SF-E,1600,6,Egress1,1000.0
341.0,chain1,Ingress1,12,12,SF-A,648,19,SF-B,1520,9,SF-C,1350,6,SF-E,1200,5,Egress1,1000.0
342.0,chain1,Ingress1,12,12,SF-A,638,19,SF-B,1520,9,SF-C,1350,6,SF-E,1200,5,Egress1,1000.0
343.0,chain1,Ingress1,13,13,SF-A,697,20,SF-B,1600,10,SF-C,1500,6,SF-E,1200,5,Egress1,1000.0
344.0,chain1,Ingress1,13,13,SF-A,652,19,SF-B,1520,9,SF-C,1350,6,SF-E,1200,5,Egress1,1000.0
345.0,chain1,Ingress1,12,12,SF-A,649,19,SF-B,1520,9,SF-C,1350,6,SF-E,1200,5,Egress1,1000.0
346.0,chain1,Ingress1,15,15,SF-A,778,23,SF-B,1840,11,SF-C,1650,7,SF-E,1400,5,Egress1,1000.0
347.0,chain1,Ingress1,15,15,SF-A,783,23,SF-B,1840,11,SF-C,1650,7,SF-E,1400,5,Egress1,1000.0
348.0,chain1,Ingress1,11,11,SF-A,573,17,SF-B,1360,8,SF-C,1200,5,SF-E,1000,4,Egress1,1000.0
349.0,chain1,Ingress1,13,13,SF-A,692,20,SF-B,1600,10,SF-C,1500,6,SF-E,1200,5,Egress1,1000.0
350.0,chain1,Ingress1,12,12,SF-A,623,18,SF-B,1440,9,SF-C,1350,6,SF-E,1200,5,Egress1,1000.0
351.0,chain1,Ingress1,11,11,SF-A,577,17,SF-B,1360,8,SF-C,1200,5,SF-E,1000,4,Egress1,1000.0
352.0,chain1,Ingress1,14,14,SF-A,744,22,SF-B,1760,11,SF-C,1650,7,SF-E,1400,5,Egress1,1000.0
353.0,chain1,Ingress1,15,15,SF-A,755,22,SF-B,1760,11,SF-C,1650,7,SF-E,1400,5,Egress1,1000.0
354.0,chain1,Ingress1,12,12,SF-A,628,18,SF-B,1440,9,SF-C,1350,6,SF-E,1200,5,Egress1,1000.0
355.0,chain1,Ingress1,11,11,SF-A,598,17,SF-B,1360,8,SF-C,1200,5,SF-E,1000,4,Egress1,1000.0
356.0,chain1,Ingress1,13,13,SF-A,655,19,SF-B,1520,9,SF-C,1350,6,SF-E,1200,5,Egress1,1000.0
357.0,chain1,Ingress1,14,14,SF-A,731,21,SF-B,1680,10,SF-C,1500,6,SF-E,1200,5,Egress1,1000.0
358.0,chain1,Ingress1,14,14,SF-A,733,22,SF-B,1760,11,SF-C,1650,7,SF-E,1400,5,Egress1,1000.0
359.0,chain1,Ingress1,11,11,SF-A,563,16,SF-B,1280,8,SF-C,1200,5,SF-E,1000,4,Egress1,1000.0
360.0,chain1,Ingress1,11,11,SF-A,581,17,SF-B,1360,8,SF-C,1200,5,SF-E,1000,4,Egress1,1000.0
361.0,chain1,Ingress1,12,12,SF-A,638,19,SF-B,1520,9,SF-C,1350,6,SF-E,1200,5,Egress1,1000.0
362.0,chain1,Ingress1,16,16,SF-A,837,25,SF-B,2000,12,SF-C,1800,8,SF-E,1600,6,Egress1,1000.0
363.0,chain1,Ingress1,16,16,SF-A,834,25,SF-B,2000,12,SF-C,1800,8,SF-E,1600,6,Egress1,1000.0
364.0,chain1,Ingress1,13,13,SF-A,673,20,SF-B,1600,10,SF-C,1500,6,SF-E,1200,5,Egress1,1000.0
365.0,chain1,Ingress1,13,13,SF-A,657,19,SF-B,1520,9,SF-C,1350,6,SF-E,1200,5,Egress1,1000.0
366.0,chain1,Ingress1,11,11,SF-A,576,17,SF-B,1360,8,SF-C,1200,5,SF-E,1000,4,Egress1,1000.0
367.0,chain1,Ingress1,16,16,SF-A,836,25,SF-B,2000,12,SF-C,1800,8,SF-E,1600,6,Egress1,1000.0
368.0,chain1,Ingress1,15,15,SF-A,752,22,SF-B,1760,11,SF-C,1650,7,SF-E,1400,5,Egress1,1000.0
369.0,chain1,Ingress1,11,11,SF-A,584,17,SF-B,1360,8,SF-C,1200,5,SF-E,1000,4,Egress1,1000.0
370.0,chain1,Ingress1,15,15,SF-A,772,23,SF-B,1840,11,SF-C,1650,7,SF-E,1400,5,Egress1,1000.0
371.0,chain1,Ingress1,14,14,SF-A,706,21,SF-B,1680,10,SF-C,1500,6,SF-E,1200,5,Egress1,1000.0
372.0,chain1,Ingress1,16,16,SF-A,830,24,SF-B,1920,12,SF-C,1800,8,SF-E,1600,6,Egress1,1000.0
373.0,chain1,Ingress1,12,12,SF-A,609,18,SF-B,1440,9,SF-C,1350,6,SF-E,1200,5,Egress1,1000.0
374.0,chain1,Ingress1,16,16,SF-A,823,24,SF-B,1920,12,SF-C,1800,8,SF-E,1600,6,Egress1,1000.0
375.0,chain1,Ingress1,15,15,SF-A,785,23,SF-B,1840,11,SF-C,1650,7,SF-E,1400,5,Egress1,1000.0
376.0,chain1,Ingress1,14,14,SF-A,718,21,SF-B,1680,10,SF-C,1500,6,SF-E,1200,5,Egress1,1000.0
377.0,chain1,Ingress1,15,15,SF-A,758,22,SF-B,1760,11,SF-C,1650,7,SF-E,1400,5,Egress1,1000.0
378.0,chain1,Ingress1,15,15,SF-A,764,22,SF-B,1760,11,SF-C,1650,7,SF-E,1400,5,Egress1,1000.0
379.0,chain1,Ingress1,14,14,SF-A,704,21,SF-B,1680,10,SF-C,1500,6,SF-E,1200,5,Egress1,1000.0
380.0,chain1,Ingress1,15,15,SF-A,780,23,SF-B,1840,11,SF-C,1650,7,SF-E,1400,5,Egress1,1000.0
381.0,chain1,Ingress1,15,15,SF-A,756,22,SF-B,1760,11,SF-C,1650,7,SF-E,1400,5,Egress1,1000.0
382.0,chain1,Ingress1,14,14,SF-A,716,21,SF-B,1680,10,SF-C,1500,6,SF-E,1200,5,Egress1,1000.0
383.0,chain1,Ingress1,14,14,SF-A,726,21,SF-B,1680,10,SF-C,1500,6,SF-E,1200,5,Egress1,1000.0
384.0,chain1,Ingress1,13,13,SF-A,696,20,SF-B,1600,10,SF-C,1500,6,SF-E,1200,5,Egress1,1000.0
385.0,chain1,Ingress1,12,12,SF-A,634,19,SF-B,1520,9,SF-C,1350,6,SF-E,1200,5,Egress1,1000.0
386.0,chain1,Ingress1,13,13,SF-A,687,20,SF-B,1600,10,SF-C,1500,6,SF-E,1200,5,Egress1,1000.0
387.0,chain1,Ingress1,11,11,SF-A,593,17,SF-B,1360,8,SF-C,1200,5,SF-E,1000,4,Egress1,1000.0
388.0,chain1,Ingress1,16,16,SF-A,804,24,SF-B,1920,12,SF-C,1800,8,SF-E,1600,6,Egress1,1000.0
389.0,chain1,Ingress1,14,14,SF-A,705,21,SF-B,1680,10,SF-C,1500,6,SF-E,1200,5,Egress1,1000.0
390.0,chain1,Ingress1,15,15,SF-A,796,23,SF-B,1840,11,SF-C,1650,7,SF-E,1400,5,Egress1,1000.0
391.0,chain1,Ingress1,14,14,SF-A,749,22,SF-B,1760,11,SF-C,1650,7,SF-E,1400,5,Egress1,1000.0
392.0,chain1,Ingress1,16,16,SF-A,814,24,SF-B,1920,12,SF-C,1800,8,SF-E,1600,6,Egress1,1000.0
393.0,chain1,Ingress1,16,16,SF-A,836,25,SF-B,2000,12,SF-C,1800,8,SF-E,1600,6,Egress1,1000.0
394.0,chain1,Ingress1,15,15,SF-A,774,23,SF-B,1840,11,SF-C,1650,7,SF-E,1400,5,Egress1,1000.0
395.0,chain1,Ingress1,15,15,SF-A,799,23,SF-B,1840,11,SF-C,1650,7,SF-E,1400,5,Egress1,1000.0
396.0,chain1,Ingress1,14,14,SF-A,730,21,SF-B,1680,10,SF-C,1500,6,SF-E,1200,5,Egress1,1000.0
397.0,chain1,Ingress1,13,13,SF-A,667,20,SF-B,1600,10,SF-C,1500,6,SF-E,1200,5,Egress1,1000.0
398.0,chain1,Ingress1,16,16,SF-A,802,24,SF-B,1920,12,SF-C,1800,8,SF-E,1600,6,Egress1,1000.0
399.0,chain1,Ingress1,16,16,SF-A,823,24,SF-B,1920,12,SF-C,1800,8,SF-E,1600,6,Egress1,1000.0
400.0,chain1,Ingress1,16,16,SF-A,828,24,SF-B,1920,12,SF-C,1800,8,SF-E,1600,6,Egress1,1000.0
401.0,chain1,Ingress1,16,16,SF-A,818,24,SF-B,1920,12,SF-C,1800,8,SF-E,1600,6,Egress1,1000.0
402.0,chain1,Ingress1,15,15,SF-A,778,23,SF-B,1840,11,SF-C,1650,7,SF-E,1400,5,Egress1,1000.0
403.0,chain1,Ingress1,12,12,SF-A,621,18,SF-B,1440,9,SF-C,1350,6,SF-E,1200,5,Egress1,1000.0
404.0,chain1,Ingress1,13,13,SF-A,682,20,SF-B,1600,10,SF-C,1500,6,SF-E,1200,5,Egress1,1000.0
405.0,chain1,Ingress1,16,16,SF-A,827,24,SF-B,1920,12,SF-C,1800,8,SF-E,1600,6,Egress1,1000.0
406.0,chain1,Ingress1,13,13,SF-A,665,19,SF-B,1520,9,SF-C,1350,6,SF-E,1200,5,Egress1,1000.0
407.0,chain1,Ingress1,15,15,SF-A,784,23,SF-B,1840,11,SF-C,1650,7,SF-E,1400,5,Egress1,1000.0
408.0,chain1,Ingress1,15,15,SF-A,769,23,SF-B,1840,11,SF-C,1650,7,SF-E,1400,5,Egress1,1000.0
409.0,chain1,Ingress1,13,13,SF-A,666,19,SF-B,1520,9,SF-C,1350,6,SF-E,1200,5,Egress1,1000.0
410.0,chain1,Ingress1,15,15,SF-A,768,23,SF-B,1840,11,SF-C,1650,7,SF-E,1400,5,Egress1,1000.0
411.0,chain1,Ingress1,12,12,SF-A,619,18,SF-B,1440,9,SF-C,1350,6,SF-E,1200,5,Egress1,1000.0
412.0,chain1,Ingress1,12,12,SF-A,614,18,SF-B,1440,9,SF-C,1350,6,SF-E,1200,5,Egress1,1000.0
413.0,chain1,Ingress1,14,14,SF-A,723,21,SF-B,1680,10,SF-C,1500,6,SF-E,1200,5,Egress1,1000.0
414.0,chain1,Ingress1,11,11,SF-A,577,17,SF-B,1360,8,SF-C,1200,5,SF-E,1000,4,Egress1,1000.0
415.0,chain1,Ingress1,12,12,SF-A,613,18,SF-B,1440,9,SF-C,1350,6,SF-E,1200,5,Egress1,1000.0
416.0,chain1,Ingress1,15,15,SF-A,752,22,SF-B,1760,11,SF-C,1650,7,SF-E,1400,5,Egress1,1000.0
417.0,chain1,Ingress1,12,12,SF-A,632,18,SF-B,1440,9,SF-C,1350,6,SF-E,1200,5,Egress1,1000.0
418.0,chain1,Ingress1,13,13,SF-A,681,20,SF-B,1600,10,SF-C,1500,6,SF-E,1200,5,Egress1,1000.0
419.0,chain1,Ingress1,16,16,SF-A,819,24,SF-B,1920,12,SF-C,1800,8,SF-E,1600,6,Egress1,1000.0
420.0,chain1,Ingress1,12,12,SF-A,633,19,SF-B,1520,9,SF-C,1350,6,SF-E,1200,5,Egress1,1000.0
421.0,chain1,Ingress1,12,12,SF-A,646,19,SF-B,1520,9,SF-C,1350,6,SF-E,1200,5,Egress1,1000.0
422.0,chain1,Ingress1,15,15,SF-A,766,22,SF-B,1760,11,SF-C,1650,7,SF-E,1400,5,Egress1,1000.0
423.0,chain1,Ingress1,14,14,SF-A,714,21,SF-B,1680,10,SF-C,1500,6,SF-E,1200,5,Egress1,1000.0
424.0,chain1,Ingress1,13,13,SF-A,651,19,SF-B,1520,9,SF-C,1350,6,SF-E,1200,5,Egress1,1000.0
425.0,chain1,Ingress1,15,15,SF-A,761,22,SF-B,1760,11,SF-C,1650,7,SF-E,1400,5,Egress1,1000.0
426.0,chain1,Ingress1,11,11,SF-A,595,17,SF-B,1360,8,SF-C,1200,5,SF-E,1000,4,Egress1,1000.0
427.0,chain1,Ingress1,13,13,SF-A,670,20,SF-B,1600,10,SF-C,1500,6,SF-E,1200,5,Egress1,1000.0
428.0,chain1,Ingress1,12,12,SF-A,614,18,SF-B,1440,9,SF-C,1350,6,SF-E,1200,5,Egress1,1000.0
429.0,chain1,Ingress1,12,12,SF-A,626,18,SF-B,1440,9,SF-C,1350,6,SF-E,1200,5,Egress1,1000.0
430.0,chain1,Ingress1,16,16,SF-A,806,24,SF-B,1920,12,SF-C,1800,8,SF-E,1600,6,Egress1,1000.0
431.0,chain1,Ingress1,14,14,SF-A,707,21,SF-B,1680,10,SF-C,1500,6,SF-E,1200,5,Egress1,1000.0
432.0,chain1,Ingress1,14,14,SF-A,736,22,SF-B,1760,11,SF-C,1650,7,SF-E,1400,5,Egress1,1000.0
433.0,chain1,Ingress1,16,16,SF-A,836,25,SF-B,2000,12,SF-C,1800,8,SF-E,1600,6,Egress1,1000.0
434.0,chain1,Ingress1,13,13,SF-A,685,20,SF-B,1600,10,SF-C,1500,6,SF-E,1200,5,Egress1,1000.0
435.0,chain1,Ingress1,12,12,SF-A,632,18,SF-B,1440,9,SF-C,1350,6,SF-E,1200,5,Egress1,1000.0
436.0,chain1,Ingress1,11,11,SF-A,584,17,SF-B,1360,8,SF-C,1200,5,SF-E,1000,4,Egress1,1000.0
437.0,chain1,Ingress1,11,11,SF-A,587,17,SF-B,1360,8,SF-C,1200,5,SF-E,1000,4,Egress1,1000.0
438.0,chain1,Ingress1,12,12,SF-A,605,18,SF-B,1440,9,SF-C,1350,6,SF-E,1200,5,Egress1,1000.0
439.0,chain1,Ingress1,13,13,SF-A,696,20,SF-B,1600,10,SF-C,1500,6,SF-E,1200,5,Egress1,1000.0
440.0,chain1,Ingress1,11,11,SF-A,588,17,SF-B,1360,8,SF-C,1200,5,SF-E,1000,4,Egress1,1000.0
441.0,chain1,Ingress1,12,12,SF-A,637,19,SF-B,1520,9,SF-C,1350,6,SF-E,1200,5,Egress1,1000.0
442.0,chain1,Ingress1,12,12,SF-A,615,18,SF-B,1440,9,SF-C,1350,6,SF-E,1200,5,Egress1,1000.0
443.0,chain1,Ingress1,14,14,SF-A,716,21,SF-B,1680,10,SF-C,1500,6,SF-E,1200,5,Egress1,1000.0
444.0,chain1,Ingress1,13,13,SF-A,669,20,SF-B,1600,10,SF-C,1500,6,SF-E,1200,5,Egress1,1000.0
445.0,chain1,Ingress1,13,13,SF-A,650,19,SF-B,1520,9,SF-C,1350,6,SF-E,1200,5,Egress1,1000.0
446.0,chain1,Ingress1,12,12,SF-A,619,18,SF-B,1440,9,SF-C,1350,6,SF-E,1200,5,Egress1,1000.0
447.0,chain1,Ingress1,15,15,SF-A,799,23,SF-B,1840,11,SF-C,1650,7,SF-E,1400,5,Egress1,1000.0
448.0,chain1,Ingress1,14,14,SF-A,748,22,SF-B,1760,11,SF-C,1650,7,SF-E,1400,5,Egress1,1000.0
449.0,chain1,Ingress1,15,15,SF-A,751,22,SF-B,1760,11,SF-C,1650,7,SF-E,1400,5,Egress1,1000.0
450.0,chain1,Ingress1,16,16,SF-A,833,25,SF-B,2000,12,SF-C,1800,8,SF-E,1600,6,Egress1,1000.0
451.0,chain1,Ingress1,11,11,SF-A,570,17,SF-B,1360,8,SF-C,1200,5,SF-E,1000,4,Egress1,1000.0
452.0,chain1,Ingress1,15,15,SF-A,795,23,SF-B,1840,11,SF-C,1650,7,SF-E,1400,5,Egress1,1000.0
453.0,chain1,Ingress1,13,13,SF-A,674,20,SF-B,1600,10,SF-C,1500,6,SF-E,1200,5,Egress1,1000.0
454.0,chain1,Ingress1,12,12,SF-A,615,18,SF-B,1440,9,SF-C,1350,6,SF-E,1200,5,Egress1,1000.0
455.0,chain1,Ingress1,12,12,SF-A,602,18,SF-B,1440,9,SF-C,1350,6,SF-E,1200,5,Egress1,1000.0
456.0,chain1,Ingress1,15,15,SF-A,777,23,SF-B,1840,11,SF-C,1650,7,SF-E,1400,5,Egress1,1000.0
457.0,chain1,Ingress1,14,14,SF-A,711,21,SF-B,1680,10,SF-C,1500,6,SF-E,1200,5,Egress1,1000.0
458.0,chain1,Ingress1,15,15,SF-A,773,23,SF-B,1840,11,SF-C,1650,7,SF-E,1400,5,Egress1,1000.0
459.0,chain1,Ingress1,14,14,SF-A,715,21,SF-B,1680,10,SF-C,1500,6,SF-E,1200,5,Egress1,1000.0
460.0,chain1,Ingress1,13,13,SF-A,688,20,SF-B,1600,10,SF-C,1500,6,SF-E,1200,5,Egress1,1000.0
461.0,chain1,Ingress1,15,15,SF-A,768,23,SF-B,1840,11,SF-C,1650,7,SF-E,1400,5,Egress1,1000.0
462.0,chain1,Ingress1,11,11,SF-A,582,17,SF-B,1360,8,SF-C,1200,5,SF-E,1000,4,Egress1,1000.0
463.0,chain1,Ingress1,11,11,SF-A,595,17,SF-B,1360,8,SF-C,1200,5,SF-E,1000,4,Egress1,1000.0
464.0,chain1,Ingress1,14,14,SF-A,730,21,SF-B,1680,10,SF-C,1500,6,SF-E,1200,5,Egress1,1000.0
465.0,chain1,Ingress1,13,13,SF-A,681,20,SF-B,1600,10,SF-C,1500,6,SF-E,1200,5,Egress1,1000.0
466.0,chain1,Ingress1,15,15,SF-A,755,22,SF-B,1760,11,SF-C,1650,7,SF-E,1400,5,Egress1,1000.0
467.0,chain1,Ingress1,16,16,SF-A,802,24,SF-B,1920,12,SF-C,1800,8,SF-E,1600,6,Egress1,1000.0
468.0,chain1,Ingress1,14,14,SF-A,701,21,SF-B,1680,10,SF-C,1500,6,SF-E,1200,5,Egress1,1000.0
469.0,chain1,Ingress1,14,14,SF-A,727,21,SF-B,1680,10,SF-C,1500,6,SF-E,1200,5,Egress1,1000.0
470.0,chain1,Ingress1,13,13,SF-A,660,19,SF-B,1520,9,SF-C,1350,6,SF-E,1200,5,Egress1,1000.0
471.0,chain1,Ingress1,16,16,SF-A,833,24,SF-B,1920,12,SF-C,1800,8,SF-E,1600,6,Egress1,1000.0
472.0,chain1,Ingress1,14,14,SF-A,725,21,SF-B,1680,10,SF-C,1500,6,SF-E,1200,5,Egress1,1000.0
473.0,chain1,Ingress1,11,11,SF-A,572,17,SF-B,1360,8,SF-C,1200,5,SF-E,1000,4,Egress1,1000.0
474.0,chain1,Ingress1,16,16,SF-A,809,24,SF-B,1920,12,SF-C,1800,8,SF-E,1600,6,Egress1,1000.0
475.0,chain1,Ingress1,11,11,SF-A,572,17,SF-B,1360,8,SF-C,1200,5,SF-E,1000,4,Egress1,1000.0
476.0,chain1,Ingress1,11,11,SF-A,582,17,SF-B,1360,8,SF-C,1200,5,SF-E,1000,4,Egress1,1000.0
477.0,chain1,Ingress1,14,14,SF-A,735,22,SF-B,1760,11,SF-C,1650,7,SF-E,1400,5,Egress1,1000.0
478.0,chain1,Ingress1,16,16,SF-A,821,24,SF-B,1920,12,SF-C,1800,8,SF-E,1600,6,Egress1,1000.0
479.0,chain1,Ingress1,14,14,SF-A,744,22,SF-B,1760,11,SF-C,1650,7,SF-E,1400,5,Egress1,1000.0
480.0,chain1,Ingress1,15,15,SF-A,786,23,SF-B,1840,11,SF-C,1650,7,SF-E,1400,5,Egress1,1000.0
481.0,chain1,Ingress1,14,14,SF-A,716,21,SF-B,1680,10,SF-C,1500,6,SF-E,1200,5,Egress1,1000.0
482.0,chain1,Ingress1,11,11,SF-A,562,16,SF-B,1280,8,SF-C,1200,5,SF-E,1000,4,Egress1,1000.0
483.0,chain1,Ingress1,11,11,SF-A,592,17,SF-B,1360,8,SF-C,1200,5,SF-E,1000,4,Egress1,1000.0
484.0,chain1,Ingress1,12,12,SF-A,637,19,SF-B,1520,9,SF-C,1350,6,SF-E,1200,5,Egress1,1000.0
485.0,chain1,Ingress1,15,15,SF-A,777,23,SF-B,1840,11,SF-C,1650,7,SF-E,1400,5,Egress1,1000.0
486.0,chain1,Ingress1,13,13,SF-A,683,20,SF-B,1600,10,SF-C,1500,6,SF-E,1200,5,Egress1,1000.0
487.0,chain1,Ingress1,14,14,SF-A,701,21,SF-B,1680,10,SF-C,1500,6,SF-E,1200,5,Egress1,1000.0
488.0,chain1,Ingress1,11,11,SF-A,589,17,SF-B,1360,8,SF-C,1200,5,SF-E,1000,4,Egress1,1000.0
489.0,chain1,Ingress1,15,15,SF-A,753,22,SF-B,1760,11,SF-C,1650,7,SF-E,1400,5,Egress1,1000.0
490.0,chain1,Ingress1,13,13,SF-A,658,19,SF-B,1520,9,SF-C,1350,6,SF-E,1200,5,Egress1,1000.0
491.0,chain1,Ingress1,15,15,SF-A,794,23,SF-B,1840,11,SF-C,1650,7,SF-E,1400,5,Egress1,1000.0
492.0,chain1,Ingress1,12,12,SF-A,640,19,SF-B,1520,9,SF-C,1350,6,SF-E,1200,5,Egress1,1000.0
493.0,chain1,Ingress1,11,11,SF-A,570,17,SF-B,1360,8,SF-C,1200,5,SF-E,1000,4,Egress1,1000.0
494.0,chain1,Ingress1,14,14,SF-A,734,22,SF-B,1760,11,SF-C,1650,7,SF-E,1400,5,Egress1,1000.0
495.0,chain1,Ingress1,11,11,SF-A,588,17,SF-B,1360,8,SF-C,1200,5,SF-E,1000,4,Egress1,1000.0
496.0,chain1,Ingress1,12,12,SF-A,641,19,SF-B,1520,9,SF-C,1350,6,SF-E,1200,5,Egress1,1000.0
497.0,chain1,Ingress1,16,16,SF-A,808,24,SF-B,1920,12,SF-C,1800,8,SF-E,1600,6,Egress1,1000.0
498.0,chain1,Ingress1,11,11,SF-A,567,17,SF-B,1360,8,SF-C,1200,5,SF-E,1000,4,Egress1,1000.0
499.0,chain1,Ingress1,15,15,SF-A,773,23,SF-B,1840,11,SF-C,1650,7,SF-E,1400,5,Egress1,1000.0
500.0,chain1,Ingress1,13,13,SF-A,668,20,SF-B,1600,10,SF-C,1500,6,SF-E,1200,5,Egress1,1000.0
