[
  {
    "Name": "SF-A",
    "Type": "FireWall",
    "InputRate": 1.0,
    "OutputRate": 1.5,
    "OperationalComplexity": 50
  },
  {
    "Name": "SF-B",
    "Type": "LoadBalancer",
    "InputRate": 2.0,
    "OutputRate": 1.0,
    "OperationalComplexity": 80
  },
  {
    "Name": "SF-C",
    "Type": "ApacheServer",
    "InputRate": 1.5,
    "OutputRate": 1.0,
    "OperationalComplexity": 150
  },
  {
    "Name": "SF-D",
    "Type": "DPI",
    "InputRate": 1.8,
    "OutputRate": 1.0,
    "OperationalComplexity": 100
  },
  {
    "Name": "SF-E",
    "Type": "Filter",
    "InputRate": 1.2,
    "OutputRate": 1.0,
    "OperationalComplexity": 200
  }
]