[{"Name":"chain1","Chain":["SF-A","SF-B","SF-C","SF-E"],"IngressDCs":[{"Name":"Ingress1","Weight":1,"DC":"DC2"}],"EgressDC":{"Name":"Egress1","Weight":1,"DC":"DC1"},"AverageInputSize":14,"CreateTime":0,"DestroyTime":500},{"Name":"chain2","Chain":["SF-A","SF-C","SF-E"],"IngressDCs":[{"Name":"Ingress2","Weight":1,"DC":"DC2"}],"EgressDC":{"Name":"Egress2","Weight":1,"DC":"DC1"},"AverageInputSize":13,"CreateTime":0,"DestroyTime":500},{"Name":"chain3","Chain":["SF-A","SF-B","SF-E"],"IngressDCs":[{"Name":"Ingress3","Weight":1,"DC":"DC2"}],"EgressDC":{"Name":"Egress3","Weight":1,"DC":"DC1"},"AverageInputSize":12,"CreateTime":0,"DestroyTime":500},{"Name":"chain4","Chain":["SF-A","SF-C"],"IngressDCs":[{"Name":"Ingress4","Weight":1,"DC":"DC2"}],"EgressDC":{"Name":"Egress4","Weight":1,"DC":"DC1"},"AverageInputSize":15,"CreateTime":0,"DestroyTime":500},{"Name":"chain5","Chain":["SF-A","SF-D","SF-E"],"IngressDCs":[{"Name":"Ingress5","Weight":1,"DC":"DC2"}],"EgressDC":{"Name":"Egress5","Weight":1,"DC":"DC1"},"AverageInputSize":11,"CreateTime":0,"DestroyTime":500},{"Name":"chain6","Chain":["SF-B","SF-D"],"IngressDCs":[{"Name":"Ingress6","Weight":1,"DC":"DC2"}],"EgressDC":{"Name":"Egress6","Weight":1,"DC":"DC1"},"AverageInputSize":10,"CreateTime":0,"DestroyTime":500},{"Name":"chain7","Chain":["SF-A","SF-B","SF-C","SF-D"],"IngressDCs":[{"Name":"Ingress7","Weight":1,"DC":"DC2"}],"EgressDC":{"Name":"Egress7","Weight":1,"DC":"DC1"},"AverageInputSize":13,"CreateTime":0,"DestroyTime":500},{"Name":"chain8","Chain":["SF-A","SF-C","SF-D","SF-E"],"IngressDCs":[{"Name":"Ingress8","Weight":1,"DC":"DC2"}],"EgressDC":{"Name":"Egress8","Weight":1,"DC":"DC1"},"AverageInputSize":14,"CreateTime":0,"DestroyTime":500},{"Name":"chain9","Chain":["SF-A","SF-C"],"IngressDCs":[{"Name":"Ingress9","Weight":1,"DC":"DC2"}],"EgressDC":{"Name":"Egress9","Weight":1,"DC":"DC1"},"AverageInputSize":10,"CreateTime":0,"DestroyTime":500},{"Name":"chain10","Chain":["SF-A","SF-E"],"IngressDCs":[{"Name":"Ingress10","Weight":1,"DC":"DC2"}],"EgressDC":{"Name":"Egress10","Weight":1,"DC":"DC1"},"AverageInputSize":11,"CreateTime":0,"DestroyTime":500},{"Name":"chain11","Chain":["SF-B","SF-C","SF-D","SF-E"],"IngressDCs":[{"Name":"Ingress11","Weight":1,"DC":"DC2"}],"EgressDC":{"Name":"Egress11","Weight":1,"DC":"DC1"},"AverageInputSize":10,"CreateTime":0,"DestroyTime":500},{"Name":"chain12","Chain":["SF-A","SF-D","SF-E"],"IngressDCs":[{"Name":"Ingress12","Weight":1,"DC":"DC2"}],"EgressDC":{"Name":"Egress12","Weight":1,"DC":"DC1"},"AverageInputSize":10,"CreateTime":0,"DestroyTime":500},{"Name":"chain13","Chain":["SF-B","SF-D"],"IngressDCs":[{"Name":"Ingress13","Weight":1,"DC":"DC2"}],"EgressDC":{"Name":"Egress13","Weight":1,"DC":"DC1"},"AverageInputSize":11,"CreateTime":0,"DestroyTime":500},{"Name":"chain14","Chain":["SF-B","SF-C","SF-D","SF-E"],"IngressDCs":[{"Name":"Ingress14","Weight":1,"DC":"DC2"}],"EgressDC":{"Name":"Egress14","Weight":1,"DC":"DC1"},"AverageInputSize":10,"CreateTime":0,"DestroyTime":500},{"Name":"chain15","Chain":["SF-A","SF-B","SF-D","SF-E"],"IngressDCs":[{"Name":"Ingress15","Weight":1,"DC":"DC2"}],"EgressDC":{"Name":"Egress15","Weight":1,"DC":"DC1"},"AverageInputSize":10,"CreateTime":0,"DestroyTime":500},{"Name":"chain16","Chain":["SF-A","SF-B","SF-D"],"IngressDCs":[{"Name":"Ingress16","Weight":1,"DC":"DC2"}],"EgressDC":{"Name":"Egress16","Weight":1,"DC":"DC1"},"AverageInputSize":11,"CreateTime":0,"DestroyTime":500},{"Name":"chain17","Chain":["SF-A","SF-C","SF-D","SF-E"],"IngressDCs":[{"Name":"Ingress17","Weight":1,"DC":"DC2"}],"EgressDC":{"Name":"Egress17","Weight":1,"DC":"DC1"},"AverageInputSize":12,"CreateTime":0,"DestroyTime":500},{"Name":"chain18","Chain":["SF-A","SF-C"],"IngressDCs":[{"Name":"Ingress18","Weight":1,"DC":"DC2"}],"EgressDC":{"Name":"Egress18","Weight":1,"DC":"DC1"},"AverageInputSize":10,"CreateTime":0,"DestroyTime":500},{"Name":"chain19","Chain":["SF-B","SF-D","SF-E"],"IngressDCs":[{"Name":"Ingress19","Weight":1,"DC":"DC2"}],"EgressDC":{"Name":"Egress19","Weight":1,"DC":"DC1"},"AverageInputSize":11,"CreateTime":0,"DestroyTime":500},{"Name":"chain20","Chain":["SF-A","SF-B","SF-C","SF-E"],"IngressDCs":[{"Name":"Ingress20","Weight":1,"DC":"DC2"}],"EgressDC":{"Name":"Egress20","Weight":1,"DC":"DC1"},"AverageInputSize":13,"CreateTime":0,"DestroyTime":500}]