{
	"links":[
		{
			"name":"Ingress1-Egress1",
			"source":"Ingress1",
			"destination":"Egress1",
			"bandwidth":14
		},
		{
			"name":"Ingress2-Egress2",
			"source":"Ingress2",
			"destination":"Egress2",
			"bandwidth":13
		},
		{
			"name":"Ingress3-Egress3",
			"source":"Ingress3",
			"destination":"Egress3",
			"bandwidth":12
		},
		{
			"name":"Ingress4-Egress4",
			"source":"Ingress4",
			"destination":"Egress4",
			"bandwidth":15
		},
		{
			"name":"Ingress5-Egress5",
			"source":"Ingress5",
			"destination":"Egress5",
			"bandwidth":11
		},
		{
			"name":"Ingress6-Egress6",
			"source":"Ingress6",
			"destination":"Egress6",
			"bandwidth":10
		},
		{
			"name":"Ingress7-Egress7",
			"source":"Ingress7",
			"destination":"Egress7",
			"bandwidth":13
		},
		{
			"name":"Ingress8-Egress8",
			"source":"Ingress8",
			"destination":"Egress8",
			"bandwidth":14
		},
		{
			"name":"Ingress9-Egress9",
			"source":"Ingress9",
			"destination":"Egress9",
			"bandwidth":10
		},
		{
			"name":"Ingress10-Egress10",
			"source":"Ingress10",
			"destination":"Egress10",
			"bandwidth":11
		},
		{
			"name":"Ingress11-Egress11",
			"source":"Ingress11",
			"destination":"Egress11",
			"bandwidth":10
		},
		{
			"name":"Ingress12-Egress12",
			"source":"Ingress12",
			"destination":"Egress12",
			"bandwidth":10
		},
		{
			"name":"Ingress13-Egress13",
			"source":"Ingress13",
			"destination":"Egress13",
			"bandwidth":11
		},
		{
			"name":"Ingress14-Egress14",
			"source":"Ingress14",
			"destination":"Egress14",
			"bandwidth":10
		},
		{
			"name":"Ingress15-Egress15",
			"source":"Ingress15",
			"destination":"Egress15",
			"bandwidth":10
		},
		{
			"name":"Ingress16-Egress16",
			"source":"Ingress16",
			"destination":"Egress16",
			"bandwidth":11
		},
		{
			"name":"Ingress17-Egress17",
			"source":"Ingress17",
			"destination":"Egress17",
			"bandwidth":12
		},
		{
			"name":"Ingress18-Egress18",
			"source":"Ingress18",
			"destination":"Egress18",
			"bandwidth":10
		},
		{
			"name":"Ingress19-Egress19",
			"source":"Ingress19",
			"destination":"Egress19",
			"bandwidth":11
		},
		{
			"name":"Ingress20-Egress20",
			"source":"Ingress20",
			"destination":"Egress20",
			"bandwidth":13
		},
		{
			"name":"Ingress1-chain1_psfc1SF-A",
			"source":"Ingress1",
			"destination":"chain1_psfc1SF-A",
			"bandwidth":14000
		},
		{
			"name":"chain1_psfc1SF-A-chain1_psfc1SF-B",
			"source":"chain1_psfc1SF-A",
			"destination":"chain1_psfc1SF-B",
			"bandwidth":22000
		},
		{
			"name":"chain1_psfc1SF-B-chain1_psfc1SF-C",
			"source":"chain1_psfc1SF-B",
			"destination":"chain1_psfc1SF-C",
			"bandwidth":11000
		},
		{
			"name":"chain1_psfc1SF-C-chain1_psfc1SF-E",
			"source":"chain1_psfc1SF-C",
			"destination":"chain1_psfc1SF-E",
			"bandwidth":8000
		},
		{
			"name":"chain1_psfc1SF-E-Egress1",
			"source":"chain1_psfc1SF-E",
			"destination":"Egress1",
			"bandwidth":6000
		},
		{
			"name":"Ingress11-chain11_psfc1SF-B",
			"source":"Ingress11",
			"destination":"chain11_psfc1SF-B",
			"bandwidth":10000
		},
		{
			"name":"chain11_psfc1SF-B-chain11_psfc1SF-C",
			"source":"chain11_psfc1SF-B",
			"destination":"chain11_psfc1SF-C",
			"bandwidth":6000
		},
		{
			"name":"chain11_psfc1SF-C-chain11_psfc1SF-D",
			"source":"chain11_psfc1SF-C",
			"destination":"chain11_psfc1SF-D",
			"bandwidth":4000
		},
		{
			"name":"chain11_psfc1SF-D-chain11_psfc1SF-E",
			"source":"chain11_psfc1SF-D",
			"destination":"chain11_psfc1SF-E",
			"bandwidth":2000
		},
		{
			"name":"chain11_psfc1SF-E-Egress11",
			"source":"chain11_psfc1SF-E",
			"destination":"Egress11",
			"bandwidth":2000
		},
		{
			"name":"Ingress6-chain6_psfc1SF-B",
			"source":"Ingress6",
			"destination":"chain6_psfc1SF-B",
			"bandwidth":10000
		},
		{
			"name":"chain6_psfc1SF-B-chain6_psfc1SF-D",
			"source":"chain6_psfc1SF-B",
			"destination":"chain6_psfc1SF-D",
			"bandwidth":6000
		},
		{
			"name":"chain6_psfc1SF-D-Egress6",
			"source":"chain6_psfc1SF-D",
			"destination":"Egress6",
			"bandwidth":3000
		},
		{
			"name":"Ingress12-chain12_psfc1SF-A",
			"source":"Ingress12",
			"destination":"chain12_psfc1SF-A",
			"bandwidth":10000
		},
		{
			"name":"chain12_psfc1SF-A-chain12_psfc1SF-D",
			"source":"chain12_psfc1SF-A",
			"destination":"chain12_psfc1SF-D",
			"bandwidth":16000
		},
		{
			"name":"chain12_psfc1SF-D-chain12_psfc1SF-E",
			"source":"chain12_psfc1SF-D",
			"destination":"chain12_psfc1SF-E",
			"bandwidth":9000
		},
		{
			"name":"chain12_psfc1SF-E-Egress12",
			"source":"chain12_psfc1SF-E",
			"destination":"Egress12",
			"bandwidth":7000
		},
		{
			"name":"Ingress2-chain2_psfc1SF-A",
			"source":"Ingress2",
			"destination":"chain2_psfc1SF-A",
			"bandwidth":13000
		},
		{
			"name":"chain2_psfc1SF-A-chain2_psfc1SF-C",
			"source":"chain2_psfc1SF-A",
			"destination":"chain2_psfc1SF-C",
			"bandwidth":20000
		},
		{
			"name":"chain2_psfc1SF-C-chain2_psfc1SF-E",
			"source":"chain2_psfc1SF-C",
			"destination":"chain2_psfc1SF-E",
			"bandwidth":14000
		},
		{
			"name":"chain2_psfc1SF-E-Egress2",
			"source":"chain2_psfc1SF-E",
			"destination":"Egress2",
			"bandwidth":11000
		},
		{
			"name":"Ingress19-chain19_psfc1SF-B",
			"source":"Ingress19",
			"destination":"chain19_psfc1SF-B",
			"bandwidth":11000
		},
		{
			"name":"chain19_psfc1SF-B-chain19_psfc1SF-D",
			"source":"chain19_psfc1SF-B",
			"destination":"chain19_psfc1SF-D",
			"bandwidth":6000
		},
		{
			"name":"chain19_psfc1SF-D-chain19_psfc1SF-E",
			"source":"chain19_psfc1SF-D",
			"destination":"chain19_psfc1SF-E",
			"bandwidth":4000
		},
		{
			"name":"chain19_psfc1SF-E-Egress19",
			"source":"chain19_psfc1SF-E",
			"destination":"Egress19",
			"bandwidth":3000
		},
		{
			"name":"Ingress20-chain20_psfc1SF-A",
			"source":"Ingress20",
			"destination":"chain20_psfc1SF-A",
			"bandwidth":13000
		},
		{
			"name":"chain20_psfc1SF-A-chain20_psfc1SF-B",
			"source":"chain20_psfc1SF-A",
			"destination":"chain20_psfc1SF-B",
			"bandwidth":20000
		},
		{
			"name":"chain20_psfc1SF-B-chain20_psfc1SF-C",
			"source":"chain20_psfc1SF-B",
			"destination":"chain20_psfc1SF-C",
			"bandwidth":10000
		},
		{
			"name":"chain20_psfc1SF-C-chain20_psfc1SF-E",
			"source":"chain20_psfc1SF-C",
			"destination":"chain20_psfc1SF-E",
			"bandwidth":7000
		},
		{
			"name":"chain20_psfc1SF-E-Egress20",
			"source":"chain20_psfc1SF-E",
			"destination":"Egress20",
			"bandwidth":6000
		},
		{
			"name":"Ingress10-chain10_psfc1SF-A",
			"source":"Ingress10",
			"destination":"chain10_psfc1SF-A",
			"bandwidth":11000
		},
		{
			"name":"chain10_psfc1SF-A-chain10_psfc1SF-E",
			"source":"chain10_psfc1SF-A",
			"destination":"chain10_psfc1SF-E",
			"bandwidth":17000
		},
		{
			"name":"chain10_psfc1SF-E-Egress10",
			"source":"chain10_psfc1SF-E",
			"destination":"Egress10",
			"bandwidth":14000
		},
		{
			"name":"Ingress9-chain9_psfc1SF-A",
			"source":"Ingress9",
			"destination":"chain9_psfc1SF-A",
			"bandwidth":10000
		},
		{
			"name":"chain9_psfc1SF-A-chain9_psfc1SF-C",
			"source":"chain9_psfc1SF-A",
			"destination":"chain9_psfc1SF-C",
			"bandwidth":16000
		},
		{
			"name":"chain9_psfc1SF-C-Egress9",
			"source":"chain9_psfc1SF-C",
			"destination":"Egress9",
			"bandwidth":11000
		},
		{
			"name":"Ingress3-chain3_psfc1SF-A",
			"source":"Ingress3",
			"destination":"chain3_psfc1SF-A",
			"bandwidth":12000
		},
		{
			"name":"chain3_psfc1SF-A-chain3_psfc1SF-B",
			"source":"chain3_psfc1SF-A",
			"destination":"chain3_psfc1SF-B",
			"bandwidth":19000
		},
		{
			"name":"chain3_psfc1SF-B-chain3_psfc1SF-E",
			"source":"chain3_psfc1SF-B",
			"destination":"chain3_psfc1SF-E",
			"bandwidth":10000
		},
		{
			"name":"chain3_psfc1SF-E-Egress3",
			"source":"chain3_psfc1SF-E",
			"destination":"Egress3",
			"bandwidth":8000
		},
		{
			"name":"Ingress13-chain13_psfc1SF-B",
			"source":"Ingress13",
			"destination":"chain13_psfc1SF-B",
			"bandwidth":11000
		},
		{
			"name":"chain13_psfc1SF-B-chain13_psfc1SF-D",
			"source":"chain13_psfc1SF-B",
			"destination":"chain13_psfc1SF-D",
			"bandwidth":6000
		},
		{
			"name":"chain13_psfc1SF-D-Egress13",
			"source":"chain13_psfc1SF-D",
			"destination":"Egress13",
			"bandwidth":4000
		},
		{
			"name":"Ingress17-chain17_psfc1SF-A",
			"source":"Ingress17",
			"destination":"chain17_psfc1SF-A",
			"bandwidth":12000
		},
		{
			"name":"chain17_psfc1SF-A-chain17_psfc1SF-C",
			"source":"chain17_psfc1SF-A",
			"destination":"chain17_psfc1SF-C",
			"bandwidth":19000
		},
		{
			"name":"chain17_psfc1SF-C-chain17_psfc1SF-D",
			"source":"chain17_psfc1SF-C",
			"destination":"chain17_psfc1SF-D",
			"bandwidth":13000
		},
		{
			"name":"chain17_psfc1SF-D-chain17_psfc1SF-E",
			"source":"chain17_psfc1SF-D",
			"destination":"chain17_psfc1SF-E",
			"bandwidth":7000
		},
		{
			"name":"chain17_psfc1SF-E-Egress17",
			"source":"chain17_psfc1SF-E",
			"destination":"Egress17",
			"bandwidth":6000
		},
		{
			"name":"Ingress4-chain4_psfc1SF-A",
			"source":"Ingress4",
			"destination":"chain4_psfc1SF-A",
			"bandwidth":15000
		},
		{
			"name":"chain4_psfc1SF-A-chain4_psfc1SF-C",
			"source":"chain4_psfc1SF-A",
			"destination":"chain4_psfc1SF-C",
			"bandwidth":23000
		},
		{
			"name":"chain4_psfc1SF-C-Egress4",
			"source":"chain4_psfc1SF-C",
			"destination":"Egress4",
			"bandwidth":16000
		},
		{
			"name":"Ingress7-chain7_psfc1SF-A",
			"source":"Ingress7",
			"destination":"chain7_psfc1SF-A",
			"bandwidth":13000
		},
		{
			"name":"chain7_psfc1SF-A-chain7_psfc1SF-B",
			"source":"chain7_psfc1SF-A",
			"destination":"chain7_psfc1SF-B",
			"bandwidth":20000
		},
		{
			"name":"chain7_psfc1SF-B-chain7_psfc1SF-C",
			"source":"chain7_psfc1SF-B",
			"destination":"chain7_psfc1SF-C",
			"bandwidth":10000
		},
		{
			"name":"chain7_psfc1SF-C-chain7_psfc1SF-D",
			"source":"chain7_psfc1SF-C",
			"destination":"chain7_psfc1SF-D",
			"bandwidth":7000
		},
		{
			"name":"chain7_psfc1SF-D-Egress7",
			"source":"chain7_psfc1SF-D",
			"destination":"Egress7",
			"bandwidth":4000
		},
		{
			"name":"Ingress16-chain16_psfc1SF-A",
			"source":"Ingress16",
			"destination":"chain16_psfc1SF-A",
			"bandwidth":11000
		},
		{
			"name":"chain16_psfc1SF-A-chain16_psfc1SF-B",
			"source":"chain16_psfc1SF-A",
			"destination":"chain16_psfc1SF-B",
			"bandwidth":17000
		},
		{
			"name":"chain16_psfc1SF-B-chain16_psfc1SF-D",
			"source":"chain16_psfc1SF-B",
			"destination":"chain16_psfc1SF-D",
			"bandwidth":9000
		},
		{
			"name":"chain16_psfc1SF-D-Egress16",
			"source":"chain16_psfc1SF-D",
			"destination":"Egress16",
			"bandwidth":5000
		},
		{
			"name":"Ingress5-chain5_psfc1SF-A",
			"source":"Ingress5",
			"destination":"chain5_psfc1SF-A",
			"bandwidth":11000
		},
		{
			"name":"chain5_psfc1SF-A-chain5_psfc1SF-D",
			"source":"chain5_psfc1SF-A",
			"destination":"chain5_psfc1SF-D",
			"bandwidth":17000
		},
		{
			"name":"chain5_psfc1SF-D-chain5_psfc1SF-E",
			"source":"chain5_psfc1SF-D",
			"destination":"chain5_psfc1SF-E",
			"bandwidth":10000
		},
		{
			"name":"chain5_psfc1SF-E-Egress5",
			"source":"chain5_psfc1SF-E",
			"destination":"Egress5",
			"bandwidth":8000
		},
		{
			"name":"Ingress18-chain18_psfc1SF-A",
			"source":"Ingress18",
			"destination":"chain18_psfc1SF-A",
			"bandwidth":10000
		},
		{
			"name":"chain18_psfc1SF-A-chain18_psfc1SF-C",
			"source":"chain18_psfc1SF-A",
			"destination":"chain18_psfc1SF-C",
			"bandwidth":16000
		},
		{
			"name":"chain18_psfc1SF-C-Egress18",
			"source":"chain18_psfc1SF-C",
			"destination":"Egress18",
			"bandwidth":11000
		},
		{
			"name":"Ingress15-chain15_psfc1SF-A",
			"source":"Ingress15",
			"destination":"chain15_psfc1SF-A",
			"bandwidth":10000
		},
		{
			"name":"chain15_psfc1SF-A-chain15_psfc1SF-B",
			"source":"chain15_psfc1SF-A",
			"destination":"chain15_psfc1SF-B",
			"bandwidth":16000
		},
		{
			"name":"chain15_psfc1SF-B-chain15_psfc1SF-D",
			"source":"chain15_psfc1SF-B",
			"destination":"chain15_psfc1SF-D",
			"bandwidth":8000
		},
		{
			"name":"chain15_psfc1SF-D-chain15_psfc1SF-E",
			"source":"chain15_psfc1SF-D",
			"destination":"chain15_psfc1SF-E",
			"bandwidth":5000
		},
		{
			"name":"chain15_psfc1SF-E-Egress15",
			"source":"chain15_psfc1SF-E",
			"destination":"Egress15",
			"bandwidth":4000
		},
		{
			"name":"Ingress14-chain14_psfc1SF-B",
			"source":"Ingress14",
			"destination":"chain14_psfc1SF-B",
			"bandwidth":10000
		},
		{
			"name":"chain14_psfc1SF-B-chain14_psfc1SF-C",
			"source":"chain14_psfc1SF-B",
			"destination":"chain14_psfc1SF-C",
			"bandwidth":6000
		},
		{
			"name":"chain14_psfc1SF-C-chain14_psfc1SF-D",
			"source":"chain14_psfc1SF-C",
			"destination":"chain14_psfc1SF-D",
			"bandwidth":4000
		},
		{
			"name":"chain14_psfc1SF-D-chain14_psfc1SF-E",
			"source":"chain14_psfc1SF-D",
			"destination":"chain14_psfc1SF-E",
			"bandwidth":2000
		},
		{
			"name":"chain14_psfc1SF-E-Egress14",
			"source":"chain14_psfc1SF-E",
			"destination":"Egress14",
			"bandwidth":2000
		},
		{
			"name":"Ingress8-chain8_psfc1SF-A",
			"source":"Ingress8",
			"destination":"chain8_psfc1SF-A",
			"bandwidth":14000
		},
		{
			"name":"chain8_psfc1SF-A-chain8_psfc1SF-C",
			"source":"chain8_psfc1SF-A",
			"destination":"chain8_psfc1SF-C",
			"bandwidth":22000
		},
		{
			"name":"chain8_psfc1SF-C-chain8_psfc1SF-D",
			"source":"chain8_psfc1SF-C",
			"destination":"chain8_psfc1SF-D",
			"bandwidth":15000
		},
		{
			"name":"chain8_psfc1SF-D-chain8_psfc1SF-E",
			"source":"chain8_psfc1SF-D",
			"destination":"chain8_psfc1SF-E",
			"bandwidth":8000
		},
		{
			"name":"chain8_psfc1SF-E-Egress8",
			"source":"chain8_psfc1SF-E",
			"destination":"Egress8",
			"bandwidth":7000
		}
	],
	"nodes":[
		{
			"datacenter":"DC2",
			"name":"Ingress1",
			"type":"Ingress",
			"size":0,
			"pes":0,
			"mips":0,
			"queuesize":0
		},
		{
			"datacenter":"DC1",
			"name":"Egress1",
			"type":"Egress",
			"size":0,
			"pes":0,
			"mips":0,
			"queuesize":0
		},
		{
			"datacenter":"DC2",
			"name":"Ingress2",
			"type":"Ingress",
			"size":0,
			"pes":0,
			"mips":0,
			"queuesize":0
		},
		{
			"datacenter":"DC1",
			"name":"Egress2",
			"type":"Egress",
			"size":0,
			"pes":0,
			"mips":0,
			"queuesize":0
		},
		{
			"datacenter":"DC2",
			"name":"Ingress3",
			"type":"Ingress",
			"size":0,
			"pes":0,
			"mips":0,
			"queuesize":0
		},
		{
			"datacenter":"DC1",
			"name":"Egress3",
			"type":"Egress",
			"size":0,
			"pes":0,
			"mips":0,
			"queuesize":0
		},
		{
			"datacenter":"DC2",
			"name":"Ingress4",
			"type":"Ingress",
			"size":0,
			"pes":0,
			"mips":0,
			"queuesize":0
		},
		{
			"datacenter":"DC1",
			"name":"Egress4",
			"type":"Egress",
			"size":0,
			"pes":0,
			"mips":0,
			"queuesize":0
		},
		{
			"datacenter":"DC2",
			"name":"Ingress5",
			"type":"Ingress",
			"size":0,
			"pes":0,
			"mips":0,
			"queuesize":0
		},
		{
			"datacenter":"DC1",
			"name":"Egress5",
			"type":"Egress",
			"size":0,
			"pes":0,
			"mips":0,
			"queuesize":0
		},
		{
			"datacenter":"DC2",
			"name":"Ingress6",
			"type":"Ingress",
			"size":0,
			"pes":0,
			"mips":0,
			"queuesize":0
		},
		{
			"datacenter":"DC1",
			"name":"Egress6",
			"type":"Egress",
			"size":0,
			"pes":0,
			"mips":0,
			"queuesize":0
		},
		{
			"datacenter":"DC2",
			"name":"Ingress7",
			"type":"Ingress",
			"size":0,
			"pes":0,
			"mips":0,
			"queuesize":0
		},
		{
			"datacenter":"DC1",
			"name":"Egress7",
			"type":"Egress",
			"size":0,
			"pes":0,
			"mips":0,
			"queuesize":0
		},
		{
			"datacenter":"DC2",
			"name":"Ingress8",
			"type":"Ingress",
			"size":0,
			"pes":0,
			"mips":0,
			"queuesize":0
		},
		{
			"datacenter":"DC1",
			"name":"Egress8",
			"type":"Egress",
			"size":0,
			"pes":0,
			"mips":0,
			"queuesize":0
		},
		{
			"datacenter":"DC2",
			"name":"Ingress9",
			"type":"Ingress",
			"size":0,
			"pes":0,
			"mips":0,
			"queuesize":0
		},
		{
			"datacenter":"DC1",
			"name":"Egress9",
			"type":"Egress",
			"size":0,
			"pes":0,
			"mips":0,
			"queuesize":0
		},
		{
			"datacenter":"DC2",
			"name":"Ingress10",
			"type":"Ingress",
			"size":0,
			"pes":0,
			"mips":0,
			"queuesize":0
		},
		{
			"datacenter":"DC1",
			"name":"Egress10",
			"type":"Egress",
			"size":0,
			"pes":0,
			"mips":0,
			"queuesize":0
		},
		{
			"datacenter":"DC2",
			"name":"Ingress11",
			"type":"Ingress",
			"size":0,
			"pes":0,
			"mips":0,
			"queuesize":0
		},
		{
			"datacenter":"DC1",
			"name":"Egress11",
			"type":"Egress",
			"size":0,
			"pes":0,
			"mips":0,
			"queuesize":0
		},
		{
			"datacenter":"DC2",
			"name":"Ingress12",
			"type":"Ingress",
			"size":0,
			"pes":0,
			"mips":0,
			"queuesize":0
		},
		{
			"datacenter":"DC1",
			"name":"Egress12",
			"type":"Egress",
			"size":0,
			"pes":0,
			"mips":0,
			"queuesize":0
		},
		{
			"datacenter":"DC2",
			"name":"Ingress13",
			"type":"Ingress",
			"size":0,
			"pes":0,
			"mips":0,
			"queuesize":0
		},
		{
			"datacenter":"DC1",
			"name":"Egress13",
			"type":"Egress",
			"size":0,
			"pes":0,
			"mips":0,
			"queuesize":0
		},
		{
			"datacenter":"DC2",
			"name":"Ingress14",
			"type":"Ingress",
			"size":0,
			"pes":0,
			"mips":0,
			"queuesize":0
		},
		{
			"datacenter":"DC1",
			"name":"Egress14",
			"type":"Egress",
			"size":0,
			"pes":0,
			"mips":0,
			"queuesize":0
		},
		{
			"datacenter":"DC2",
			"name":"Ingress15",
			"type":"Ingress",
			"size":0,
			"pes":0,
			"mips":0,
			"queuesize":0
		},
		{
			"datacenter":"DC1",
			"name":"Egress15",
			"type":"Egress",
			"size":0,
			"pes":0,
			"mips":0,
			"queuesize":0
		},
		{
			"datacenter":"DC2",
			"name":"Ingress16",
			"type":"Ingress",
			"size":0,
			"pes":0,
			"mips":0,
			"queuesize":0
		},
		{
			"datacenter":"DC1",
			"name":"Egress16",
			"type":"Egress",
			"size":0,
			"pes":0,
			"mips":0,
			"queuesize":0
		},
		{
			"datacenter":"DC2",
			"name":"Ingress17",
			"type":"Ingress",
			"size":0,
			"pes":0,
			"mips":0,
			"queuesize":0
		},
		{
			"datacenter":"DC1",
			"name":"Egress17",
			"type":"Egress",
			"size":0,
			"pes":0,
			"mips":0,
			"queuesize":0
		},
		{
			"datacenter":"DC2",
			"name":"Ingress18",
			"type":"Ingress",
			"size":0,
			"pes":0,
			"mips":0,
			"queuesize":0
		},
		{
			"datacenter":"DC1",
			"name":"Egress18",
			"type":"Egress",
			"size":0,
			"pes":0,
			"mips":0,
			"queuesize":0
		},
		{
			"datacenter":"DC2",
			"name":"Ingress19",
			"type":"Ingress",
			"size":0,
			"pes":0,
			"mips":0,
			"queuesize":0
		},
		{
			"datacenter":"DC1",
			"name":"Egress19",
			"type":"Egress",
			"size":0,
			"pes":0,
			"mips":0,
			"queuesize":0
		},
		{
			"datacenter":"DC2",
			"name":"Ingress20",
			"type":"Ingress",
			"size":0,
			"pes":0,
			"mips":0,
			"queuesize":0
		},
		{
			"datacenter":"DC1",
			"name":"Egress20",
			"type":"Egress",
			"size":0,
			"pes":0,
			"mips":0,
			"queuesize":0
		},
		{
			"datacenter":"DC2",
			"name":"chain1_psfc1SF-A",
			"type":"SF-A",
			"size":1000,
			"pes":1,
			"mips":700,
			"queuesize":128
		},
		{
			"datacenter":"DC2",
			"name":"chain1_psfc1SF-B",
			"type":"SF-B",
			"size":1000,
			"pes":2,
			"mips":840,
			"queuesize":128
		},
		{
			"datacenter":"DC1",
			"name":"chain1_psfc1SF-C",
			"type":"SF-C",
			"size":1000,
			"pes":2,
			"mips":787,
			"queuesize":128
		},
		{
			"datacenter":"DC1",
			"name":"chain1_psfc1SF-E",
			"type":"SF-E",
			"size":1000,
			"pes":2,
			"mips":700,
			"queuesize":128
		},
		{
			"datacenter":"DC2",
			"name":"chain2_psfc1SF-A",
			"type":"SF-A",
			"size":1000,
			"pes":1,
			"mips":650,
			"queuesize":128
		},
		{
			"datacenter":"DC2",
			"name":"chain2_psfc1SF-C",
			"type":"SF-C",
			"size":1000,
			"pes":3,
			"mips":975,
			"queuesize":128
		},
		{
			"datacenter":"DC1",
			"name":"chain2_psfc1SF-E",
			"type":"SF-E",
			"size":1000,
			"pes":3,
			"mips":866,
			"queuesize":128
		},
		{
			"datacenter":"DC2",
			"name":"chain3_psfc1SF-A",
			"type":"SF-A",
			"size":1000,
			"pes":1,
			"mips":600,
			"queuesize":128
		},
		{
			"datacenter":"DC2",
			"name":"chain3_psfc1SF-B",
			"type":"SF-B",
			"size":1000,
			"pes":2,
			"mips":720,
			"queuesize":128
		},
		{
			"datacenter":"DC1",
			"name":"chain3_psfc1SF-E",
			"type":"SF-E",
			"size":1000,
			"pes":2,
			"mips":900,
			"queuesize":128
		},
		{
			"datacenter":"DC2",
			"name":"chain4_psfc1SF-A",
			"type":"SF-A",
			"size":1000,
			"pes":1,
			"mips":750,
			"queuesize":128
		},
		{
			"datacenter":"DC2",
			"name":"chain4_psfc1SF-C",
			"type":"SF-C",
			"size":1000,
			"pes":4,
			"mips":843,
			"queuesize":128
		},
		{
			"datacenter":"DC2",
			"name":"chain5_psfc1SF-A",
			"type":"SF-A",
			"size":1000,
			"pes":1,
			"mips":550,
			"queuesize":128
		},
		{
			"datacenter":"DC2",
			"name":"chain5_psfc1SF-D",
			"type":"SF-D",
			"size":1000,
			"pes":2,
			"mips":825,
			"queuesize":128
		},
		{
			"datacenter":"DC1",
			"name":"chain5_psfc1SF-E",
			"type":"SF-E",
			"size":1000,
			"pes":2,
			"mips":916,
			"queuesize":128
		},
		{
			"datacenter":"DC2",
			"name":"chain6_psfc1SF-B",
			"type":"SF-B",
			"size":1000,
			"pes":1,
			"mips":800,
			"queuesize":128
		},
		{
			"datacenter":"DC1",
			"name":"chain6_psfc1SF-D",
			"type":"SF-D",
			"size":1000,
			"pes":1,
			"mips":500,
			"queuesize":128
		},
		{
			"datacenter":"DC2",
			"name":"chain7_psfc1SF-A",
			"type":"SF-A",
			"size":1000,
			"pes":1,
			"mips":650,
			"queuesize":128
		},
		{
			"datacenter":"DC2",
			"name":"chain7_psfc1SF-B",
			"type":"SF-B",
			"size":1000,
			"pes":2,
			"mips":780,
			"queuesize":128
		},
		{
			"datacenter":"DC1",
			"name":"chain7_psfc1SF-C",
			"type":"SF-C",
			"size":1000,
			"pes":2,
			"mips":731,
			"queuesize":128
		},
		{
			"datacenter":"DC1",
			"name":"chain7_psfc1SF-D",
			"type":"SF-D",
			"size":1000,
			"pes":1,
			"mips":650,
			"queuesize":128
		},
		{
			"datacenter":"DC2",
			"name":"chain8_psfc1SF-A",
			"type":"SF-A",
			"size":1000,
			"pes":1,
			"mips":700,
			"queuesize":128
		},
		{
			"datacenter":"DC2",
			"name":"chain8_psfc1SF-C",
			"type":"SF-C",
			"size":1000,
			"pes":4,
			"mips":787,
			"queuesize":128
		},
		{
			"datacenter":"DC1",
			"name":"chain8_psfc1SF-D",
			"type":"SF-D",
			"size":1000,
			"pes":2,
			"mips":700,
			"queuesize":128
		},
		{
			"datacenter":"DC1",
			"name":"chain8_psfc1SF-E",
			"type":"SF-E",
			"size":1000,
			"pes":2,
			"mips":777,
			"queuesize":128
		},
		{
			"datacenter":"DC2",
			"name":"chain9_psfc1SF-A",
			"type":"SF-A",
			"size":1000,
			"pes":1,
			"mips":500,
			"queuesize":128
		},
		{
			"datacenter":"DC2",
			"name":"chain9_psfc1SF-C",
			"type":"SF-C",
			"size":1000,
			"pes":3,
			"mips":750,
			"queuesize":128
		},
		{
			"datacenter":"DC2",
			"name":"chain10_psfc1SF-A",
			"type":"SF-A",
			"size":1000,
			"pes":1,
			"mips":550,
			"queuesize":128
		},
		{
			"datacenter":"DC2",
			"name":"chain10_psfc1SF-E",
			"type":"SF-E",
			"size":1000,
			"pes":4,
			"mips":825,
			"queuesize":128
		},
		{
			"datacenter":"DC2",
			"name":"chain11_psfc1SF-B",
			"type":"SF-B",
			"size":1000,
			"pes":1,
			"mips":800,
			"queuesize":128
		},
		{
			"datacenter":"DC1",
			"name":"chain11_psfc1SF-C",
			"type":"SF-C",
			"size":1000,
			"pes":1,
			"mips":750,
			"queuesize":128
		},
		{
			"datacenter":"DC1",
			"name":"chain11_psfc1SF-D",
			"type":"SF-D",
			"size":1000,
			"pes":1,
			"mips":333,
			"queuesize":128
		},
		{
			"datacenter":"DC1",
			"name":"chain11_psfc1SF-E",
			"type":"SF-E",
			"size":1000,
			"pes":1,
			"mips":370,
			"queuesize":128
		},
		{
			"datacenter":"DC2",
			"name":"chain12_psfc1SF-A",
			"type":"SF-A",
			"size":1000,
			"pes":1,
			"mips":500,
			"queuesize":128
		},
		{
			"datacenter":"DC2",
			"name":"chain12_psfc1SF-D",
			"type":"SF-D",
			"size":1000,
			"pes":2,
			"mips":750,
			"queuesize":128
		},
		{
			"datacenter":"DC1",
			"name":"chain12_psfc1SF-E",
			"type":"SF-E",
			"size":1000,
			"pes":2,
			"mips":833,
			"queuesize":128
		},
		{
			"datacenter":"DC2",
			"name":"chain13_psfc1SF-B",
			"type":"SF-B",
			"size":1000,
			"pes":1,
			"mips":880,
			"queuesize":128
		},
		{
			"datacenter":"DC1",
			"name":"chain13_psfc1SF-D",
			"type":"SF-D",
			"size":1000,
			"pes":1,
			"mips":550,
			"queuesize":128
		},
		{
			"datacenter":"DC2",
			"name":"chain14_psfc1SF-B",
			"type":"SF-B",
			"size":1000,
			"pes":1,
			"mips":800,
			"queuesize":128
		},
		{
			"datacenter":"DC1",
			"name":"chain14_psfc1SF-C",
			"type":"SF-C",
			"size":1000,
			"pes":1,
			"mips":750,
			"queuesize":128
		},
		{
			"datacenter":"DC1",
			"name":"chain14_psfc1SF-D",
			"type":"SF-D",
			"size":1000,
			"pes":1,
			"mips":333,
			"queuesize":128
		},
		{
			"datacenter":"DC1",
			"name":"chain14_psfc1SF-E",
			"type":"SF-E",
			"size":1000,
			"pes":1,
			"mips":370,
			"queuesize":128
		},
		{
			"datacenter":"DC2",
			"name":"chain15_psfc1SF-A",
			"type":"SF-A",
			"size":1000,
			"pes":1,
			"mips":500,
			"queuesize":128
		},
		{
			"datacenter":"DC2",
			"name":"chain15_psfc1SF-B",
			"type":"SF-B",
			"size":1000,
			"pes":2,
			"mips":600,
			"queuesize":128
		},
		{
			"datacenter":"DC1",
			"name":"chain15_psfc1SF-D",
			"type":"SF-D",
			"size":1000,
			"pes":1,
			"mips":750,
			"queuesize":128
		},
		{
			"datacenter":"DC1",
			"name":"chain15_psfc1SF-E",
			"type":"SF-E",
			"size":1000,
			"pes":1,
			"mips":833,
			"queuesize":128
		},
		{
			"datacenter":"DC2",
			"name":"chain16_psfc1SF-A",
			"type":"SF-A",
			"size":1000,
			"pes":1,
			"mips":550,
			"queuesize":128
		},
		{
			"datacenter":"DC2",
			"name":"chain16_psfc1SF-B",
			"type":"SF-B",
			"size":1000,
			"pes":2,
			"mips":660,
			"queuesize":128
		},
		{
			"datacenter":"DC1",
			"name":"chain16_psfc1SF-D",
			"type":"SF-D",
			"size":1000,
			"pes":1,
			"mips":825,
			"queuesize":128
		},
		{
			"datacenter":"DC2",
			"name":"chain17_psfc1SF-A",
			"type":"SF-A",
			"size":1000,
			"pes":1,
			"mips":600,
			"queuesize":128
		},
		{
			"datacenter":"DC2",
			"name":"chain17_psfc1SF-C",
			"type":"SF-C",
			"size":1000,
			"pes":3,
			"mips":900,
			"queuesize":128
		},
		{
			"datacenter":"DC1",
			"name":"chain17_psfc1SF-D",
			"type":"SF-D",
			"size":1000,
			"pes":2,
			"mips":600,
			"queuesize":128
		},
		{
			"datacenter":"DC1",
			"name":"chain17_psfc1SF-E",
			"type":"SF-E",
			"size":1000,
			"pes":2,
			"mips":666,
			"queuesize":128
		},
		{
			"datacenter":"DC2",
			"name":"chain18_psfc1SF-A",
			"type":"SF-A",
			"size":1000,
			"pes":1,
			"mips":500,
			"queuesize":128
		},
		{
			"datacenter":"DC2",
			"name":"chain18_psfc1SF-C",
			"type":"SF-C",
			"size":1000,
			"pes":3,
			"mips":750,
			"queuesize":128
		},
		{
			"datacenter":"DC2",
			"name":"chain19_psfc1SF-B",
			"type":"SF-B",
			"size":1000,
			"pes":1,
			"mips":880,
			"queuesize":128
		},
		{
			"datacenter":"DC1",
			"name":"chain19_psfc1SF-D",
			"type":"SF-D",
			"size":1000,
			"pes":1,
			"mips":550,
			"queuesize":128
		},
		{
			"datacenter":"DC1",
			"name":"chain19_psfc1SF-E",
			"type":"SF-E",
			"size":1000,
			"pes":1,
			"mips":611,
			"queuesize":128
		},
		{
			"datacenter":"DC2",
			"name":"chain20_psfc1SF-A",
			"type":"SF-A",
			"size":1000,
			"pes":1,
			"mips":650,
			"queuesize":128
		},
		{
			"datacenter":"DC2",
			"name":"chain20_psfc1SF-B",
			"type":"SF-B",
			"size":1000,
			"pes":2,
			"mips":780,
			"queuesize":128
		},
		{
			"datacenter":"DC1",
			"name":"chain20_psfc1SF-C",
			"type":"SF-C",
			"size":1000,
			"pes":2,
			"mips":731,
			"queuesize":128
		},
		{
			"datacenter":"DC1",
			"name":"chain20_psfc1SF-E",
			"type":"SF-E",
			"size":1000,
			"pes":2,
			"mips":650,
			"queuesize":128
		}
	],
	"policies":[
		{
			"name":"chain1_psfc1",
			"flowname":"Ingress1-Egress1",
			"source":"Ingress1",
			"destination":"Egress1",
			"sfc_Demand":"chain1",
			"starttime":0,
			"expectedduration":500,
			"sfc":[
				"chain1_psfc1SF-A",
				"chain1_psfc1SF-B",
				"chain1_psfc1SF-C",
				"chain1_psfc1SF-E"
			]
		},
		{
			"name":"chain2_psfc1",
			"flowname":"Ingress2-Egress2",
			"source":"Ingress2",
			"destination":"Egress2",
			"sfc_Demand":"chain2",
			"starttime":0,
			"expectedduration":500,
			"sfc":[
				"chain2_psfc1SF-A",
				"chain2_psfc1SF-C",
				"chain2_psfc1SF-E"
			]
		},
		{
			"name":"chain3_psfc1",
			"flowname":"Ingress3-Egress3",
			"source":"Ingress3",
			"destination":"Egress3",
			"sfc_Demand":"chain3",
			"starttime":0,
			"expectedduration":500,
			"sfc":[
				"chain3_psfc1SF-A",
				"chain3_psfc1SF-B",
				"chain3_psfc1SF-E"
			]
		},
		{
			"name":"chain4_psfc1",
			"flowname":"Ingress4-Egress4",
			"source":"Ingress4",
			"destination":"Egress4",
			"sfc_Demand":"chain4",
			"starttime":0,
			"expectedduration":500,
			"sfc":[
				"chain4_psfc1SF-A",
				"chain4_psfc1SF-C"
			]
		},
		{
			"name":"chain5_psfc1",
			"flowname":"Ingress5-Egress5",
			"source":"Ingress5",
			"destination":"Egress5",
			"sfc_Demand":"chain5",
			"starttime":0,
			"expectedduration":500,
			"sfc":[
				"chain5_psfc1SF-A",
				"chain5_psfc1SF-D",
				"chain5_psfc1SF-E"
			]
		},
		{
			"name":"chain6_psfc1",
			"flowname":"Ingress6-Egress6",
			"source":"Ingress6",
			"destination":"Egress6",
			"sfc_Demand":"chain6",
			"starttime":0,
			"expectedduration":500,
			"sfc":[
				"chain6_psfc1SF-B",
				"chain6_psfc1SF-D"
			]
		},
		{
			"name":"chain7_psfc1",
			"flowname":"Ingress7-Egress7",
			"source":"Ingress7",
			"destination":"Egress7",
			"sfc_Demand":"chain7",
			"starttime":0,
			"expectedduration":500,
			"sfc":[
				"chain7_psfc1SF-A",
				"chain7_psfc1SF-B",
				"chain7_psfc1SF-C",
				"chain7_psfc1SF-D"
			]
		},
		{
			"name":"chain8_psfc1",
			"flowname":"Ingress8-Egress8",
			"source":"Ingress8",
			"destination":"Egress8",
			"sfc_Demand":"chain8",
			"starttime":0,
			"expectedduration":500,
			"sfc":[
				"chain8_psfc1SF-A",
				"chain8_psfc1SF-C",
				"chain8_psfc1SF-D",
				"chain8_psfc1SF-E"
			]
		},
		{
			"name":"chain9_psfc1",
			"flowname":"Ingress9-Egress9",
			"source":"Ingress9",
			"destination":"Egress9",
			"sfc_Demand":"chain9",
			"starttime":0,
			"expectedduration":500,
			"sfc":[
				"chain9_psfc1SF-A",
				"chain9_psfc1SF-C"
			]
		},
		{
			"name":"chain10_psfc1",
			"flowname":"Ingress10-Egress10",
			"source":"Ingress10",
			"destination":"Egress10",
			"sfc_Demand":"chain10",
			"starttime":0,
			"expectedduration":500,
			"sfc":[
				"chain10_psfc1SF-A",
				"chain10_psfc1SF-E"
			]
		},
		{
			"name":"chain11_psfc1",
			"flowname":"Ingress11-Egress11",
			"source":"Ingress11",
			"destination":"Egress11",
			"sfc_Demand":"chain11",
			"starttime":0,
			"expectedduration":500,
			"sfc":[
				"chain11_psfc1SF-B",
				"chain11_psfc1SF-C",
				"chain11_psfc1SF-D",
				"chain11_psfc1SF-E"
			]
		},
		{
			"name":"chain12_psfc1",
			"flowname":"Ingress12-Egress12",
			"source":"Ingress12",
			"destination":"Egress12",
			"sfc_Demand":"chain12",
			"starttime":0,
			"expectedduration":500,
			"sfc":[
				"chain12_psfc1SF-A",
				"chain12_psfc1SF-D",
				"chain12_psfc1SF-E"
			]
		},
		{
			"name":"chain13_psfc1",
			"flowname":"Ingress13-Egress13",
			"source":"Ingress13",
			"destination":"Egress13",
			"sfc_Demand":"chain13",
			"starttime":0,
			"expectedduration":500,
			"sfc":[
				"chain13_psfc1SF-B",
				"chain13_psfc1SF-D"
			]
		},
		{
			"name":"chain14_psfc1",
			"flowname":"Ingress14-Egress14",
			"source":"Ingress14",
			"destination":"Egress14",
			"sfc_Demand":"chain14",
			"starttime":0,
			"expectedduration":500,
			"sfc":[
				"chain14_psfc1SF-B",
				"chain14_psfc1SF-C",
				"chain14_psfc1SF-D",
				"chain14_psfc1SF-E"
			]
		},
		{
			"name":"chain15_psfc1",
			"flowname":"Ingress15-Egress15",
			"source":"Ingress15",
			"destination":"Egress15",
			"sfc_Demand":"chain15",
			"starttime":0,
			"expectedduration":500,
			"sfc":[
				"chain15_psfc1SF-A",
				"chain15_psfc1SF-B",
				"chain15_psfc1SF-D",
				"chain15_psfc1SF-E"
			]
		},
		{
			"name":"chain16_psfc1",
			"flowname":"Ingress16-Egress16",
			"source":"Ingress16",
			"destination":"Egress16",
			"sfc_Demand":"chain16",
			"starttime":0,
			"expectedduration":500,
			"sfc":[
				"chain16_psfc1SF-A",
				"chain16_psfc1SF-B",
				"chain16_psfc1SF-D"
			]
		},
		{
			"name":"chain17_psfc1",
			"flowname":"Ingress17-Egress17",
			"source":"Ingress17",
			"destination":"Egress17",
			"sfc_Demand":"chain17",
			"starttime":0,
			"expectedduration":500,
			"sfc":[
				"chain17_psfc1SF-A",
				"chain17_psfc1SF-C",
				"chain17_psfc1SF-D",
				"chain17_psfc1SF-E"
			]
		},
		{
			"name":"chain18_psfc1",
			"flowname":"Ingress18-Egress18",
			"source":"Ingress18",
			"destination":"Egress18",
			"sfc_Demand":"chain18",
			"starttime":0,
			"expectedduration":500,
			"sfc":[
				"chain18_psfc1SF-A",
				"chain18_psfc1SF-C"
			]
		},
		{
			"name":"chain19_psfc1",
			"flowname":"Ingress19-Egress19",
			"source":"Ingress19",
			"destination":"Egress19",
			"sfc_Demand":"chain19",
			"starttime":0,
			"expectedduration":500,
			"sfc":[
				"chain19_psfc1SF-B",
				"chain19_psfc1SF-D",
				"chain19_psfc1SF-E"
			]
		},
		{
			"name":"chain20_psfc1",
			"flowname":"Ingress20-Egress20",
			"source":"Ingress20",
			"destination":"Egress20",
			"sfc_Demand":"chain20",
			"starttime":0,
			"expectedduration":500,
			"sfc":[
				"chain20_psfc1SF-A",
				"chain20_psfc1SF-B",
				"chain20_psfc1SF-C",
				"chain20_psfc1SF-E"
			]
		}
	]
}